candidate_name,candidate_normalized,candidate_source,similar_canonical_skill,canonical_normalized,resolution_status,reason
2AB iLock Security Services,2ab ilock security services,O*NET,Database Security,database security,FLAGGED_FOR_REVIEW,Token overlap or partial substring - DO NOT AUTO MERGE
Abacus Data Solutions HearWare,abacus data solutions hearware,O*NET,Data Structures,data structures,FLAGGED_FOR_REVIEW,Token overlap or partial substring - DO NOT AUTO MERGE
Abacus Data Systems AbacusLaw,abacus data systems abacuslaw,O*NET,Data Structures,data structures,FLAGGED_FOR_REVIEW,Token overlap or partial substring - DO NOT AUTO MERGE
accept criticism and guidance,accept criticism and guidance,ESCO,Routing and Switching,routing and switching,FLAGGED_FOR_REVIEW,Token overlap or partial substring - DO NOT AUTO MERGE
Active Data Online WebChat,active data online webchat,O*NET,Data Structures,data structures,FLAGGED_FOR_REVIEW,Token overlap or partial substring - DO NOT AUTO MERGE
Active Learning,active learning,O*NET,Machine Learning,machine learning,FLAGGED_FOR_REVIEW,Token overlap or partial substring - DO NOT AUTO MERGE
Active Network EventRegister,active network eventregister,O*NET,Network Security,network security,FLAGGED_FOR_REVIEW,Token overlap or partial substring - DO NOT AUTO MERGE
Actuarial Systems Corporation Document Generation and Management System,actuarial systems corporation document generation and management system,O*NET,Routing and Switching,routing and switching,FLAGGED_FOR_REVIEW,Token overlap or partial substring - DO NOT AUTO MERGE
adhere to health well-being and safety,adhere to health well-being and safety,ESCO,Routing and Switching,routing and switching,FLAGGED_FOR_REVIEW,Token overlap or partial substring - DO NOT AUTO MERGE
adhere to standards of national and international safety programmes,adhere to standards of national and international safety programmes,ESCO,Routing and Switching,routing and switching,FLAGGED_FOR_REVIEW,Token overlap or partial substring - DO NOT AUTO MERGE
adjust foil printing machine,adjust foil printing machine,ESCO,Machine Learning,machine learning,FLAGGED_FOR_REVIEW,Token overlap or partial substring - DO NOT AUTO MERGE
adjust paper bag machine,adjust paper bag machine,ESCO,Machine Learning,machine learning,FLAGGED_FOR_REVIEW,Token overlap or partial substring - DO NOT AUTO MERGE
adjust paper stitching machine,adjust paper stitching machine,ESCO,Machine Learning,machine learning,FLAGGED_FOR_REVIEW,Token overlap or partial substring - DO NOT AUTO MERGE
adjust vulcanizing machine,adjust vulcanizing machine,ESCO,Machine Learning,machine learning,FLAGGED_FOR_REVIEW,Token overlap or partial substring - DO NOT AUTO MERGE
ADL Data Systems OptimumClinicals Electronic Health Record,adl data systems optimumclinicals electronic health record,O*NET,Data Structures,data structures,FLAGGED_FOR_REVIEW,Token overlap or partial substring - DO NOT AUTO MERGE
Administration and Management,administration and management,O*NET,Routing and Switching,routing and switching,FLAGGED_FOR_REVIEW,Token overlap or partial substring - DO NOT AUTO MERGE
"Admissions, discharge, and transfer ADT software","admissions, discharge, and transfer adt software",O*NET,Routing and Switching,routing and switching,FLAGGED_FOR_REVIEW,Token overlap or partial substring - DO NOT AUTO MERGE
adopt ways to foster biodiversity and animal welfare,adopt ways to foster biodiversity and animal welfare,ESCO,Routing and Switching,routing and switching,FLAGGED_FOR_REVIEW,Token overlap or partial substring - DO NOT AUTO MERGE
Advanced Data Systems MedicsDocAssistant for Pediatrics,advanced data systems medicsdocassistant for pediatrics,O*NET,Data Structures,data structures,FLAGGED_FOR_REVIEW,Token overlap or partial substring - DO NOT AUTO MERGE
Advanced Data Systems MedicsRis,advanced data systems medicsris,O*NET,Data Structures,data structures,FLAGGED_FOR_REVIEW,Token overlap or partial substring - DO NOT AUTO MERGE
Advanced Processing and Imaging OptiView ECM,advanced processing and imaging optiview ecm,O*NET,Routing and Switching,routing and switching,FLAGGED_FOR_REVIEW,Token overlap or partial substring - DO NOT AUTO MERGE
Advanced technologies and oceanic procedures ATOP,advanced technologies and oceanic procedures atop,O*NET,Routing and Switching,routing and switching,FLAGGED_FOR_REVIEW,Token overlap or partial substring - DO NOT AUTO MERGE
advice on security risk management,advice on security risk management,ESCO,Database Security,database security,FLAGGED_FOR_REVIEW,Token overlap or partial substring - DO NOT AUTO MERGE
advise customers on food and drinks pairing,advise customers on food and drinks pairing,ESCO,Routing and Switching,routing and switching,FLAGGED_FOR_REVIEW,Token overlap or partial substring - DO NOT AUTO MERGE
advise customers on jewellery and watches,advise customers on jewellery and watches,ESCO,Routing and Switching,routing and switching,FLAGGED_FOR_REVIEW,Token overlap or partial substring - DO NOT AUTO MERGE
advise customers on power requirements of products,advise customers on power requirements of products,ESCO,Power BI,power bi,FLAGGED_FOR_REVIEW,Token overlap or partial substring - DO NOT AUTO MERGE
advise customers on preparation of fruits and vegetables,advise customers on preparation of fruits and vegetables,ESCO,Routing and Switching,routing and switching,FLAGGED_FOR_REVIEW,Token overlap or partial substring - DO NOT AUTO MERGE
advise customers on storage of fruits and vegetables,advise customers on storage of fruits and vegetables,ESCO,Routing and Switching,routing and switching,FLAGGED_FOR_REVIEW,Token overlap or partial substring - DO NOT AUTO MERGE
advise on fertiliser and herbicide,advise on fertiliser and herbicide,ESCO,Routing and Switching,routing and switching,FLAGGED_FOR_REVIEW,Token overlap or partial substring - DO NOT AUTO MERGE
advise on learning methods,advise on learning methods,ESCO,Machine Learning,machine learning,FLAGGED_FOR_REVIEW,Token overlap or partial substring - DO NOT AUTO MERGE
advise on machine maintenance,advise on machine maintenance,ESCO,Machine Learning,machine learning,FLAGGED_FOR_REVIEW,Token overlap or partial substring - DO NOT AUTO MERGE
advise on security staff selection,advise on security staff selection,ESCO,Database Security,database security,FLAGGED_FOR_REVIEW,Token overlap or partial substring - DO NOT AUTO MERGE
advise on social security benefits,advise on social security benefits,ESCO,Database Security,database security,FLAGGED_FOR_REVIEW,Token overlap or partial substring - DO NOT AUTO MERGE
advise on soil and water protection,advise on soil and water protection,ESCO,Routing and Switching,routing and switching,FLAGGED_FOR_REVIEW,Token overlap or partial substring - DO NOT AUTO MERGE
advise on strengthening security,advise on strengthening security,ESCO,Database Security,database security,FLAGGED_FOR_REVIEW,Token overlap or partial substring - DO NOT AUTO MERGE
"agricultural raw materials, seeds and animal feed products","agricultural raw materials, seeds and animal feed products",ESCO,Routing and Switching,routing and switching,FLAGGED_FOR_REVIEW,Token overlap or partial substring - DO NOT AUTO MERGE
Aknaf ADVANTAGE Salon Software and Spa Software,aknaf advantage salon software and spa software,O*NET,Routing and Switching,routing and switching,FLAGGED_FOR_REVIEW,Token overlap or partial substring - DO NOT AUTO MERGE
allergic cosmetics reactions,allergic cosmetics reactions,ESCO,React,react,FLAGGED_FOR_REVIEW,Token overlap or partial substring - DO NOT AUTO MERGE
AltaPoint Data Systems AltaPoint Dental,altapoint data systems altapoint dental,O*NET,Data Structures,data structures,FLAGGED_FOR_REVIEW,Token overlap or partial substring - DO NOT AUTO MERGE
AltaPoint Data Systems AltaPoint Vision,altapoint data systems altapoint vision,O*NET,Data Structures,data structures,FLAGGED_FOR_REVIEW,Token overlap or partial substring - DO NOT AUTO MERGE
Amazon Data Pipeline,amazon data pipeline,O*NET,Data Structures,data structures,FLAGGED_FOR_REVIEW,Token overlap or partial substring - DO NOT AUTO MERGE
Amazon Web Services AWS CloudFormation,amazon web services aws cloudformation,O*NET,AWS,aws,FLAGGED_FOR_REVIEW,Token overlap or partial substring - DO NOT AUTO MERGE
Amazon Web Services AWS SageMaker,amazon web services aws sagemaker,O*NET,AWS,aws,FLAGGED_FOR_REVIEW,Token overlap or partial substring - DO NOT AUTO MERGE
Amazon Web Services AWS software,amazon web services aws software,O*NET,AWS,aws,FLAGGED_FOR_REVIEW,Token overlap or partial substring - DO NOT AUTO MERGE
American Data Systems PAWS Veterinary Practice Management,american data systems paws veterinary practice management,O*NET,AWS,aws,FLAGGED_FOR_REVIEW,Token overlap or partial substring - DO NOT AUTO MERGE
American Orthotic and Prosthetic Association CodingPro,american orthotic and prosthetic association codingpro,O*NET,Routing and Switching,routing and switching,FLAGGED_FOR_REVIEW,Token overlap or partial substring - DO NOT AUTO MERGE
American Precision Instruments Regit,american precision instruments regit,O*NET,Git,git,FLAGGED_FOR_REVIEW,Token overlap or partial substring - DO NOT AUTO MERGE
AMS Services AMS Sagitta,ams services ams sagitta,O*NET,Git,git,FLAGGED_FOR_REVIEW,Token overlap or partial substring - DO NOT AUTO MERGE
analyse big data,analyse big data,ESCO,Data Structures,data structures,FLAGGED_FOR_REVIEW,Token overlap or partial substring - DO NOT AUTO MERGE
analyse data about clients,analyse data about clients,ESCO,Data Structures,data structures,FLAGGED_FOR_REVIEW,Token overlap or partial substring - DO NOT AUTO MERGE
analyse data for aeronautical publications,analyse data for aeronautical publications,ESCO,Data Structures,data structures,FLAGGED_FOR_REVIEW,Token overlap or partial substring - DO NOT AUTO MERGE
analyse data for policy decisions in trade,analyse data for policy decisions in trade,ESCO,Data Structures,data structures,FLAGGED_FOR_REVIEW,Token overlap or partial substring - DO NOT AUTO MERGE
analyse ecological data,analyse ecological data,ESCO,Data Structures,data structures,FLAGGED_FOR_REVIEW,Token overlap or partial substring - DO NOT AUTO MERGE
analyse environmental data,analyse environmental data,ESCO,Data Structures,data structures,FLAGGED_FOR_REVIEW,Token overlap or partial substring - DO NOT AUTO MERGE
analyse experimental laboratory data,analyse experimental laboratory data,ESCO,Data Structures,data structures,FLAGGED_FOR_REVIEW,Token overlap or partial substring - DO NOT AUTO MERGE
analyse gambling data,analyse gambling data,ESCO,Data Structures,data structures,FLAGGED_FOR_REVIEW,Token overlap or partial substring - DO NOT AUTO MERGE
analyse large-scale data in healthcare,analyse large-scale data in healthcare,ESCO,Data Structures,data structures,FLAGGED_FOR_REVIEW,Token overlap or partial substring - DO NOT AUTO MERGE
analyse network bandwidth requirements,analyse network bandwidth requirements,ESCO,Network Security,network security,FLAGGED_FOR_REVIEW,Token overlap or partial substring - DO NOT AUTO MERGE
analyse network configuration and performance,analyse network configuration and performance,ESCO,Routing and Switching,routing and switching,FLAGGED_FOR_REVIEW,Token overlap or partial substring - DO NOT AUTO MERGE
analyse oil operations data,analyse oil operations data,ESCO,Data Structures,data structures,FLAGGED_FOR_REVIEW,Token overlap or partial substring - DO NOT AUTO MERGE
analyse pipeline database information,analyse pipeline database information,ESCO,Database Security,database security,FLAGGED_FOR_REVIEW,Token overlap or partial substring - DO NOT AUTO MERGE
analyse potential threats against national security,analyse potential threats against national security,ESCO,Database Security,database security,FLAGGED_FOR_REVIEW,Token overlap or partial substring - DO NOT AUTO MERGE
analyse relation between supply chain improvement and profit,analyse relation between supply chain improvement and profit,ESCO,Routing and Switching,routing and switching,FLAGGED_FOR_REVIEW,Token overlap or partial substring - DO NOT AUTO MERGE
analyse samples of food and beverages,analyse samples of food and beverages,ESCO,Routing and Switching,routing and switching,FLAGGED_FOR_REVIEW,Token overlap or partial substring - DO NOT AUTO MERGE
analyse scanned data of the body,analyse scanned data of the body,ESCO,Data Structures,data structures,FLAGGED_FOR_REVIEW,Token overlap or partial substring - DO NOT AUTO MERGE
analyse scientific data,analyse scientific data,ESCO,Data Structures,data structures,FLAGGED_FOR_REVIEW,Token overlap or partial substring - DO NOT AUTO MERGE
analyse test data,analyse test data,ESCO,Data Structures,data structures,FLAGGED_FOR_REVIEW,Token overlap or partial substring - DO NOT AUTO MERGE
analyse trends in the food and beverage industries,analyse trends in the food and beverage industries,ESCO,Routing and Switching,routing and switching,FLAGGED_FOR_REVIEW,Token overlap or partial substring - DO NOT AUTO MERGE
Analysis and building software,analysis and building software,O*NET,Routing and Switching,routing and switching,FLAGGED_FOR_REVIEW,Token overlap or partial substring - DO NOT AUTO MERGE
Analysis and Visualization of Time Sequences AVTS,analysis and visualization of time sequences avts,O*NET,Routing and Switching,routing and switching,FLAGGED_FOR_REVIEW,Token overlap or partial substring - DO NOT AUTO MERGE
Anasazi Software Assessment and Treatment Plan Systems,anasazi software assessment and treatment plan systems,O*NET,Routing and Switching,routing and switching,FLAGGED_FOR_REVIEW,Token overlap or partial substring - DO NOT AUTO MERGE
Anasazi Software Client Data System,anasazi software client data system,O*NET,Data Structures,data structures,FLAGGED_FOR_REVIEW,Token overlap or partial substring - DO NOT AUTO MERGE
Anesthesia machine software,anesthesia machine software,O*NET,Machine Learning,machine learning,FLAGGED_FOR_REVIEW,Token overlap or partial substring - DO NOT AUTO MERGE
Applied Software Technologies Asset Maintenance and Materials Management System,applied software technologies asset maintenance and materials management system,O*NET,Routing and Switching,routing and switching,FLAGGED_FOR_REVIEW,Token overlap or partial substring - DO NOT AUTO MERGE
apply airport standards and regulations,apply airport standards and regulations,ESCO,Routing and Switching,routing and switching,FLAGGED_FOR_REVIEW,Token overlap or partial substring - DO NOT AUTO MERGE
apply alternate wetting and drying techniques,apply alternate wetting and drying techniques,ESCO,Routing and Switching,routing and switching,FLAGGED_FOR_REVIEW,Token overlap or partial substring - DO NOT AUTO MERGE
apply basic rules of maintenance to leather goods and footwear machinery,apply basic rules of maintenance to leather goods and footwear machinery,ESCO,Routing and Switching,routing and switching,FLAGGED_FOR_REVIEW,Token overlap or partial substring - DO NOT AUTO MERGE
apply blended learning,apply blended learning,ESCO,Machine Learning,machine learning,FLAGGED_FOR_REVIEW,Token overlap or partial substring - DO NOT AUTO MERGE
apply certification and payment procedures,apply certification and payment procedures,ESCO,Routing and Switching,routing and switching,FLAGGED_FOR_REVIEW,Token overlap or partial substring - DO NOT AUTO MERGE
apply deep tissue massage,apply deep tissue massage,ESCO,Deep Learning,deep learning,FLAGGED_FOR_REVIEW,Token overlap or partial substring - DO NOT AUTO MERGE
apply different dehydration processes of fruits and vegetables,apply different dehydration processes of fruits and vegetables,ESCO,Routing and Switching,routing and switching,FLAGGED_FOR_REVIEW,Token overlap or partial substring - DO NOT AUTO MERGE
apply digital mapping,apply digital mapping,ESCO,Git,git,FLAGGED_FOR_REVIEW,Token overlap or partial substring - DO NOT AUTO MERGE
apply digital security measures,apply digital security measures,ESCO,Git,git,FLAGGED_FOR_REVIEW,Token overlap or partial substring - DO NOT AUTO MERGE
apply electrolytes to cathodes and anodes,apply electrolytes to cathodes and anodes,ESCO,Routing and Switching,routing and switching,FLAGGED_FOR_REVIEW,Token overlap or partial substring - DO NOT AUTO MERGE
apply fashion trends to footwear and leather goods,apply fashion trends to footwear and leather goods,ESCO,Routing and Switching,routing and switching,FLAGGED_FOR_REVIEW,Token overlap or partial substring - DO NOT AUTO MERGE
apply footwear and leather goods quality control techniques,apply footwear and leather goods quality control techniques,ESCO,Routing and Switching,routing and switching,FLAGGED_FOR_REVIEW,Token overlap or partial substring - DO NOT AUTO MERGE
apply grammar and spelling rules,apply grammar and spelling rules,ESCO,Routing and Switching,routing and switching,FLAGGED_FOR_REVIEW,Token overlap or partial substring - DO NOT AUTO MERGE
apply health and safety standards,apply health and safety standards,ESCO,Routing and Switching,routing and switching,FLAGGED_FOR_REVIEW,Token overlap or partial substring - DO NOT AUTO MERGE
apply health and safety when picking,apply health and safety when picking,ESCO,Routing and Switching,routing and switching,FLAGGED_FOR_REVIEW,Token overlap or partial substring - DO NOT AUTO MERGE
apply horticultural standards and practices,apply horticultural standards and practices,ESCO,Routing and Switching,routing and switching,FLAGGED_FOR_REVIEW,Token overlap or partial substring - DO NOT AUTO MERGE
apply information security policies,apply information security policies,ESCO,Database Security,database security,FLAGGED_FOR_REVIEW,Token overlap or partial substring - DO NOT AUTO MERGE
"apply knowledge of philosophy, ethics and religion","apply knowledge of philosophy, ethics and religion",ESCO,Routing and Switching,routing and switching,FLAGGED_FOR_REVIEW,Token overlap or partial substring - DO NOT AUTO MERGE
"apply knowledge of science, technology and engineering","apply knowledge of science, technology and engineering",ESCO,Routing and Switching,routing and switching,FLAGGED_FOR_REVIEW,Token overlap or partial substring - DO NOT AUTO MERGE
apply knowledge of social sciences and humanities,apply knowledge of social sciences and humanities,ESCO,Routing and Switching,routing and switching,FLAGGED_FOR_REVIEW,Token overlap or partial substring - DO NOT AUTO MERGE
apply machine cutting techniques for footwear and leather goods,apply machine cutting techniques for footwear and leather goods,ESCO,Machine Learning,machine learning,FLAGGED_FOR_REVIEW,Token overlap or partial substring - DO NOT AUTO MERGE
apply methods for footwear and leather goods manufacturing,apply methods for footwear and leather goods manufacturing,ESCO,Routing and Switching,routing and switching,FLAGGED_FOR_REVIEW,Token overlap or partial substring - DO NOT AUTO MERGE
apply procedures and regulations for eco-labelling,apply procedures and regulations for eco-labelling,ESCO,Routing and Switching,routing and switching,FLAGGED_FOR_REVIEW,Token overlap or partial substring - DO NOT AUTO MERGE
apply requirements concerning manufacturing of food and beverages,apply requirements concerning manufacturing of food and beverages,ESCO,Routing and Switching,routing and switching,FLAGGED_FOR_REVIEW,Token overlap or partial substring - DO NOT AUTO MERGE
apply research ethics and scientific integrity principles in research activities,apply research ethics and scientific integrity principles in research activities,ESCO,Routing and Switching,routing and switching,FLAGGED_FOR_REVIEW,Token overlap or partial substring - DO NOT AUTO MERGE
appreciate diverse cultural and artistic expression,appreciate diverse cultural and artistic expression,ESCO,Routing and Switching,routing and switching,FLAGGED_FOR_REVIEW,Token overlap or partial substring - DO NOT AUTO MERGE
ArcSight Enterprise Threat and Risk Management,arcsight enterprise threat and risk management,O*NET,Routing and Switching,routing and switching,FLAGGED_FOR_REVIEW,Token overlap or partial substring - DO NOT AUTO MERGE
Argosy Legal Systems Power Closer,argosy legal systems power closer,O*NET,Power BI,power bi,FLAGGED_FOR_REVIEW,Token overlap or partial substring - DO NOT AUTO MERGE
arrange security of goods for auction,arrange security of goods for auction,ESCO,Database Security,database security,FLAGGED_FOR_REVIEW,Token overlap or partial substring - DO NOT AUTO MERGE
AS/400 Database,as/400 database,O*NET,Database Security,database security,FLAGGED_FOR_REVIEW,Token overlap or partial substring - DO NOT AUTO MERGE
assemble health and safety resources in cultural venues,assemble health and safety resources in cultural venues,ESCO,Routing and Switching,routing and switching,FLAGGED_FOR_REVIEW,Token overlap or partial substring - DO NOT AUTO MERGE
assembling processes and techniques for california footwear construction,assembling processes and techniques for california footwear construction,ESCO,Routing and Switching,routing and switching,FLAGGED_FOR_REVIEW,Token overlap or partial substring - DO NOT AUTO MERGE
assembling processes and techniques for cemented footwear construction,assembling processes and techniques for cemented footwear construction,ESCO,Routing and Switching,routing and switching,FLAGGED_FOR_REVIEW,Token overlap or partial substring - DO NOT AUTO MERGE
assembling processes and techniques for goodyear footwear construction,assembling processes and techniques for goodyear footwear construction,ESCO,Routing and Switching,routing and switching,FLAGGED_FOR_REVIEW,Token overlap or partial substring - DO NOT AUTO MERGE
assess areas for power line installation,assess areas for power line installation,ESCO,Power BI,power bi,FLAGGED_FOR_REVIEW,Token overlap or partial substring - DO NOT AUTO MERGE
assess clients' drug and alcohol addictions,assess clients' drug and alcohol addictions,ESCO,Routing and Switching,routing and switching,FLAGGED_FOR_REVIEW,Token overlap or partial substring - DO NOT AUTO MERGE
assess data collected to improve community arts programme,assess data collected to improve community arts programme,ESCO,Data Structures,data structures,FLAGGED_FOR_REVIEW,Token overlap or partial substring - DO NOT AUTO MERGE
assess heating and cooling systems,assess heating and cooling systems,ESCO,Routing and Switching,routing and switching,FLAGGED_FOR_REVIEW,Token overlap or partial substring - DO NOT AUTO MERGE
assess power needs,assess power needs,ESCO,Power BI,power bi,FLAGGED_FOR_REVIEW,Token overlap or partial substring - DO NOT AUTO MERGE
assess prior learning,assess prior learning,ESCO,Machine Learning,machine learning,FLAGGED_FOR_REVIEW,Token overlap or partial substring - DO NOT AUTO MERGE
assess reliability of data,assess reliability of data,ESCO,Data Structures,data structures,FLAGGED_FOR_REVIEW,Token overlap or partial substring - DO NOT AUTO MERGE
assess risks and implications of a design,assess risks and implications of a design,ESCO,Routing and Switching,routing and switching,FLAGGED_FOR_REVIEW,Token overlap or partial substring - DO NOT AUTO MERGE
assess students' preliminary learning experiences,assess students' preliminary learning experiences,ESCO,Machine Learning,machine learning,FLAGGED_FOR_REVIEW,Token overlap or partial substring - DO NOT AUTO MERGE
assess the compatibility of individuals and animals to work together,assess the compatibility of individuals and animals to work together,ESCO,Routing and Switching,routing and switching,FLAGGED_FOR_REVIEW,Token overlap or partial substring - DO NOT AUTO MERGE
assessment of risks and threats,assessment of risks and threats,ESCO,Routing and Switching,routing and switching,FLAGGED_FOR_REVIEW,Token overlap or partial substring - DO NOT AUTO MERGE
assist customers in selecting music and video recordings,assist customers in selecting music and video recordings,ESCO,Routing and Switching,routing and switching,FLAGGED_FOR_REVIEW,Token overlap or partial substring - DO NOT AUTO MERGE
assist during take off and landing,assist during take off and landing,ESCO,Routing and Switching,routing and switching,FLAGGED_FOR_REVIEW,Token overlap or partial substring - DO NOT AUTO MERGE
assist students in their learning,assist students in their learning,ESCO,Machine Learning,machine learning,FLAGGED_FOR_REVIEW,Token overlap or partial substring - DO NOT AUTO MERGE
Association for Computing Machinery Digital Library,association for computing machinery digital library,O*NET,Git,git,FLAGGED_FOR_REVIEW,Token overlap or partial substring - DO NOT AUTO MERGE
Aster Data nCluster,aster data ncluster,O*NET,Data Structures,data structures,FLAGGED_FOR_REVIEW,Token overlap or partial substring - DO NOT AUTO MERGE
attach power cords to electric module,attach power cords to electric module,ESCO,Power BI,power bi,FLAGGED_FOR_REVIEW,Token overlap or partial substring - DO NOT AUTO MERGE
attend to detail regarding food and beverages,attend to detail regarding food and beverages,ESCO,Routing and Switching,routing and switching,FLAGGED_FOR_REVIEW,Token overlap or partial substring - DO NOT AUTO MERGE
Audit planning and control environment software,audit planning and control environment software,O*NET,Routing and Switching,routing and switching,FLAGGED_FOR_REVIEW,Token overlap or partial substring - DO NOT AUTO MERGE
AuditWare financial reporting and auditing software,auditware financial reporting and auditing software,O*NET,Routing and Switching,routing and switching,FLAGGED_FOR_REVIEW,Token overlap or partial substring - DO NOT AUTO MERGE
Automated Data Collection System ADCS,automated data collection system adcs,O*NET,Data Structures,data structures,FLAGGED_FOR_REVIEW,Token overlap or partial substring - DO NOT AUTO MERGE
Automated system for customs data ASYCUDA,automated system for customs data asycuda,O*NET,Data Structures,data structures,FLAGGED_FOR_REVIEW,Token overlap or partial substring - DO NOT AUTO MERGE
automatic cutting systems for footwear and leather goods,automatic cutting systems for footwear and leather goods,ESCO,Routing and Switching,routing and switching,FLAGGED_FOR_REVIEW,Token overlap or partial substring - DO NOT AUTO MERGE
Automatic Data Processing AdvancedMD EHR,automatic data processing advancedmd ehr,O*NET,Data Structures,data structures,FLAGGED_FOR_REVIEW,Token overlap or partial substring - DO NOT AUTO MERGE
Automatic Data Processing Autosource,automatic data processing autosource,O*NET,Data Structures,data structures,FLAGGED_FOR_REVIEW,Token overlap or partial substring - DO NOT AUTO MERGE
Automatic Data Processing Claims Manager & Dispatch,automatic data processing claims manager & dispatch,O*NET,Data Structures,data structures,FLAGGED_FOR_REVIEW,Token overlap or partial substring - DO NOT AUTO MERGE
Automatic Data Processing Estimating,automatic data processing estimating,O*NET,Data Structures,data structures,FLAGGED_FOR_REVIEW,Token overlap or partial substring - DO NOT AUTO MERGE
Automatic Data Processing PC payroll for windows PCPW,automatic data processing pc payroll for windows pcpw,O*NET,Data Structures,data structures,FLAGGED_FOR_REVIEW,Token overlap or partial substring - DO NOT AUTO MERGE
Automatic Data Processing ProxyEdge,automatic data processing proxyedge,O*NET,Data Structures,data structures,FLAGGED_FOR_REVIEW,Token overlap or partial substring - DO NOT AUTO MERGE
Automatic routing software,automatic routing software,O*NET,Routing and Switching,routing and switching,FLAGGED_FOR_REVIEW,Token overlap or partial substring - DO NOT AUTO MERGE
Automotive and Accounting Software by R*KOM Invoice Writer,automotive and accounting software by r*kom invoice writer,O*NET,Routing and Switching,routing and switching,FLAGGED_FOR_REVIEW,Token overlap or partial substring - DO NOT AUTO MERGE
aviation standards and recommended practices,aviation standards and recommended practices,ESCO,Routing and Switching,routing and switching,FLAGGED_FOR_REVIEW,Token overlap or partial substring - DO NOT AUTO MERGE
AWS Elastic MapReduce (EMR),aws elastic mapreduce (emr),O*NET,AWS,aws,FLAGGED_FOR_REVIEW,Token overlap or partial substring - DO NOT AUTO MERGE
Axonwave Fraud and Abuse Management System,axonwave fraud and abuse management system,O*NET,Routing and Switching,routing and switching,FLAGGED_FOR_REVIEW,Token overlap or partial substring - DO NOT AUTO MERGE
Backup and archival software,backup and archival software,O*NET,Routing and Switching,routing and switching,FLAGGED_FOR_REVIEW,Token overlap or partial substring - DO NOT AUTO MERGE
balance database resources,balance database resources,ESCO,Database Security,database security,FLAGGED_FOR_REVIEW,Token overlap or partial substring - DO NOT AUTO MERGE
balance the project requirements with health and safety concerns,balance the project requirements with health and safety concerns,ESCO,Routing and Switching,routing and switching,FLAGGED_FOR_REVIEW,Token overlap or partial substring - DO NOT AUTO MERGE
Bargaining Power,bargaining power,O*NET,Power BI,power bi,FLAGGED_FOR_REVIEW,Token overlap or partial substring - DO NOT AUTO MERGE
Baron Volumetric Imaging and Processing of Integrated Radar VIPIR,baron volumetric imaging and processing of integrated radar vipir,O*NET,Routing and Switching,routing and switching,FLAGGED_FOR_REVIEW,Token overlap or partial substring - DO NOT AUTO MERGE
Beeline Learning Management System LMS,beeline learning management system lms,O*NET,Machine Learning,machine learning,FLAGGED_FOR_REVIEW,Token overlap or partial substring - DO NOT AUTO MERGE
Behavioral Assessment and Research System BARS,behavioral assessment and research system bars,O*NET,Routing and Switching,routing and switching,FLAGGED_FOR_REVIEW,Token overlap or partial substring - DO NOT AUTO MERGE
Bentley Transportation Data Manager,bentley transportation data manager,O*NET,Data Structures,data structures,FLAGGED_FOR_REVIEW,Token overlap or partial substring - DO NOT AUTO MERGE
Billing and invoicing software,billing and invoicing software,O*NET,Routing and Switching,routing and switching,FLAGGED_FOR_REVIEW,Token overlap or partial substring - DO NOT AUTO MERGE
Billing and reimbursement software,billing and reimbursement software,O*NET,Routing and Switching,routing and switching,FLAGGED_FOR_REVIEW,Token overlap or partial substring - DO NOT AUTO MERGE
Bing for Power BI,bing for power bi,O*NET,Power BI,power bi,FLAGGED_FOR_REVIEW,Token overlap or partial substring - DO NOT AUTO MERGE
Biodegration flow and transport modeling software,biodegration flow and transport modeling software,O*NET,Routing and Switching,routing and switching,FLAGGED_FOR_REVIEW,Token overlap or partial substring - DO NOT AUTO MERGE
Bioreactor Design,bioreactor design,O*NET,React,react,FLAGGED_FOR_REVIEW,Token overlap or partial substring - DO NOT AUTO MERGE
biostatistics,biostatistics,ESCO,Statistics,statistics,FLAGGED_FOR_REVIEW,Token overlap or partial substring - DO NOT AUTO MERGE
Blackboard Learning System,blackboard learning system,O*NET,Machine Learning,machine learning,FLAGGED_FOR_REVIEW,Token overlap or partial substring - DO NOT AUTO MERGE
blanching machine process,blanching machine process,ESCO,Machine Learning,machine learning,FLAGGED_FOR_REVIEW,Token overlap or partial substring - DO NOT AUTO MERGE
Blaster's Tool and Supply Company Blaster's Calculator,blaster's tool and supply company blaster's calculator,O*NET,Routing and Switching,routing and switching,FLAGGED_FOR_REVIEW,Token overlap or partial substring - DO NOT AUTO MERGE
blockchain applications security principles,blockchain applications security principles,ESCO,Database Security,database security,FLAGGED_FOR_REVIEW,Token overlap or partial substring - DO NOT AUTO MERGE
blow moulding machine parts,blow moulding machine parts,ESCO,Machine Learning,machine learning,FLAGGED_FOR_REVIEW,Token overlap or partial substring - DO NOT AUTO MERGE
BNA Estate and Gift Tax Suite,bna estate and gift tax suite,O*NET,Routing and Switching,routing and switching,FLAGGED_FOR_REVIEW,Token overlap or partial substring - DO NOT AUTO MERGE
BNA Sales and Use Tax Rates and Forms,bna sales and use tax rates and forms,O*NET,Routing and Switching,routing and switching,FLAGGED_FOR_REVIEW,Token overlap or partial substring - DO NOT AUTO MERGE
Boeing Kork Digital Mapping,boeing kork digital mapping,O*NET,Git,git,FLAGGED_FOR_REVIEW,Token overlap or partial substring - DO NOT AUTO MERGE
Bourque Data Systems YardMaster,bourque data systems yardmaster,O*NET,Data Structures,data structures,FLAGGED_FOR_REVIEW,Token overlap or partial substring - DO NOT AUTO MERGE
Brainshark Rapid Learning,brainshark rapid learning,O*NET,Machine Learning,machine learning,FLAGGED_FOR_REVIEW,Token overlap or partial substring - DO NOT AUTO MERGE
"browse, search and filter data, information and digital content","browse, search and filter data, information and digital content",ESCO,Git,git,FLAGGED_FOR_REVIEW,Token overlap or partial substring - DO NOT AUTO MERGE
"Budgeting, forecasting, and planning software","budgeting, forecasting, and planning software",O*NET,Routing and Switching,routing and switching,FLAGGED_FOR_REVIEW,Token overlap or partial substring - DO NOT AUTO MERGE
build a network of suppliers in tourism,build a network of suppliers in tourism,ESCO,Network Security,network security,FLAGGED_FOR_REVIEW,Token overlap or partial substring - DO NOT AUTO MERGE
Building and Construction,building and construction,O*NET,Routing and Switching,routing and switching,FLAGGED_FOR_REVIEW,Token overlap or partial substring - DO NOT AUTO MERGE
Business intelligence and data analysis software,business intelligence and data analysis software,O*NET,Data Structures,data structures,FLAGGED_FOR_REVIEW,Token overlap or partial substring - DO NOT AUTO MERGE
Business Objects Data Integrator,business objects data integrator,O*NET,Data Structures,data structures,FLAGGED_FOR_REVIEW,Token overlap or partial substring - DO NOT AUTO MERGE
C,c,O*NET,CSS,css,FLAGGED_FOR_REVIEW,Token overlap or partial substring - DO NOT AUTO MERGE
CA Technologies ERWin Data Modeler,ca technologies erwin data modeler,O*NET,Data Structures,data structures,FLAGGED_FOR_REVIEW,Token overlap or partial substring - DO NOT AUTO MERGE
Cadence Allegro Design Entry Capture and Capture CIS,cadence allegro design entry capture and capture cis,O*NET,Routing and Switching,routing and switching,FLAGGED_FOR_REVIEW,Token overlap or partial substring - DO NOT AUTO MERGE
Cain and Abel (penetration testing tool),cain and abel (penetration testing tool),ESCO,Routing and Switching,routing and switching,FLAGGED_FOR_REVIEW,Token overlap or partial substring - DO NOT AUTO MERGE
calculate quotations for security devices services,calculate quotations for security devices services,ESCO,Database Security,database security,FLAGGED_FOR_REVIEW,Token overlap or partial substring - DO NOT AUTO MERGE
calculate stairs rise and run,calculate stairs rise and run,ESCO,Routing and Switching,routing and switching,FLAGGED_FOR_REVIEW,Token overlap or partial substring - DO NOT AUTO MERGE
calculate the productivity of the production of footwear and leather goods,calculate the productivity of the production of footwear and leather goods,ESCO,Routing and Switching,routing and switching,FLAGGED_FOR_REVIEW,Token overlap or partial substring - DO NOT AUTO MERGE
Calendar and scheduling software,calendar and scheduling software,O*NET,Routing and Switching,routing and switching,FLAGGED_FOR_REVIEW,Token overlap or partial substring - DO NOT AUTO MERGE
California Verbal Learning Test,california verbal learning test,O*NET,Machine Learning,machine learning,FLAGGED_FOR_REVIEW,Token overlap or partial substring - DO NOT AUTO MERGE
call routing,call routing,ESCO,Routing and Switching,routing and switching,FLAGGED_FOR_REVIEW,Token overlap or partial substring - DO NOT AUTO MERGE
Camfit Data Limited Microfit,camfit data limited microfit,O*NET,Data Structures,data structures,FLAGGED_FOR_REVIEW,Token overlap or partial substring - DO NOT AUTO MERGE
carry out covert security observations,carry out covert security observations,ESCO,Database Security,database security,FLAGGED_FOR_REVIEW,Token overlap or partial substring - DO NOT AUTO MERGE
carry out maintenance on cage equipment and machinery,carry out maintenance on cage equipment and machinery,ESCO,Routing and Switching,routing and switching,FLAGGED_FOR_REVIEW,Token overlap or partial substring - DO NOT AUTO MERGE
carry out repairs and maintenance of vehicle bodies,carry out repairs and maintenance of vehicle bodies,ESCO,Routing and Switching,routing and switching,FLAGGED_FOR_REVIEW,Token overlap or partial substring - DO NOT AUTO MERGE
carry out security activities with a dog,carry out security activities with a dog,ESCO,Database Security,database security,FLAGGED_FOR_REVIEW,Token overlap or partial substring - DO NOT AUTO MERGE
Cascading style sheets CSS,cascading style sheets css,O*NET,CSS,css,FLAGGED_FOR_REVIEW,Token overlap or partial substring - DO NOT AUTO MERGE
CAST SQL Builder,cast sql builder,O*NET,SQL,sql,FLAGGED_FOR_REVIEW,Token overlap or partial substring - DO NOT AUTO MERGE
CCC EZNet electronic communications network,ccc eznet electronic communications network,O*NET,Network Security,network security,FLAGGED_FOR_REVIEW,Token overlap or partial substring - DO NOT AUTO MERGE
Cengage Learning Sniffy the Virtual Rat,cengage learning sniffy the virtual rat,O*NET,Machine Learning,machine learning,FLAGGED_FOR_REVIEW,Token overlap or partial substring - DO NOT AUTO MERGE
Centers for Disease Control and Prevention CDC WONDER,centers for disease control and prevention cdc wonder,O*NET,Routing and Switching,routing and switching,FLAGGED_FOR_REVIEW,Token overlap or partial substring - DO NOT AUTO MERGE
Centers for Disease Control and Prevention Epi Info,centers for disease control and prevention epi info,O*NET,Routing and Switching,routing and switching,FLAGGED_FOR_REVIEW,Token overlap or partial substring - DO NOT AUTO MERGE
change power distribution systems,change power distribution systems,ESCO,Power BI,power bi,FLAGGED_FOR_REVIEW,Token overlap or partial substring - DO NOT AUTO MERGE
check for flaws in scanned material,check for flaws in scanned material,ESCO,AWS,aws,FLAGGED_FOR_REVIEW,Token overlap or partial substring - DO NOT AUTO MERGE
check implementation security plan,check implementation security plan,ESCO,Database Security,database security,FLAGGED_FOR_REVIEW,Token overlap or partial substring - DO NOT AUTO MERGE
check quality of fruits and vegetables,check quality of fruits and vegetables,ESCO,Routing and Switching,routing and switching,FLAGGED_FOR_REVIEW,Token overlap or partial substring - DO NOT AUTO MERGE
check request legitimacy,check request legitimacy,ESCO,Git,git,FLAGGED_FOR_REVIEW,Token overlap or partial substring - DO NOT AUTO MERGE
check sensorial parameters of oils and fats,check sensorial parameters of oils and fats,ESCO,Routing and Switching,routing and switching,FLAGGED_FOR_REVIEW,Token overlap or partial substring - DO NOT AUTO MERGE
chemical reactions of roasting cacao beans,chemical reactions of roasting cacao beans,ESCO,React,react,FLAGGED_FOR_REVIEW,Token overlap or partial substring - DO NOT AUTO MERGE
Chemicals and Irrigation CANDI,chemicals and irrigation candi,O*NET,Routing and Switching,routing and switching,FLAGGED_FOR_REVIEW,Token overlap or partial substring - DO NOT AUTO MERGE
Cimatron computer-aided design and manufacturing software,cimatron computer-aided design and manufacturing software,O*NET,Routing and Switching,routing and switching,FLAGGED_FOR_REVIEW,Token overlap or partial substring - DO NOT AUTO MERGE
city road network,city road network,ESCO,Network Security,network security,FLAGGED_FOR_REVIEW,Token overlap or partial substring - DO NOT AUTO MERGE
Claims processing administration and management software,claims processing administration and management software,O*NET,Routing and Switching,routing and switching,FLAGGED_FOR_REVIEW,Token overlap or partial substring - DO NOT AUTO MERGE
clean food and beverage machinery,clean food and beverage machinery,ESCO,Routing and Switching,routing and switching,FLAGGED_FOR_REVIEW,Token overlap or partial substring - DO NOT AUTO MERGE
cleaning industry health and safety measures,cleaning industry health and safety measures,ESCO,Routing and Switching,routing and switching,FLAGGED_FOR_REVIEW,Token overlap or partial substring - DO NOT AUTO MERGE
Client information database software,client information database software,O*NET,Database Security,database security,FLAGGED_FOR_REVIEW,Token overlap or partial substring - DO NOT AUTO MERGE
Client information database systems,client information database systems,O*NET,Database Security,database security,FLAGGED_FOR_REVIEW,Token overlap or partial substring - DO NOT AUTO MERGE
Clinical data management system CDMS,clinical data management system cdms,O*NET,Data Structures,data structures,FLAGGED_FOR_REVIEW,Token overlap or partial substring - DO NOT AUTO MERGE
Clinical trials database software,clinical trials database software,O*NET,Database Security,database security,FLAGGED_FOR_REVIEW,Token overlap or partial substring - DO NOT AUTO MERGE
clothing and footwear products,clothing and footwear products,ESCO,Routing and Switching,routing and switching,FLAGGED_FOR_REVIEW,Token overlap or partial substring - DO NOT AUTO MERGE
cloud monitoring and reporting,cloud monitoring and reporting,ESCO,Routing and Switching,routing and switching,FLAGGED_FOR_REVIEW,Token overlap or partial substring - DO NOT AUTO MERGE
cloud security and compliance,cloud security and compliance,ESCO,Routing and Switching,routing and switching,FLAGGED_FOR_REVIEW,Token overlap or partial substring - DO NOT AUTO MERGE
Cloud-based data access and sharing software,cloud-based data access and sharing software,O*NET,Data Structures,data structures,FLAGGED_FOR_REVIEW,Token overlap or partial substring - DO NOT AUTO MERGE
Cloud-based protection or security software,cloud-based protection or security software,O*NET,Database Security,database security,FLAGGED_FOR_REVIEW,Token overlap or partial substring - DO NOT AUTO MERGE
coating machine parts,coating machine parts,ESCO,Machine Learning,machine learning,FLAGGED_FOR_REVIEW,Token overlap or partial substring - DO NOT AUTO MERGE
COATSsql,coatssql,O*NET,SQL,sql,FLAGGED_FOR_REVIEW,Token overlap or partial substring - DO NOT AUTO MERGE
Cobent Learning and Compliance Suite LCS,cobent learning and compliance suite lcs,O*NET,Machine Learning,machine learning,FLAGGED_FOR_REVIEW,Token overlap or partial substring - DO NOT AUTO MERGE
Code database software,code database software,O*NET,Database Security,database security,FLAGGED_FOR_REVIEW,Token overlap or partial substring - DO NOT AUTO MERGE
Coding database software,coding database software,O*NET,Database Security,database security,FLAGGED_FOR_REVIEW,Token overlap or partial substring - DO NOT AUTO MERGE
Codon Usage Database,codon usage database,O*NET,Database Security,database security,FLAGGED_FOR_REVIEW,Token overlap or partial substring - DO NOT AUTO MERGE
"coffee, tea, cocoa and spice products","coffee, tea, cocoa and spice products",ESCO,Routing and Switching,routing and switching,FLAGGED_FOR_REVIEW,Token overlap or partial substring - DO NOT AUTO MERGE
CoffeeCup The HTML Editor,coffeecup the html editor,O*NET,HTML,html,FLAGGED_FOR_REVIEW,Token overlap or partial substring - DO NOT AUTO MERGE
collaborate on costume and make-up for performances,collaborate on costume and make-up for performances,ESCO,Routing and Switching,routing and switching,FLAGGED_FOR_REVIEW,Token overlap or partial substring - DO NOT AUTO MERGE
collaborate through digital technologies,collaborate through digital technologies,ESCO,Git,git,FLAGGED_FOR_REVIEW,Token overlap or partial substring - DO NOT AUTO MERGE
collect biological data,collect biological data,ESCO,Data Structures,data structures,FLAGGED_FOR_REVIEW,Token overlap or partial substring - DO NOT AUTO MERGE
collect customer data,collect customer data,ESCO,Data Structures,data structures,FLAGGED_FOR_REVIEW,Token overlap or partial substring - DO NOT AUTO MERGE
collect cyber defence data,collect cyber defence data,ESCO,Data Structures,data structures,FLAGGED_FOR_REVIEW,Token overlap or partial substring - DO NOT AUTO MERGE
collect data using GPS,collect data using gps,ESCO,Data Structures,data structures,FLAGGED_FOR_REVIEW,Token overlap or partial substring - DO NOT AUTO MERGE
collect financial data,collect financial data,ESCO,Data Structures,data structures,FLAGGED_FOR_REVIEW,Token overlap or partial substring - DO NOT AUTO MERGE
collect geological data,collect geological data,ESCO,Data Structures,data structures,FLAGGED_FOR_REVIEW,Token overlap or partial substring - DO NOT AUTO MERGE
collect healthcare user data under supervision,collect healthcare user data under supervision,ESCO,Data Structures,data structures,FLAGGED_FOR_REVIEW,Token overlap or partial substring - DO NOT AUTO MERGE
collect healthcare user's general data,collect healthcare user's general data,ESCO,Data Structures,data structures,FLAGGED_FOR_REVIEW,Token overlap or partial substring - DO NOT AUTO MERGE
collect ICT data,collect ict data,ESCO,Data Structures,data structures,FLAGGED_FOR_REVIEW,Token overlap or partial substring - DO NOT AUTO MERGE
collect mapping data,collect mapping data,ESCO,Data Structures,data structures,FLAGGED_FOR_REVIEW,Token overlap or partial substring - DO NOT AUTO MERGE
collect statistics on medical records,collect statistics on medical records,ESCO,Statistics,statistics,FLAGGED_FOR_REVIEW,Token overlap or partial substring - DO NOT AUTO MERGE
collect weather-related data,collect weather-related data,ESCO,Data Structures,data structures,FLAGGED_FOR_REVIEW,Token overlap or partial substring - DO NOT AUTO MERGE
Collection Data Systems CollectOne-Tiger,collection data systems collectone-tiger,O*NET,Data Structures,data structures,FLAGGED_FOR_REVIEW,Token overlap or partial substring - DO NOT AUTO MERGE
College Central Network Career Services Central,college central network career services central,O*NET,Network Security,network security,FLAGGED_FOR_REVIEW,Token overlap or partial substring - DO NOT AUTO MERGE
colour grade images with digital intermediate,colour grade images with digital intermediate,ESCO,Git,git,FLAGGED_FOR_REVIEW,Token overlap or partial substring - DO NOT AUTO MERGE
Combined Heat and Power Application Tool CHP,combined heat and power application tool chp,O*NET,Power BI,power bi,FLAGGED_FOR_REVIEW,Token overlap or partial substring - DO NOT AUTO MERGE
combined heat and power generation,combined heat and power generation,ESCO,Power BI,power bi,FLAGGED_FOR_REVIEW,Token overlap or partial substring - DO NOT AUTO MERGE
Commercial and industrial development project cost analysis software,commercial and industrial development project cost analysis software,O*NET,Routing and Switching,routing and switching,FLAGGED_FOR_REVIEW,Token overlap or partial substring - DO NOT AUTO MERGE
communicate commercial and technical issues in foreign languages,communicate commercial and technical issues in foreign languages,ESCO,Routing and Switching,routing and switching,FLAGGED_FOR_REVIEW,Token overlap or partial substring - DO NOT AUTO MERGE
communicate health and safety measures,communicate health and safety measures,ESCO,Routing and Switching,routing and switching,FLAGGED_FOR_REVIEW,Token overlap or partial substring - DO NOT AUTO MERGE
communicate using the global maritime distress and safety system,communicate using the global maritime distress and safety system,ESCO,Routing and Switching,routing and switching,FLAGGED_FOR_REVIEW,Token overlap or partial substring - DO NOT AUTO MERGE
Communications and Media,communications and media,O*NET,Routing and Switching,routing and switching,FLAGGED_FOR_REVIEW,Token overlap or partial substring - DO NOT AUTO MERGE
compile data for navigation publications,compile data for navigation publications,ESCO,Data Structures,data structures,FLAGGED_FOR_REVIEW,Token overlap or partial substring - DO NOT AUTO MERGE
compile statistical data for insurance purposes,compile statistical data for insurance purposes,ESCO,Data Structures,data structures,FLAGGED_FOR_REVIEW,Token overlap or partial substring - DO NOT AUTO MERGE
Compiler and decompiler software,compiler and decompiler software,O*NET,Routing and Switching,routing and switching,FLAGGED_FOR_REVIEW,Token overlap or partial substring - DO NOT AUTO MERGE
complementary and alternative medicine,complementary and alternative medicine,ESCO,Routing and Switching,routing and switching,FLAGGED_FOR_REVIEW,Token overlap or partial substring - DO NOT AUTO MERGE
Complus Data Innovations FastTrack,complus data innovations fasttrack,O*NET,Data Structures,data structures,FLAGGED_FOR_REVIEW,Token overlap or partial substring - DO NOT AUTO MERGE
comply with food safety and hygiene,comply with food safety and hygiene,ESCO,Routing and Switching,routing and switching,FLAGGED_FOR_REVIEW,Token overlap or partial substring - DO NOT AUTO MERGE
compose digital game story,compose digital game story,ESCO,Git,git,FLAGGED_FOR_REVIEW,Token overlap or partial substring - DO NOT AUTO MERGE
compression moulding machine parts,compression moulding machine parts,ESCO,Machine Learning,machine learning,FLAGGED_FOR_REVIEW,Token overlap or partial substring - DO NOT AUTO MERGE
Computational statistics software,computational statistics software,O*NET,Statistics,statistics,FLAGGED_FOR_REVIEW,Token overlap or partial substring - DO NOT AUTO MERGE
Computer aided design and computer aided manufacturing CAD/CAM engraving software,computer aided design and computer aided manufacturing cad/cam engraving software,O*NET,Routing and Switching,routing and switching,FLAGGED_FOR_REVIEW,Token overlap or partial substring - DO NOT AUTO MERGE
Computer aided design and drafting CADD software,computer aided design and drafting cadd software,O*NET,Routing and Switching,routing and switching,FLAGGED_FOR_REVIEW,Token overlap or partial substring - DO NOT AUTO MERGE
Computer aided design and drafting software CADD,computer aided design and drafting software cadd,O*NET,Routing and Switching,routing and switching,FLAGGED_FOR_REVIEW,Token overlap or partial substring - DO NOT AUTO MERGE
Computer aided design CAD and computer aided manufacturing CAM system,computer aided design cad and computer aided manufacturing cam system,O*NET,Routing and Switching,routing and switching,FLAGGED_FOR_REVIEW,Token overlap or partial substring - DO NOT AUTO MERGE
Computer aided dispatching auto routing software,computer aided dispatching auto routing software,O*NET,Routing and Switching,routing and switching,FLAGGED_FOR_REVIEW,Token overlap or partial substring - DO NOT AUTO MERGE
Computer Assisted Language Learning,computer assisted language learning,ESCO,Machine Learning,machine learning,FLAGGED_FOR_REVIEW,Token overlap or partial substring - DO NOT AUTO MERGE
Computer assisted language learning CALL software,computer assisted language learning call software,O*NET,Machine Learning,machine learning,FLAGGED_FOR_REVIEW,Token overlap or partial substring - DO NOT AUTO MERGE
Computer Associates integrated data management system CA-IDMS,computer associates integrated data management system ca-idms,O*NET,Data Structures,data structures,FLAGGED_FOR_REVIEW,Token overlap or partial substring - DO NOT AUTO MERGE
Computer Generated Solutions Learning Management System,computer generated solutions learning management system,O*NET,Machine Learning,machine learning,FLAGGED_FOR_REVIEW,Token overlap or partial substring - DO NOT AUTO MERGE
Computer Service and Support AR 2000 Laboratory Billing System,computer service and support ar 2000 laboratory billing system,O*NET,Routing and Switching,routing and switching,FLAGGED_FOR_REVIEW,Token overlap or partial substring - DO NOT AUTO MERGE
Computerized numerical control CNC machine software,computerized numerical control cnc machine software,O*NET,Machine Learning,machine learning,FLAGGED_FOR_REVIEW,Token overlap or partial substring - DO NOT AUTO MERGE
Computers and Electronics,computers and electronics,O*NET,Routing and Switching,routing and switching,FLAGGED_FOR_REVIEW,Token overlap or partial substring - DO NOT AUTO MERGE
conduct airport security screening,conduct airport security screening,ESCO,Database Security,database security,FLAGGED_FOR_REVIEW,Token overlap or partial substring - DO NOT AUTO MERGE
conduct analysis of ship data,conduct analysis of ship data,ESCO,Data Structures,data structures,FLAGGED_FOR_REVIEW,Token overlap or partial substring - DO NOT AUTO MERGE
conduct security screenings,conduct security screenings,ESCO,Database Security,database security,FLAGGED_FOR_REVIEW,Token overlap or partial substring - DO NOT AUTO MERGE
conduct training on monitoring and evaluation frameworks,conduct training on monitoring and evaluation frameworks,ESCO,Routing and Switching,routing and switching,FLAGGED_FOR_REVIEW,Token overlap or partial substring - DO NOT AUTO MERGE
Conformance and validation testing software,conformance and validation testing software,O*NET,Routing and Switching,routing and switching,FLAGGED_FOR_REVIEW,Token overlap or partial substring - DO NOT AUTO MERGE
connect vehicle maintenance and operations departments,connect vehicle maintenance and operations departments,ESCO,Routing and Switching,routing and switching,FLAGGED_FOR_REVIEW,Token overlap or partial substring - DO NOT AUTO MERGE
Consolidated fire and smoke transport model CFAST,consolidated fire and smoke transport model cfast,O*NET,Routing and Switching,routing and switching,FLAGGED_FOR_REVIEW,Token overlap or partial substring - DO NOT AUTO MERGE
Consolidated Model of Fire and Smoke Transport CFAST,consolidated model of fire and smoke transport cfast,O*NET,Routing and Switching,routing and switching,FLAGGED_FOR_REVIEW,Token overlap or partial substring - DO NOT AUTO MERGE
construct greens and grounds,construct greens and grounds,ESCO,Routing and Switching,routing and switching,FLAGGED_FOR_REVIEW,Token overlap or partial substring - DO NOT AUTO MERGE
construct individual learning plans,construct individual learning plans,ESCO,Machine Learning,machine learning,FLAGGED_FOR_REVIEW,Token overlap or partial substring - DO NOT AUTO MERGE
Consular Consolidated Database CCD,consular consolidated database ccd,O*NET,Database Security,database security,FLAGGED_FOR_REVIEW,Token overlap or partial substring - DO NOT AUTO MERGE
consult students on learning content,consult students on learning content,ESCO,Machine Learning,machine learning,FLAGGED_FOR_REVIEW,Token overlap or partial substring - DO NOT AUTO MERGE
Consultants in Data Processing HRnet,consultants in data processing hrnet,O*NET,Data Structures,data structures,FLAGGED_FOR_REVIEW,Token overlap or partial substring - DO NOT AUTO MERGE
contribute to bilge and ballast operations,contribute to bilge and ballast operations,ESCO,Routing and Switching,routing and switching,FLAGGED_FOR_REVIEW,Token overlap or partial substring - DO NOT AUTO MERGE
control objectives for information and related technology,control objectives for information and related technology,ESCO,Routing and Switching,routing and switching,FLAGGED_FOR_REVIEW,Token overlap or partial substring - DO NOT AUTO MERGE
control the opening and closing of train doors,control the opening and closing of train doors,ESCO,Routing and Switching,routing and switching,FLAGGED_FOR_REVIEW,Token overlap or partial substring - DO NOT AUTO MERGE
coordinate automotive repair and maintenance service,coordinate automotive repair and maintenance service,ESCO,Routing and Switching,routing and switching,FLAGGED_FOR_REVIEW,Token overlap or partial substring - DO NOT AUTO MERGE
Coordinate measuring machine software,coordinate measuring machine software,O*NET,Machine Learning,machine learning,FLAGGED_FOR_REVIEW,Token overlap or partial substring - DO NOT AUTO MERGE
coordinate sale of video and motion picture production products,coordinate sale of video and motion picture production products,ESCO,Routing and Switching,routing and switching,FLAGGED_FOR_REVIEW,Token overlap or partial substring - DO NOT AUTO MERGE
coordinate security,coordinate security,ESCO,Database Security,database security,FLAGGED_FOR_REVIEW,Token overlap or partial substring - DO NOT AUTO MERGE
Cornerstone OnDemand Cornerstone Learning,cornerstone ondemand cornerstone learning,O*NET,Machine Learning,machine learning,FLAGGED_FOR_REVIEW,Token overlap or partial substring - DO NOT AUTO MERGE
counsel on nutrition and its impact on oral health,counsel on nutrition and its impact on oral health,ESCO,Routing and Switching,routing and switching,FLAGGED_FOR_REVIEW,Token overlap or partial substring - DO NOT AUTO MERGE
Countryside Data Ag Payroll,countryside data ag payroll,O*NET,Data Structures,data structures,FLAGGED_FOR_REVIEW,Token overlap or partial substring - DO NOT AUTO MERGE
Courtroom Data Solutions Techlennium,courtroom data solutions techlennium,O*NET,Data Structures,data structures,FLAGGED_FOR_REVIEW,Token overlap or partial substring - DO NOT AUTO MERGE
CPR Software FloorCOST Estimator for Excel,cpr software floorcost estimator for excel,O*NET,Excel,excel,FLAGGED_FOR_REVIEW,Token overlap or partial substring - DO NOT AUTO MERGE
create a prevention security plan for the store,create a prevention security plan for the store,ESCO,Database Security,database security,FLAGGED_FOR_REVIEW,Token overlap or partial substring - DO NOT AUTO MERGE
create concept of digital game,create concept of digital game,ESCO,Git,git,FLAGGED_FOR_REVIEW,Token overlap or partial substring - DO NOT AUTO MERGE
create cultural venue learning strategies,create cultural venue learning strategies,ESCO,Machine Learning,machine learning,FLAGGED_FOR_REVIEW,Token overlap or partial substring - DO NOT AUTO MERGE
create data models,create data models,ESCO,Data Structures,data structures,FLAGGED_FOR_REVIEW,Token overlap or partial substring - DO NOT AUTO MERGE
create data sets,create data sets,ESCO,Data Structures,data structures,FLAGGED_FOR_REVIEW,Token overlap or partial substring - DO NOT AUTO MERGE
create database diagrams,create database diagrams,ESCO,Database Security,database security,FLAGGED_FOR_REVIEW,Token overlap or partial substring - DO NOT AUTO MERGE
create digital content,create digital content,ESCO,Git,git,FLAGGED_FOR_REVIEW,Token overlap or partial substring - DO NOT AUTO MERGE
create digital files,create digital files,ESCO,Git,git,FLAGGED_FOR_REVIEW,Token overlap or partial substring - DO NOT AUTO MERGE
create digital game characters,create digital game characters,ESCO,Git,git,FLAGGED_FOR_REVIEW,Token overlap or partial substring - DO NOT AUTO MERGE
create digital images,create digital images,ESCO,Git,git,FLAGGED_FOR_REVIEW,Token overlap or partial substring - DO NOT AUTO MERGE
create musical structures,create musical structures,ESCO,Data Structures,data structures,FLAGGED_FOR_REVIEW,Token overlap or partial substring - DO NOT AUTO MERGE
create soil and plant improvement programmes,create soil and plant improvement programmes,ESCO,Routing and Switching,routing and switching,FLAGGED_FOR_REVIEW,Token overlap or partial substring - DO NOT AUTO MERGE
Creative Data Solutions DuProcess,creative data solutions duprocess,O*NET,Data Structures,data structures,FLAGGED_FOR_REVIEW,Token overlap or partial substring - DO NOT AUTO MERGE
creatively use digital technologies,creatively use digital technologies,ESCO,Git,git,FLAGGED_FOR_REVIEW,Token overlap or partial substring - DO NOT AUTO MERGE
Credit adjudication and lending management system CALMS,credit adjudication and lending management system calms,O*NET,Routing and Switching,routing and switching,FLAGGED_FOR_REVIEW,Token overlap or partial substring - DO NOT AUTO MERGE
Credit and risk analysis software,credit and risk analysis software,O*NET,Routing and Switching,routing and switching,FLAGGED_FOR_REVIEW,Token overlap or partial substring - DO NOT AUTO MERGE
critically evaluate information and its sources,critically evaluate information and its sources,ESCO,Routing and Switching,routing and switching,FLAGGED_FOR_REVIEW,Token overlap or partial substring - DO NOT AUTO MERGE
CSS CLS-2000,css cls-2000,O*NET,CSS,css,FLAGGED_FOR_REVIEW,Token overlap or partial substring - DO NOT AUTO MERGE
Curbside Laundries Wash and Fold POS Software,curbside laundries wash and fold pos software,O*NET,Routing and Switching,routing and switching,FLAGGED_FOR_REVIEW,Token overlap or partial substring - DO NOT AUTO MERGE
Custom Data Systems Sterling Management Software,custom data systems sterling management software,O*NET,Data Structures,data structures,FLAGGED_FOR_REVIEW,Token overlap or partial substring - DO NOT AUTO MERGE
Customer and Personal Service,customer and personal service,O*NET,Routing and Switching,routing and switching,FLAGGED_FOR_REVIEW,Token overlap or partial substring - DO NOT AUTO MERGE
Customer database software,customer database software,O*NET,Database Security,database security,FLAGGED_FOR_REVIEW,Token overlap or partial substring - DO NOT AUTO MERGE
Customer service and support software,customer service and support software,O*NET,Routing and Switching,routing and switching,FLAGGED_FOR_REVIEW,Token overlap or partial substring - DO NOT AUTO MERGE
cut raw footage digitally,cut raw footage digitally,ESCO,Git,git,FLAGGED_FOR_REVIEW,Token overlap or partial substring - DO NOT AUTO MERGE
cyber security,cyber security,ESCO,Database Security,database security,FLAGGED_FOR_REVIEW,Token overlap or partial substring - DO NOT AUTO MERGE
CyberShift Workforce Management 3G Time and Attendance,cybershift workforce management 3g time and attendance,O*NET,Routing and Switching,routing and switching,FLAGGED_FOR_REVIEW,Token overlap or partial substring - DO NOT AUTO MERGE
dairy and edible oil products,dairy and edible oil products,ESCO,Routing and Switching,routing and switching,FLAGGED_FOR_REVIEW,Token overlap or partial substring - DO NOT AUTO MERGE
Dalet Digital Media Systems Dalet Media Life,dalet digital media systems dalet media life,O*NET,Git,git,FLAGGED_FOR_REVIEW,Token overlap or partial substring - DO NOT AUTO MERGE
Data acquisition software,data acquisition software,O*NET,Data Structures,data structures,FLAGGED_FOR_REVIEW,Token overlap or partial substring - DO NOT AUTO MERGE
Data acquisition systems,data acquisition systems,O*NET,Data Structures,data structures,FLAGGED_FOR_REVIEW,Token overlap or partial substring - DO NOT AUTO MERGE
Data analysis software,data analysis software,O*NET,Data Structures,data structures,FLAGGED_FOR_REVIEW,Token overlap or partial substring - DO NOT AUTO MERGE
data analytics,data analytics,ESCO,Data Structures,data structures,FLAGGED_FOR_REVIEW,Token overlap or partial substring - DO NOT AUTO MERGE
Data base management system software,data base management system software,O*NET,Data Structures,data structures,FLAGGED_FOR_REVIEW,Token overlap or partial substring - DO NOT AUTO MERGE
Data base reporting software,data base reporting software,O*NET,Data Structures,data structures,FLAGGED_FOR_REVIEW,Token overlap or partial substring - DO NOT AUTO MERGE
Data base user interface and query software,data base user interface and query software,O*NET,Data Structures,data structures,FLAGGED_FOR_REVIEW,Token overlap or partial substring - DO NOT AUTO MERGE
Data compression software,data compression software,O*NET,Data Structures,data structures,FLAGGED_FOR_REVIEW,Token overlap or partial substring - DO NOT AUTO MERGE
Data conversion software,data conversion software,O*NET,Data Structures,data structures,FLAGGED_FOR_REVIEW,Token overlap or partial substring - DO NOT AUTO MERGE
Data definition language DDL,data definition language ddl,O*NET,Data Structures,data structures,FLAGGED_FOR_REVIEW,Token overlap or partial substring - DO NOT AUTO MERGE
Data dictionary software,data dictionary software,O*NET,Data Structures,data structures,FLAGGED_FOR_REVIEW,Token overlap or partial substring - DO NOT AUTO MERGE
data engineering,data engineering,ESCO,Data Structures,data structures,FLAGGED_FOR_REVIEW,Token overlap or partial substring - DO NOT AUTO MERGE
Data entry software,data entry software,O*NET,Data Structures,data structures,FLAGGED_FOR_REVIEW,Token overlap or partial substring - DO NOT AUTO MERGE
data ethics,data ethics,ESCO,Data Structures,data structures,FLAGGED_FOR_REVIEW,Token overlap or partial substring - DO NOT AUTO MERGE
Data extraction software,data extraction software,O*NET,Data Structures,data structures,FLAGGED_FOR_REVIEW,Token overlap or partial substring - DO NOT AUTO MERGE
"data extraction, transformation and loading tools","data extraction, transformation and loading tools",ESCO,Data Structures,data structures,FLAGGED_FOR_REVIEW,Token overlap or partial substring - DO NOT AUTO MERGE
Data Frenzy,data frenzy,O*NET,Data Structures,data structures,FLAGGED_FOR_REVIEW,Token overlap or partial substring - DO NOT AUTO MERGE
Data input software,data input software,O*NET,Data Structures,data structures,FLAGGED_FOR_REVIEW,Token overlap or partial substring - DO NOT AUTO MERGE
Data logger software,data logger software,O*NET,Data Structures,data structures,FLAGGED_FOR_REVIEW,Token overlap or partial substring - DO NOT AUTO MERGE
Data logging software,data logging software,O*NET,Data Structures,data structures,FLAGGED_FOR_REVIEW,Token overlap or partial substring - DO NOT AUTO MERGE
data M Software COPRA MetalBender,data m software copra metalbender,O*NET,Data Structures,data structures,FLAGGED_FOR_REVIEW,Token overlap or partial substring - DO NOT AUTO MERGE
Data management software,data management software,O*NET,Data Structures,data structures,FLAGGED_FOR_REVIEW,Token overlap or partial substring - DO NOT AUTO MERGE
Data Management TimeClock Plus,data management timeclock plus,O*NET,Data Structures,data structures,FLAGGED_FOR_REVIEW,Token overlap or partial substring - DO NOT AUTO MERGE
Data manipulation language DML,data manipulation language dml,O*NET,Data Structures,data structures,FLAGGED_FOR_REVIEW,Token overlap or partial substring - DO NOT AUTO MERGE
Data mapping software,data mapping software,O*NET,Data Structures,data structures,FLAGGED_FOR_REVIEW,Token overlap or partial substring - DO NOT AUTO MERGE
data mining,data mining,ESCO,Data Structures,data structures,FLAGGED_FOR_REVIEW,Token overlap or partial substring - DO NOT AUTO MERGE
data mining methods,data mining methods,ESCO,Data Structures,data structures,FLAGGED_FOR_REVIEW,Token overlap or partial substring - DO NOT AUTO MERGE
Data mining software,data mining software,O*NET,Data Structures,data structures,FLAGGED_FOR_REVIEW,Token overlap or partial substring - DO NOT AUTO MERGE
Data modeling software,data modeling software,O*NET,Data Structures,data structures,FLAGGED_FOR_REVIEW,Token overlap or partial substring - DO NOT AUTO MERGE
data models,data models,ESCO,Data Structures,data structures,FLAGGED_FOR_REVIEW,Token overlap or partial substring - DO NOT AUTO MERGE
data protection,data protection,ESCO,Data Structures,data structures,FLAGGED_FOR_REVIEW,Token overlap or partial substring - DO NOT AUTO MERGE
data quality assessment,data quality assessment,ESCO,Data Structures,data structures,FLAGGED_FOR_REVIEW,Token overlap or partial substring - DO NOT AUTO MERGE
Data Recovery Software SQL Server Data Recovery,data recovery software sql server data recovery,O*NET,SQL,sql,FLAGGED_FOR_REVIEW,Token overlap or partial substring - DO NOT AUTO MERGE
Data reduction software,data reduction software,O*NET,Data Structures,data structures,FLAGGED_FOR_REVIEW,Token overlap or partial substring - DO NOT AUTO MERGE
data science,data science,ESCO,Data Structures,data structures,FLAGGED_FOR_REVIEW,Token overlap or partial substring - DO NOT AUTO MERGE
data security principles,data security principles,ESCO,Data Structures,data structures,FLAGGED_FOR_REVIEW,Token overlap or partial substring - DO NOT AUTO MERGE
data storage,data storage,ESCO,Data Structures,data structures,FLAGGED_FOR_REVIEW,Token overlap or partial substring - DO NOT AUTO MERGE
Data Team DDS,data team dds,O*NET,Data Structures,data structures,FLAGGED_FOR_REVIEW,Token overlap or partial substring - DO NOT AUTO MERGE
Data Technologies Summit,data technologies summit,O*NET,Data Structures,data structures,FLAGGED_FOR_REVIEW,Token overlap or partial substring - DO NOT AUTO MERGE
Data Trace Title IQ,data trace title iq,O*NET,Data Structures,data structures,FLAGGED_FOR_REVIEW,Token overlap or partial substring - DO NOT AUTO MERGE
Data transfer software,data transfer software,O*NET,Data Structures,data structures,FLAGGED_FOR_REVIEW,Token overlap or partial substring - DO NOT AUTO MERGE
Data transformation services DTS software,data transformation services dts software,O*NET,Data Structures,data structures,FLAGGED_FOR_REVIEW,Token overlap or partial substring - DO NOT AUTO MERGE
Data Translation quickDAQ,data translation quickdaq,O*NET,Data Structures,data structures,FLAGGED_FOR_REVIEW,Token overlap or partial substring - DO NOT AUTO MERGE
Data validation software,data validation software,O*NET,Data Structures,data structures,FLAGGED_FOR_REVIEW,Token overlap or partial substring - DO NOT AUTO MERGE
data visualisation software,data visualisation software,ESCO,Data Structures,data structures,FLAGGED_FOR_REVIEW,Token overlap or partial substring - DO NOT AUTO MERGE
Data visualization software,data visualization software,O*NET,Data Structures,data structures,FLAGGED_FOR_REVIEW,Token overlap or partial substring - DO NOT AUTO MERGE
data warehouse,data warehouse,ESCO,Data Structures,data structures,FLAGGED_FOR_REVIEW,Token overlap or partial substring - DO NOT AUTO MERGE
Data warehouse software,data warehouse software,O*NET,Data Structures,data structures,FLAGGED_FOR_REVIEW,Token overlap or partial substring - DO NOT AUTO MERGE
Data warehousing software,data warehousing software,O*NET,Data Structures,data structures,FLAGGED_FOR_REVIEW,Token overlap or partial substring - DO NOT AUTO MERGE
database,database,ESCO,Database Security,database security,FLAGGED_FOR_REVIEW,Token overlap or partial substring - DO NOT AUTO MERGE
Database application software,database application software,O*NET,Database Security,database security,FLAGGED_FOR_REVIEW,Token overlap or partial substring - DO NOT AUTO MERGE
Database capacity planning software,database capacity planning software,O*NET,Database Security,database security,FLAGGED_FOR_REVIEW,Token overlap or partial substring - DO NOT AUTO MERGE
Database cloning software,database cloning software,O*NET,Database Security,database security,FLAGGED_FOR_REVIEW,Token overlap or partial substring - DO NOT AUTO MERGE
Database design software,database design software,O*NET,Database Security,database security,FLAGGED_FOR_REVIEW,Token overlap or partial substring - DO NOT AUTO MERGE
database development tools,database development tools,ESCO,Database Security,database security,FLAGGED_FOR_REVIEW,Token overlap or partial substring - DO NOT AUTO MERGE
Database management software,database management software,O*NET,Database Security,database security,FLAGGED_FOR_REVIEW,Token overlap or partial substring - DO NOT AUTO MERGE
Database management system DBMS,database management system dbms,O*NET,Database Security,database security,FLAGGED_FOR_REVIEW,Token overlap or partial substring - DO NOT AUTO MERGE
Database management system software,database management system software,O*NET,Database Security,database security,FLAGGED_FOR_REVIEW,Token overlap or partial substring - DO NOT AUTO MERGE
database management systems,database management systems,ESCO,Database Security,database security,FLAGGED_FOR_REVIEW,Token overlap or partial substring - DO NOT AUTO MERGE
Database management systems,database management systems,O*NET,Database Security,database security,FLAGGED_FOR_REVIEW,Token overlap or partial substring - DO NOT AUTO MERGE
database quality standards,database quality standards,ESCO,Database Security,database security,FLAGGED_FOR_REVIEW,Token overlap or partial substring - DO NOT AUTO MERGE
Database reporting software,database reporting software,O*NET,Database Security,database security,FLAGGED_FOR_REVIEW,Token overlap or partial substring - DO NOT AUTO MERGE
Database security software,database security software,O*NET,Database Security,database security,FLAGGED_FOR_REVIEW,Token overlap or partial substring - DO NOT AUTO MERGE
Database software,database software,O*NET,Database Security,database security,FLAGGED_FOR_REVIEW,Token overlap or partial substring - DO NOT AUTO MERGE
Database Systems Corp Telemation,database systems corp telemation,O*NET,Database Security,database security,FLAGGED_FOR_REVIEW,Token overlap or partial substring - DO NOT AUTO MERGE
Database testing software,database testing software,O*NET,Database Security,database security,FLAGGED_FOR_REVIEW,Token overlap or partial substring - DO NOT AUTO MERGE
DataWorks Plus Digital CrimeScene,dataworks plus digital crimescene,O*NET,Git,git,FLAGGED_FOR_REVIEW,Token overlap or partial substring - DO NOT AUTO MERGE
DealMaven Modeling ToolPack for Excel,dealmaven modeling toolpack for excel,O*NET,Excel,excel,FLAGGED_FOR_REVIEW,Token overlap or partial substring - DO NOT AUTO MERGE
DealMaven PresLink for PowerPoint and Word,dealmaven preslink for powerpoint and word,O*NET,Routing and Switching,routing and switching,FLAGGED_FOR_REVIEW,Token overlap or partial substring - DO NOT AUTO MERGE
Debt account management and collection software,debt account management and collection software,O*NET,Routing and Switching,routing and switching,FLAGGED_FOR_REVIEW,Token overlap or partial substring - DO NOT AUTO MERGE
deburring machine parts,deburring machine parts,ESCO,Machine Learning,machine learning,FLAGGED_FOR_REVIEW,Token overlap or partial substring - DO NOT AUTO MERGE
Deep Forest Systems OnCite,deep forest systems oncite,O*NET,Deep Learning,deep learning,FLAGGED_FOR_REVIEW,Token overlap or partial substring - DO NOT AUTO MERGE
define data quality criteria,define data quality criteria,ESCO,Data Structures,data structures,FLAGGED_FOR_REVIEW,Token overlap or partial substring - DO NOT AUTO MERGE
define database physical structure,define database physical structure,ESCO,Database Security,database security,FLAGGED_FOR_REVIEW,Token overlap or partial substring - DO NOT AUTO MERGE
define evaluation objectives and scope,define evaluation objectives and scope,ESCO,Routing and Switching,routing and switching,FLAGGED_FOR_REVIEW,Token overlap or partial substring - DO NOT AUTO MERGE
define ICT network design policies,define ict network design policies,ESCO,Network Security,network security,FLAGGED_FOR_REVIEW,Token overlap or partial substring - DO NOT AUTO MERGE
define security policies,define security policies,ESCO,Database Security,database security,FLAGGED_FOR_REVIEW,Token overlap or partial substring - DO NOT AUTO MERGE
Delcam computer-aided design and manufacturing software,delcam computer-aided design and manufacturing software,O*NET,Routing and Switching,routing and switching,FLAGGED_FOR_REVIEW,Token overlap or partial substring - DO NOT AUTO MERGE
deliberate prior learning assessment results,deliberate prior learning assessment results,ESCO,Machine Learning,machine learning,FLAGGED_FOR_REVIEW,Token overlap or partial substring - DO NOT AUTO MERGE
deliver visual presentation of data,deliver visual presentation of data,ESCO,Data Structures,data structures,FLAGGED_FOR_REVIEW,Token overlap or partial substring - DO NOT AUTO MERGE
Delivery Routing System DRS,delivery routing system drs,O*NET,Routing and Switching,routing and switching,FLAGGED_FOR_REVIEW,Token overlap or partial substring - DO NOT AUTO MERGE
Delta Data Systems AGIS,delta data systems agis,O*NET,Data Structures,data structures,FLAGGED_FOR_REVIEW,Token overlap or partial substring - DO NOT AUTO MERGE
demand excellence from performers,demand excellence from performers,ESCO,Excel,excel,FLAGGED_FOR_REVIEW,Token overlap or partial substring - DO NOT AUTO MERGE
demolish structures,demolish structures,ESCO,Data Structures,data structures,FLAGGED_FOR_REVIEW,Token overlap or partial substring - DO NOT AUTO MERGE
demonstrate functionality of toys and games,demonstrate functionality of toys and games,ESCO,Routing and Switching,routing and switching,FLAGGED_FOR_REVIEW,Token overlap or partial substring - DO NOT AUTO MERGE
Dental digital radiology software,dental digital radiology software,O*NET,Git,git,FLAGGED_FOR_REVIEW,Token overlap or partial substring - DO NOT AUTO MERGE
design a combined heat and power system,design a combined heat and power system,ESCO,Power BI,power bi,FLAGGED_FOR_REVIEW,Token overlap or partial substring - DO NOT AUTO MERGE
design a mini wind power system,design a mini wind power system,ESCO,Power BI,power bi,FLAGGED_FOR_REVIEW,Token overlap or partial substring - DO NOT AUTO MERGE
design computer network,design computer network,ESCO,Network Security,network security,FLAGGED_FOR_REVIEW,Token overlap or partial substring - DO NOT AUTO MERGE
design database backup specifications,design database backup specifications,ESCO,Database Security,database security,FLAGGED_FOR_REVIEW,Token overlap or partial substring - DO NOT AUTO MERGE
design database in the cloud,design database in the cloud,ESCO,Database Security,database security,FLAGGED_FOR_REVIEW,Token overlap or partial substring - DO NOT AUTO MERGE
design database scheme,design database scheme,ESCO,Database Security,database security,FLAGGED_FOR_REVIEW,Token overlap or partial substring - DO NOT AUTO MERGE
design digital call to action,design digital call to action,ESCO,Git,git,FLAGGED_FOR_REVIEW,Token overlap or partial substring - DO NOT AUTO MERGE
design district heating and cooling energy systems,design district heating and cooling energy systems,ESCO,Routing and Switching,routing and switching,FLAGGED_FOR_REVIEW,Token overlap or partial substring - DO NOT AUTO MERGE
design electric power systems,design electric power systems,ESCO,Power BI,power bi,FLAGGED_FOR_REVIEW,Token overlap or partial substring - DO NOT AUTO MERGE
design heating and cooling emission systems,design heating and cooling emission systems,ESCO,Routing and Switching,routing and switching,FLAGGED_FOR_REVIEW,Token overlap or partial substring - DO NOT AUTO MERGE
design power electronics,design power electronics,ESCO,Power BI,power bi,FLAGGED_FOR_REVIEW,Token overlap or partial substring - DO NOT AUTO MERGE
design power plant systems,design power plant systems,ESCO,Power BI,power bi,FLAGGED_FOR_REVIEW,Token overlap or partial substring - DO NOT AUTO MERGE
Design specification database software,design specification database software,O*NET,Database Security,database security,FLAGGED_FOR_REVIEW,Token overlap or partial substring - DO NOT AUTO MERGE
"design the digital interface of gambling, betting and lottery games","design the digital interface of gambling, betting and lottery games",ESCO,Git,git,FLAGGED_FOR_REVIEW,Token overlap or partial substring - DO NOT AUTO MERGE
design training programmes for individuals and animals,design training programmes for individuals and animals,ESCO,Routing and Switching,routing and switching,FLAGGED_FOR_REVIEW,Token overlap or partial substring - DO NOT AUTO MERGE
design ventilation network,design ventilation network,ESCO,Network Security,network security,FLAGGED_FOR_REVIEW,Token overlap or partial substring - DO NOT AUTO MERGE
design window and glazing systems,design window and glazing systems,ESCO,Routing and Switching,routing and switching,FLAGGED_FOR_REVIEW,Token overlap or partial substring - DO NOT AUTO MERGE
Desktop digital photogrammetry system DDPS,desktop digital photogrammetry system ddps,O*NET,Git,git,FLAGGED_FOR_REVIEW,Token overlap or partial substring - DO NOT AUTO MERGE
Desktop Piano and Drums,desktop piano and drums,O*NET,Routing and Switching,routing and switching,FLAGGED_FOR_REVIEW,Token overlap or partial substring - DO NOT AUTO MERGE
detect flaws in bottles,detect flaws in bottles,ESCO,AWS,aws,FLAGGED_FOR_REVIEW,Token overlap or partial substring - DO NOT AUTO MERGE
detect flaws in pipeline infrastructure,detect flaws in pipeline infrastructure,ESCO,AWS,aws,FLAGGED_FOR_REVIEW,Token overlap or partial substring - DO NOT AUTO MERGE
detect flaws in rails,detect flaws in rails,ESCO,AWS,aws,FLAGGED_FOR_REVIEW,Token overlap or partial substring - DO NOT AUTO MERGE
detect flaws in record,detect flaws in record,ESCO,AWS,aws,FLAGGED_FOR_REVIEW,Token overlap or partial substring - DO NOT AUTO MERGE
determine appropriate heating and cooling system,determine appropriate heating and cooling system,ESCO,Routing and Switching,routing and switching,FLAGGED_FOR_REVIEW,Token overlap or partial substring - DO NOT AUTO MERGE
determine tunnel boring machine speed,determine tunnel boring machine speed,ESCO,Machine Learning,machine learning,FLAGGED_FOR_REVIEW,Token overlap or partial substring - DO NOT AUTO MERGE
develop a health and safety prevention plan for road transport,develop a health and safety prevention plan for road transport,ESCO,Routing and Switching,routing and switching,FLAGGED_FOR_REVIEW,Token overlap or partial substring - DO NOT AUTO MERGE
develop an artistic network,develop an artistic network,ESCO,Network Security,network security,FLAGGED_FOR_REVIEW,Token overlap or partial substring - DO NOT AUTO MERGE
develop appropriate health and safety measures in accordance with available resources,develop appropriate health and safety measures in accordance with available resources,ESCO,Routing and Switching,routing and switching,FLAGGED_FOR_REVIEW,Token overlap or partial substring - DO NOT AUTO MERGE
develop data link services for navigation purposes,develop data link services for navigation purposes,ESCO,Data Structures,data structures,FLAGGED_FOR_REVIEW,Token overlap or partial substring - DO NOT AUTO MERGE
develop data processing applications,develop data processing applications,ESCO,Data Structures,data structures,FLAGGED_FOR_REVIEW,Token overlap or partial substring - DO NOT AUTO MERGE
develop digital content,develop digital content,ESCO,Git,git,FLAGGED_FOR_REVIEW,Token overlap or partial substring - DO NOT AUTO MERGE
develop digital educational materials,develop digital educational materials,ESCO,Git,git,FLAGGED_FOR_REVIEW,Token overlap or partial substring - DO NOT AUTO MERGE
develop financial statistics reports,develop financial statistics reports,ESCO,Statistics,statistics,FLAGGED_FOR_REVIEW,Token overlap or partial substring - DO NOT AUTO MERGE
develop fish health and welfare management plans,develop fish health and welfare management plans,ESCO,Routing and Switching,routing and switching,FLAGGED_FOR_REVIEW,Token overlap or partial substring - DO NOT AUTO MERGE
develop footwear and leather goods marketing plans,develop footwear and leather goods marketing plans,ESCO,Routing and Switching,routing and switching,FLAGGED_FOR_REVIEW,Token overlap or partial substring - DO NOT AUTO MERGE
develop health and safety strategies in mining,develop health and safety strategies in mining,ESCO,Routing and Switching,routing and switching,FLAGGED_FOR_REVIEW,Token overlap or partial substring - DO NOT AUTO MERGE
develop information security strategy,develop information security strategy,ESCO,Database Security,database security,FLAGGED_FOR_REVIEW,Token overlap or partial substring - DO NOT AUTO MERGE
develop learning curriculum,develop learning curriculum,ESCO,Machine Learning,machine learning,FLAGGED_FOR_REVIEW,Token overlap or partial substring - DO NOT AUTO MERGE
develop professional network,develop professional network,ESCO,Network Security,network security,FLAGGED_FOR_REVIEW,Token overlap or partial substring - DO NOT AUTO MERGE
develop professional network with researchers and scientists,develop professional network with researchers and scientists,ESCO,Routing and Switching,routing and switching,FLAGGED_FOR_REVIEW,Token overlap or partial substring - DO NOT AUTO MERGE
develop security concepts,develop security concepts,ESCO,Database Security,database security,FLAGGED_FOR_REVIEW,Token overlap or partial substring - DO NOT AUTO MERGE
develop social security programmes,develop social security programmes,ESCO,Database Security,database security,FLAGGED_FOR_REVIEW,Token overlap or partial substring - DO NOT AUTO MERGE
DHI Water and Environment MIKE SHE,dhi water and environment mike she,O*NET,Routing and Switching,routing and switching,FLAGGED_FOR_REVIEW,Token overlap or partial substring - DO NOT AUTO MERGE
diagnose abnormalities of dental-facial structures,diagnose abnormalities of dental-facial structures,ESCO,Data Structures,data structures,FLAGGED_FOR_REVIEW,Token overlap or partial substring - DO NOT AUTO MERGE
"diagnose diseases of ear, nose, and throat","diagnose diseases of ear, nose, and throat",ESCO,Routing and Switching,routing and switching,FLAGGED_FOR_REVIEW,Token overlap or partial substring - DO NOT AUTO MERGE
Diagnostic and procedural coding software,diagnostic and procedural coding software,O*NET,Routing and Switching,routing and switching,FLAGGED_FOR_REVIEW,Token overlap or partial substring - DO NOT AUTO MERGE
Digital analysis tests and statistics DATAS for Excel,digital analysis tests and statistics datas for excel,O*NET,Git,git,FLAGGED_FOR_REVIEW,Token overlap or partial substring - DO NOT AUTO MERGE
Digital analysis tests and statistics DATAS for SAS,digital analysis tests and statistics datas for sas,O*NET,Git,git,FLAGGED_FOR_REVIEW,Token overlap or partial substring - DO NOT AUTO MERGE
digital arts,digital arts,ESCO,Git,git,FLAGGED_FOR_REVIEW,Token overlap or partial substring - DO NOT AUTO MERGE
digital camera sensors,digital camera sensors,ESCO,Git,git,FLAGGED_FOR_REVIEW,Token overlap or partial substring - DO NOT AUTO MERGE
Digital Coach AthleticTrainer,digital coach athletictrainer,O*NET,Git,git,FLAGGED_FOR_REVIEW,Token overlap or partial substring - DO NOT AUTO MERGE
digital communication and collaboration,digital communication and collaboration,ESCO,Git,git,FLAGGED_FOR_REVIEW,Token overlap or partial substring - DO NOT AUTO MERGE
digital compositing,digital compositing,ESCO,Git,git,FLAGGED_FOR_REVIEW,Token overlap or partial substring - DO NOT AUTO MERGE
digital content creation,digital content creation,ESCO,Git,git,FLAGGED_FOR_REVIEW,Token overlap or partial substring - DO NOT AUTO MERGE
Digital contract software,digital contract software,O*NET,Git,git,FLAGGED_FOR_REVIEW,Token overlap or partial substring - DO NOT AUTO MERGE
Digital control systems DCS,digital control systems dcs,O*NET,Git,git,FLAGGED_FOR_REVIEW,Token overlap or partial substring - DO NOT AUTO MERGE
Digital Crew Teamwork Project Manager,digital crew teamwork project manager,O*NET,Git,git,FLAGGED_FOR_REVIEW,Token overlap or partial substring - DO NOT AUTO MERGE
digital curation,digital curation,ESCO,Git,git,FLAGGED_FOR_REVIEW,Token overlap or partial substring - DO NOT AUTO MERGE
digital data processing,digital data processing,ESCO,Git,git,FLAGGED_FOR_REVIEW,Token overlap or partial substring - DO NOT AUTO MERGE
Digital databases,digital databases,O*NET,Git,git,FLAGGED_FOR_REVIEW,Token overlap or partial substring - DO NOT AUTO MERGE
Digital direct control DDC energy management software,digital direct control ddc energy management software,O*NET,Git,git,FLAGGED_FOR_REVIEW,Token overlap or partial substring - DO NOT AUTO MERGE
Digital Dispatch,digital dispatch,O*NET,Git,git,FLAGGED_FOR_REVIEW,Token overlap or partial substring - DO NOT AUTO MERGE
Digital elevation model DEM software,digital elevation model dem software,O*NET,Git,git,FLAGGED_FOR_REVIEW,Token overlap or partial substring - DO NOT AUTO MERGE
Digital Engineering Corporation E-MAPS,digital engineering corporation e-maps,O*NET,Git,git,FLAGGED_FOR_REVIEW,Token overlap or partial substring - DO NOT AUTO MERGE
Digital Equipment Corporation DIGITAL Fortran 90,digital equipment corporation digital fortran 90,O*NET,Git,git,FLAGGED_FOR_REVIEW,Token overlap or partial substring - DO NOT AUTO MERGE
digital game creation systems,digital game creation systems,ESCO,Git,git,FLAGGED_FOR_REVIEW,Token overlap or partial substring - DO NOT AUTO MERGE
digital game genres,digital game genres,ESCO,Git,git,FLAGGED_FOR_REVIEW,Token overlap or partial substring - DO NOT AUTO MERGE
Digital Gateway e-automate,digital gateway e-automate,O*NET,Git,git,FLAGGED_FOR_REVIEW,Token overlap or partial substring - DO NOT AUTO MERGE
Digital Healthcare OptoMize,digital healthcare optomize,O*NET,Git,git,FLAGGED_FOR_REVIEW,Token overlap or partial substring - DO NOT AUTO MERGE
digital identity management,digital identity management,ESCO,Git,git,FLAGGED_FOR_REVIEW,Token overlap or partial substring - DO NOT AUTO MERGE
Digital image collections,digital image collections,O*NET,Git,git,FLAGGED_FOR_REVIEW,Token overlap or partial substring - DO NOT AUTO MERGE
Digital image correlation DIC software,digital image correlation dic software,O*NET,Git,git,FLAGGED_FOR_REVIEW,Token overlap or partial substring - DO NOT AUTO MERGE
Digital image databases,digital image databases,O*NET,Git,git,FLAGGED_FOR_REVIEW,Token overlap or partial substring - DO NOT AUTO MERGE
Digital Image Management Solutions Crime Scene,digital image management solutions crime scene,O*NET,Git,git,FLAGGED_FOR_REVIEW,Token overlap or partial substring - DO NOT AUTO MERGE
digital image processing,digital image processing,ESCO,Git,git,FLAGGED_FOR_REVIEW,Token overlap or partial substring - DO NOT AUTO MERGE
Digital image processing software,digital image processing software,O*NET,Git,git,FLAGGED_FOR_REVIEW,Token overlap or partial substring - DO NOT AUTO MERGE
Digital Imaging Communications in Medicine DICOM medical imaging software,digital imaging communications in medicine dicom medical imaging software,O*NET,Git,git,FLAGGED_FOR_REVIEW,Token overlap or partial substring - DO NOT AUTO MERGE
Digital Imaging Communications in Medicine DICOM software/modality management software,digital imaging communications in medicine dicom software/modality management software,O*NET,Git,git,FLAGGED_FOR_REVIEW,Token overlap or partial substring - DO NOT AUTO MERGE
Digital Imaging Communications in Medicine DICOM-compatible image acquisition and integration software products,digital imaging communications in medicine dicom-compatible image acquisition and integration software products,O*NET,Git,git,FLAGGED_FOR_REVIEW,Token overlap or partial substring - DO NOT AUTO MERGE
Digital imaging software,digital imaging software,O*NET,Git,git,FLAGGED_FOR_REVIEW,Token overlap or partial substring - DO NOT AUTO MERGE
Digital imaging system software,digital imaging system software,O*NET,Git,git,FLAGGED_FOR_REVIEW,Token overlap or partial substring - DO NOT AUTO MERGE
digital journalism,digital journalism,ESCO,Git,git,FLAGGED_FOR_REVIEW,Token overlap or partial substring - DO NOT AUTO MERGE
Digital karyotyping software,digital karyotyping software,O*NET,Git,git,FLAGGED_FOR_REVIEW,Token overlap or partial substring - DO NOT AUTO MERGE
Digital mapping software,digital mapping software,O*NET,Git,git,FLAGGED_FOR_REVIEW,Token overlap or partial substring - DO NOT AUTO MERGE
digital marketing techniques,digital marketing techniques,ESCO,Git,git,FLAGGED_FOR_REVIEW,Token overlap or partial substring - DO NOT AUTO MERGE
digital media,digital media,ESCO,Git,git,FLAGGED_FOR_REVIEW,Token overlap or partial substring - DO NOT AUTO MERGE
digital printing,digital printing,ESCO,Git,git,FLAGGED_FOR_REVIEW,Token overlap or partial substring - DO NOT AUTO MERGE
digital systems,digital systems,ESCO,Git,git,FLAGGED_FOR_REVIEW,Token overlap or partial substring - DO NOT AUTO MERGE
Digital terrain modeling software,digital terrain modeling software,O*NET,Git,git,FLAGGED_FOR_REVIEW,Token overlap or partial substring - DO NOT AUTO MERGE
Digital timing diagram editing software,digital timing diagram editing software,O*NET,Git,git,FLAGGED_FOR_REVIEW,Token overlap or partial substring - DO NOT AUTO MERGE
digital twin technology,digital twin technology,ESCO,Git,git,FLAGGED_FOR_REVIEW,Token overlap or partial substring - DO NOT AUTO MERGE
digitise documents,digitise documents,ESCO,Git,git,FLAGGED_FOR_REVIEW,Token overlap or partial substring - DO NOT AUTO MERGE
digitization,digitization,ESCO,Git,git,FLAGGED_FOR_REVIEW,Token overlap or partial substring - DO NOT AUTO MERGE
Digitizing and photogrammetric software,digitizing and photogrammetric software,O*NET,Git,git,FLAGGED_FOR_REVIEW,Token overlap or partial substring - DO NOT AUTO MERGE
Digitizing software,digitizing software,O*NET,Git,git,FLAGGED_FOR_REVIEW,Token overlap or partial substring - DO NOT AUTO MERGE
DigiTools Roof CAD,digitools roof cad,O*NET,Git,git,FLAGGED_FOR_REVIEW,Token overlap or partial substring - DO NOT AUTO MERGE
Disease Mapping and Analysis Program DMAP,disease mapping and analysis program dmap,O*NET,Routing and Switching,routing and switching,FLAGGED_FOR_REVIEW,Token overlap or partial substring - DO NOT AUTO MERGE
Distance learning software,distance learning software,O*NET,Machine Learning,machine learning,FLAGGED_FOR_REVIEW,Token overlap or partial substring - DO NOT AUTO MERGE
distinguish types of saws,distinguish types of saws,ESCO,AWS,aws,FLAGGED_FOR_REVIEW,Token overlap or partial substring - DO NOT AUTO MERGE
Distributed database management software,distributed database management software,O*NET,Database Security,database security,FLAGGED_FOR_REVIEW,Token overlap or partial substring - DO NOT AUTO MERGE
distribution of heating cooling and hot water,distribution of heating cooling and hot water,ESCO,Routing and Switching,routing and switching,FLAGGED_FOR_REVIEW,Token overlap or partial substring - DO NOT AUTO MERGE
district heating and cooling,district heating and cooling,ESCO,Routing and Switching,routing and switching,FLAGGED_FOR_REVIEW,Token overlap or partial substring - DO NOT AUTO MERGE
Docking and ligand binding software,docking and ligand binding software,O*NET,Routing and Switching,routing and switching,FLAGGED_FOR_REVIEW,Token overlap or partial substring - DO NOT AUTO MERGE
document prior learning assessments,document prior learning assessments,ESCO,Machine Learning,machine learning,FLAGGED_FOR_REVIEW,Token overlap or partial substring - DO NOT AUTO MERGE
document security incidents in the store,document security incidents in the store,ESCO,Database Security,database security,FLAGGED_FOR_REVIEW,Token overlap or partial substring - DO NOT AUTO MERGE
dominKnow Learning Center,dominknow learning center,O*NET,Machine Learning,machine learning,FLAGGED_FOR_REVIEW,Token overlap or partial substring - DO NOT AUTO MERGE
draft scientific or academic papers and technical documentation,draft scientific or academic papers and technical documentation,ESCO,Routing and Switching,routing and switching,FLAGGED_FOR_REVIEW,Token overlap or partial substring - DO NOT AUTO MERGE
draw up marketing and sales plan,draw up marketing and sales plan,ESCO,Routing and Switching,routing and switching,FLAGGED_FOR_REVIEW,Token overlap or partial substring - DO NOT AUTO MERGE
draw up stage layouts digitally,draw up stage layouts digitally,ESCO,Git,git,FLAGGED_FOR_REVIEW,Token overlap or partial substring - DO NOT AUTO MERGE
Drawing and drafting software,drawing and drafting software,O*NET,Routing and Switching,routing and switching,FLAGGED_FOR_REVIEW,Token overlap or partial substring - DO NOT AUTO MERGE
DRAWSTITCH Artistic Sewing Suite,drawstitch artistic sewing suite,O*NET,AWS,aws,FLAGGED_FOR_REVIEW,Token overlap or partial substring - DO NOT AUTO MERGE
Drillingsoftware Tubular Database,drillingsoftware tubular database,O*NET,Database Security,database security,FLAGGED_FOR_REVIEW,Token overlap or partial substring - DO NOT AUTO MERGE
drive timber machine,drive timber machine,ESCO,Machine Learning,machine learning,FLAGGED_FOR_REVIEW,Token overlap or partial substring - DO NOT AUTO MERGE
drive tunnel boring machine,drive tunnel boring machine,ESCO,Machine Learning,machine learning,FLAGGED_FOR_REVIEW,Token overlap or partial substring - DO NOT AUTO MERGE
Drug database software,drug database software,O*NET,Database Security,database security,FLAGGED_FOR_REVIEW,Token overlap or partial substring - DO NOT AUTO MERGE
Dun and Bradstreet Global DecisionMaker,dun and bradstreet global decisionmaker,O*NET,Routing and Switching,routing and switching,FLAGGED_FOR_REVIEW,Token overlap or partial substring - DO NOT AUTO MERGE
Dynamic hypertext markup language DHTML,dynamic hypertext markup language dhtml,O*NET,HTML,html,FLAGGED_FOR_REVIEW,Token overlap or partial substring - DO NOT AUTO MERGE
Dynix Digital Library,dynix digital library,O*NET,Git,git,FLAGGED_FOR_REVIEW,Token overlap or partial substring - DO NOT AUTO MERGE
E-Z Data SmartOffice,e-z data smartoffice,O*NET,Data Structures,data structures,FLAGGED_FOR_REVIEW,Token overlap or partial substring - DO NOT AUTO MERGE
EBSCO Information Services Library Literature and Information Science Index,ebsco information services library literature and information science index,O*NET,Routing and Switching,routing and switching,FLAGGED_FOR_REVIEW,Token overlap or partial substring - DO NOT AUTO MERGE
"EBSCO Library, Information Science, and Technology Abstracts LISTSA","ebsco library, information science, and technology abstracts listsa",O*NET,Routing and Switching,routing and switching,FLAGGED_FOR_REVIEW,Token overlap or partial substring - DO NOT AUTO MERGE
EcoLogic ADAM Indoor Air Quality and Analytical Data Management,ecologic adam indoor air quality and analytical data management,O*NET,Data Structures,data structures,FLAGGED_FOR_REVIEW,Token overlap or partial substring - DO NOT AUTO MERGE
Economics and Accounting,economics and accounting,O*NET,Routing and Switching,routing and switching,FLAGGED_FOR_REVIEW,Token overlap or partial substring - DO NOT AUTO MERGE
edit digital moving images,edit digital moving images,ESCO,Git,git,FLAGGED_FOR_REVIEW,Token overlap or partial substring - DO NOT AUTO MERGE
educate on data confidentiality,educate on data confidentiality,ESCO,Data Structures,data structures,FLAGGED_FOR_REVIEW,Token overlap or partial substring - DO NOT AUTO MERGE
educate on oral healthcare and disease prevention,educate on oral healthcare and disease prevention,ESCO,Routing and Switching,routing and switching,FLAGGED_FOR_REVIEW,Token overlap or partial substring - DO NOT AUTO MERGE
Education and Training,education and training,O*NET,Routing and Switching,routing and switching,FLAGGED_FOR_REVIEW,Token overlap or partial substring - DO NOT AUTO MERGE
eLawSoftware,elawsoftware,O*NET,AWS,aws,FLAGGED_FOR_REVIEW,Token overlap or partial substring - DO NOT AUTO MERGE
Electrical power management system software,electrical power management system software,O*NET,Power BI,power bi,FLAGGED_FOR_REVIEW,Token overlap or partial substring - DO NOT AUTO MERGE
electrical power safety regulations,electrical power safety regulations,ESCO,Power BI,power bi,FLAGGED_FOR_REVIEW,Token overlap or partial substring - DO NOT AUTO MERGE
electron beam welding machine parts,electron beam welding machine parts,ESCO,Machine Learning,machine learning,FLAGGED_FOR_REVIEW,Token overlap or partial substring - DO NOT AUTO MERGE
electronic and telecommunication equipment,electronic and telecommunication equipment,ESCO,Routing and Switching,routing and switching,FLAGGED_FOR_REVIEW,Token overlap or partial substring - DO NOT AUTO MERGE
Electronic data capture EDC software,electronic data capture edc software,O*NET,Data Structures,data structures,FLAGGED_FOR_REVIEW,Token overlap or partial substring - DO NOT AUTO MERGE
Electronic data interchange EDI software,electronic data interchange edi software,O*NET,Data Structures,data structures,FLAGGED_FOR_REVIEW,Token overlap or partial substring - DO NOT AUTO MERGE
Electronic Data Interchange EDI systems,electronic data interchange edi systems,O*NET,Data Structures,data structures,FLAGGED_FOR_REVIEW,Token overlap or partial substring - DO NOT AUTO MERGE
Electronic Medical Records and Electronic Health Records Software IMS for Allergists,electronic medical records and electronic health records software ims for allergists,O*NET,Routing and Switching,routing and switching,FLAGGED_FOR_REVIEW,Token overlap or partial substring - DO NOT AUTO MERGE
electroplating machine parts,electroplating machine parts,ESCO,Machine Learning,machine learning,FLAGGED_FOR_REVIEW,Token overlap or partial substring - DO NOT AUTO MERGE
EMC Ionix Network Configuration Manager,emc ionix network configuration manager,O*NET,Network Security,network security,FLAGGED_FOR_REVIEW,Token overlap or partial substring - DO NOT AUTO MERGE
EMC Smarts Network Protocol Manager,emc smarts network protocol manager,O*NET,Network Security,network security,FLAGGED_FOR_REVIEW,Token overlap or partial substring - DO NOT AUTO MERGE
Emerald Data Deed-Chek,emerald data deed-chek,O*NET,Data Structures,data structures,FLAGGED_FOR_REVIEW,Token overlap or partial substring - DO NOT AUTO MERGE
Emergency Managers Weather Information Network EMWIN,emergency managers weather information network emwin,O*NET,Network Security,network security,FLAGGED_FOR_REVIEW,Token overlap or partial substring - DO NOT AUTO MERGE
empathise with the woman's family during and after pregnancy,empathise with the woman's family during and after pregnancy,ESCO,Routing and Switching,routing and switching,FLAGGED_FOR_REVIEW,Token overlap or partial substring - DO NOT AUTO MERGE
"empower individuals, families and groups","empower individuals, families and groups",ESCO,Routing and Switching,routing and switching,FLAGGED_FOR_REVIEW,Token overlap or partial substring - DO NOT AUTO MERGE
enforce alcohol drinking laws,enforce alcohol drinking laws,ESCO,AWS,aws,FLAGGED_FOR_REVIEW,Token overlap or partial substring - DO NOT AUTO MERGE
enforce health and safety regulations for bread products,enforce health and safety regulations for bread products,ESCO,Routing and Switching,routing and switching,FLAGGED_FOR_REVIEW,Token overlap or partial substring - DO NOT AUTO MERGE
Engineering and Technology,engineering and technology,O*NET,Routing and Switching,routing and switching,FLAGGED_FOR_REVIEW,Token overlap or partial substring - DO NOT AUTO MERGE
Enhanced Interior Gateway Routing Protocol EIGRP,enhanced interior gateway routing protocol eigrp,O*NET,Routing and Switching,routing and switching,FLAGGED_FOR_REVIEW,Token overlap or partial substring - DO NOT AUTO MERGE
ensure accuracy of aeronautical data,ensure accuracy of aeronautical data,ESCO,Data Structures,data structures,FLAGGED_FOR_REVIEW,Token overlap or partial substring - DO NOT AUTO MERGE
ensure aquaculture personnel health and safety,ensure aquaculture personnel health and safety,ESCO,Routing and Switching,routing and switching,FLAGGED_FOR_REVIEW,Token overlap or partial substring - DO NOT AUTO MERGE
ensure compliance with airport security measures,ensure compliance with airport security measures,ESCO,Database Security,database security,FLAGGED_FOR_REVIEW,Token overlap or partial substring - DO NOT AUTO MERGE
ensure compliance with gaming laws,ensure compliance with gaming laws,ESCO,AWS,aws,FLAGGED_FOR_REVIEW,Token overlap or partial substring - DO NOT AUTO MERGE
ensure compliance with purchasing and contracting regulations,ensure compliance with purchasing and contracting regulations,ESCO,Routing and Switching,routing and switching,FLAGGED_FOR_REVIEW,Token overlap or partial substring - DO NOT AUTO MERGE
ensure contract termination and follow-up,ensure contract termination and follow-up,ESCO,Routing and Switching,routing and switching,FLAGGED_FOR_REVIEW,Token overlap or partial substring - DO NOT AUTO MERGE
ensure data protection in aviation operations,ensure data protection in aviation operations,ESCO,Data Structures,data structures,FLAGGED_FOR_REVIEW,Token overlap or partial substring - DO NOT AUTO MERGE
ensure health and safety in escort services,ensure health and safety in escort services,ESCO,Routing and Switching,routing and switching,FLAGGED_FOR_REVIEW,Token overlap or partial substring - DO NOT AUTO MERGE
ensure health and safety in manufacturing,ensure health and safety in manufacturing,ESCO,Routing and Switching,routing and switching,FLAGGED_FOR_REVIEW,Token overlap or partial substring - DO NOT AUTO MERGE
ensure health and safety of customers,ensure health and safety of customers,ESCO,Routing and Switching,routing and switching,FLAGGED_FOR_REVIEW,Token overlap or partial substring - DO NOT AUTO MERGE
ensure health and safety of dive teams,ensure health and safety of dive teams,ESCO,Routing and Switching,routing and switching,FLAGGED_FOR_REVIEW,Token overlap or partial substring - DO NOT AUTO MERGE
ensure health and safety of staff,ensure health and safety of staff,ESCO,Routing and Switching,routing and switching,FLAGGED_FOR_REVIEW,Token overlap or partial substring - DO NOT AUTO MERGE
ensure health and safety of visitors,ensure health and safety of visitors,ESCO,Routing and Switching,routing and switching,FLAGGED_FOR_REVIEW,Token overlap or partial substring - DO NOT AUTO MERGE
ensure hotel security,ensure hotel security,ESCO,Database Security,database security,FLAGGED_FOR_REVIEW,Token overlap or partial substring - DO NOT AUTO MERGE
ensure information security,ensure information security,ESCO,Database Security,database security,FLAGGED_FOR_REVIEW,Token overlap or partial substring - DO NOT AUTO MERGE
ensure private property security,ensure private property security,ESCO,Database Security,database security,FLAGGED_FOR_REVIEW,Token overlap or partial substring - DO NOT AUTO MERGE
ensure public safety and security,ensure public safety and security,ESCO,Routing and Switching,routing and switching,FLAGGED_FOR_REVIEW,Token overlap or partial substring - DO NOT AUTO MERGE
ensure safety in electrical power operations,ensure safety in electrical power operations,ESCO,Power BI,power bi,FLAGGED_FOR_REVIEW,Token overlap or partial substring - DO NOT AUTO MERGE
ensure security on ships,ensure security on ships,ESCO,Database Security,database security,FLAGGED_FOR_REVIEW,Token overlap or partial substring - DO NOT AUTO MERGE
ensure store security,ensure store security,ESCO,Database Security,database security,FLAGGED_FOR_REVIEW,Token overlap or partial substring - DO NOT AUTO MERGE
ensure temperature control for fruits and vegetables,ensure temperature control for fruits and vegetables,ESCO,Routing and Switching,routing and switching,FLAGGED_FOR_REVIEW,Token overlap or partial substring - DO NOT AUTO MERGE
ensure the safety of endangered species and protected areas,ensure the safety of endangered species and protected areas,ESCO,Routing and Switching,routing and switching,FLAGGED_FOR_REVIEW,Token overlap or partial substring - DO NOT AUTO MERGE
ensure tram system power supply,ensure tram system power supply,ESCO,Power BI,power bi,FLAGGED_FOR_REVIEW,Token overlap or partial substring - DO NOT AUTO MERGE
ensure vessel security,ensure vessel security,ESCO,Database Security,database security,FLAGGED_FOR_REVIEW,Token overlap or partial substring - DO NOT AUTO MERGE
Enterprise JavaBeans,enterprise javabeans,O*NET,Java,java,FLAGGED_FOR_REVIEW,Token overlap or partial substring - DO NOT AUTO MERGE
Enterprise Systems RFID Data Management,enterprise systems rfid data management,O*NET,Data Structures,data structures,FLAGGED_FOR_REVIEW,Token overlap or partial substring - DO NOT AUTO MERGE
Environmental health and safety documentation software,environmental health and safety documentation software,O*NET,Routing and Switching,routing and switching,FLAGGED_FOR_REVIEW,Token overlap or partial substring - DO NOT AUTO MERGE
Environmental Knowledge and Assessment Tool EKAT,environmental knowledge and assessment tool ekat,O*NET,Routing and Switching,routing and switching,FLAGGED_FOR_REVIEW,Token overlap or partial substring - DO NOT AUTO MERGE
environmental legislation in agriculture and forestry,environmental legislation in agriculture and forestry,ESCO,Routing and Switching,routing and switching,FLAGGED_FOR_REVIEW,Token overlap or partial substring - DO NOT AUTO MERGE
Environmental Software and Services SUTRA,environmental software and services sutra,O*NET,Routing and Switching,routing and switching,FLAGGED_FOR_REVIEW,Token overlap or partial substring - DO NOT AUTO MERGE
Epinoisis Software Digital Ear,epinoisis software digital ear,O*NET,Git,git,FLAGGED_FOR_REVIEW,Token overlap or partial substring - DO NOT AUTO MERGE
ergonomics in footwear and leather goods design,ergonomics in footwear and leather goods design,ESCO,Routing and Switching,routing and switching,FLAGGED_FOR_REVIEW,Token overlap or partial substring - DO NOT AUTO MERGE
establish an ICT security prevention plan,establish an ict security prevention plan,ESCO,Database Security,database security,FLAGGED_FOR_REVIEW,Token overlap or partial substring - DO NOT AUTO MERGE
establish an Information Security Management System,establish an information security management system,ESCO,Database Security,database security,FLAGGED_FOR_REVIEW,Token overlap or partial substring - DO NOT AUTO MERGE
establish data processes,establish data processes,ESCO,Data Structures,data structures,FLAGGED_FOR_REVIEW,Token overlap or partial substring - DO NOT AUTO MERGE
establish educational network,establish educational network,ESCO,Network Security,network security,FLAGGED_FOR_REVIEW,Token overlap or partial substring - DO NOT AUTO MERGE
establish site security routines,establish site security routines,ESCO,Database Security,database security,FLAGGED_FOR_REVIEW,Token overlap or partial substring - DO NOT AUTO MERGE
estimate cost of jewellery and watches' maintenance,estimate cost of jewellery and watches' maintenance,ESCO,Routing and Switching,routing and switching,FLAGGED_FOR_REVIEW,Token overlap or partial substring - DO NOT AUTO MERGE
estimate value of used jewellery and watches,estimate value of used jewellery and watches,ESCO,Routing and Switching,routing and switching,FLAGGED_FOR_REVIEW,Token overlap or partial substring - DO NOT AUTO MERGE
EtQ Environmental Health and Safety Software,etq environmental health and safety software,O*NET,Routing and Switching,routing and switching,FLAGGED_FOR_REVIEW,Token overlap or partial substring - DO NOT AUTO MERGE
European Southern Observatory Munich Image Data Analysis System ESO-MIDAS,european southern observatory munich image data analysis system eso-midas,O*NET,Data Structures,data structures,FLAGGED_FOR_REVIEW,Token overlap or partial substring - DO NOT AUTO MERGE
European Structural and Investment Funds regulations,european structural and investment funds regulations,ESCO,Routing and Switching,routing and switching,FLAGGED_FOR_REVIEW,Token overlap or partial substring - DO NOT AUTO MERGE
"evaluate data, information and digital content","evaluate data, information and digital content",ESCO,Git,git,FLAGGED_FOR_REVIEW,Token overlap or partial substring - DO NOT AUTO MERGE
evaluate forensic data,evaluate forensic data,ESCO,Data Structures,data structures,FLAGGED_FOR_REVIEW,Token overlap or partial substring - DO NOT AUTO MERGE
evaluate genetic data,evaluate genetic data,ESCO,Data Structures,data structures,FLAGGED_FOR_REVIEW,Token overlap or partial substring - DO NOT AUTO MERGE
evaluate scientific data concerning medicines,evaluate scientific data concerning medicines,ESCO,Data Structures,data structures,FLAGGED_FOR_REVIEW,Token overlap or partial substring - DO NOT AUTO MERGE
Ex Libris Group DigiTool,ex libris group digitool,O*NET,Git,git,FLAGGED_FOR_REVIEW,Token overlap or partial substring - DO NOT AUTO MERGE
examine civil structures,examine civil structures,ESCO,Data Structures,data structures,FLAGGED_FOR_REVIEW,Token overlap or partial substring - DO NOT AUTO MERGE
examine dental models and impressions,examine dental models and impressions,ESCO,Routing and Switching,routing and switching,FLAGGED_FOR_REVIEW,Token overlap or partial substring - DO NOT AUTO MERGE
ExcelTrans Translator,exceltrans translator,O*NET,Excel,excel,FLAGGED_FOR_REVIEW,Token overlap or partial substring - DO NOT AUTO MERGE
execute disease and pest control activities,execute disease and pest control activities,ESCO,Routing and Switching,routing and switching,FLAGGED_FOR_REVIEW,Token overlap or partial substring - DO NOT AUTO MERGE
execute opening and closing procedures,execute opening and closing procedures,ESCO,Routing and Switching,routing and switching,FLAGGED_FOR_REVIEW,Token overlap or partial substring - DO NOT AUTO MERGE
exercise rights and responsibilities,exercise rights and responsibilities,ESCO,Routing and Switching,routing and switching,FLAGGED_FOR_REVIEW,Token overlap or partial substring - DO NOT AUTO MERGE
exercise security in hospitals,exercise security in hospitals,ESCO,Database Security,database security,FLAGGED_FOR_REVIEW,Token overlap or partial substring - DO NOT AUTO MERGE
expand the network of providers,expand the network of providers,ESCO,Network Security,network security,FLAGGED_FOR_REVIEW,Token overlap or partial substring - DO NOT AUTO MERGE
Experimental Physics and Industrial Control System EPICS,experimental physics and industrial control system epics,O*NET,Routing and Switching,routing and switching,FLAGGED_FOR_REVIEW,Token overlap or partial substring - DO NOT AUTO MERGE
Expert Health Data Programming Vitalnet,expert health data programming vitalnet,O*NET,Data Structures,data structures,FLAGGED_FOR_REVIEW,Token overlap or partial substring - DO NOT AUTO MERGE
ExpressDigital Labtricity,expressdigital labtricity,O*NET,Git,git,FLAGGED_FOR_REVIEW,Token overlap or partial substring - DO NOT AUTO MERGE
Expression DNA and protein sequence software,expression dna and protein sequence software,O*NET,Routing and Switching,routing and switching,FLAGGED_FOR_REVIEW,Token overlap or partial substring - DO NOT AUTO MERGE
Extensible hypertext markup language XHTML,extensible hypertext markup language xhtml,O*NET,HTML,html,FLAGGED_FOR_REVIEW,Token overlap or partial substring - DO NOT AUTO MERGE
Extranet Machine Tools Suite,extranet machine tools suite,O*NET,Machine Learning,machine learning,FLAGGED_FOR_REVIEW,Token overlap or partial substring - DO NOT AUTO MERGE
ExtraTech Machine Tools Suite,extratech machine tools suite,O*NET,Machine Learning,machine learning,FLAGGED_FOR_REVIEW,Token overlap or partial substring - DO NOT AUTO MERGE
EZ-Data Client Data System,ez-data client data system,O*NET,Data Structures,data structures,FLAGGED_FOR_REVIEW,Token overlap or partial substring - DO NOT AUTO MERGE
facilitate compositional structures in dance,facilitate compositional structures in dance,ESCO,Data Structures,data structures,FLAGGED_FOR_REVIEW,Token overlap or partial substring - DO NOT AUTO MERGE
Facility database software,facility database software,O*NET,Database Security,database security,FLAGGED_FOR_REVIEW,Token overlap or partial substring - DO NOT AUTO MERGE
Failure mode and effects analysis FMEA software,failure mode and effects analysis fmea software,O*NET,Routing and Switching,routing and switching,FLAGGED_FOR_REVIEW,Token overlap or partial substring - DO NOT AUTO MERGE
Failure mode effects and criticality analysis FMECA software,failure mode effects and criticality analysis fmeca software,O*NET,Routing and Switching,routing and switching,FLAGGED_FOR_REVIEW,Token overlap or partial substring - DO NOT AUTO MERGE
Failure modes and effects analysis FMEA software,failure modes and effects analysis fmea software,O*NET,Routing and Switching,routing and switching,FLAGGED_FOR_REVIEW,Token overlap or partial substring - DO NOT AUTO MERGE
Failure rate data in perspective FARADIP software,failure rate data in perspective faradip software,O*NET,Data Structures,data structures,FLAGGED_FOR_REVIEW,Token overlap or partial substring - DO NOT AUTO MERGE
Failure rate database software,failure rate database software,O*NET,Database Security,database security,FLAGGED_FOR_REVIEW,Token overlap or partial substring - DO NOT AUTO MERGE
Failure reporting analysis and corrective action FRACAS software,failure reporting analysis and corrective action fracas software,O*NET,Routing and Switching,routing and switching,FLAGGED_FOR_REVIEW,Token overlap or partial substring - DO NOT AUTO MERGE
FANUC Robotics Dual Check Safety DCS Position and Speed Check,fanuc robotics dual check safety dcs position and speed check,O*NET,Routing and Switching,routing and switching,FLAGGED_FOR_REVIEW,Token overlap or partial substring - DO NOT AUTO MERGE
Farm Management Software Hay and Crop Manager,farm management software hay and crop manager,O*NET,Routing and Switching,routing and switching,FLAGGED_FOR_REVIEW,Token overlap or partial substring - DO NOT AUTO MERGE
fasten treads and risers,fasten treads and risers,ESCO,Routing and Switching,routing and switching,FLAGGED_FOR_REVIEW,Token overlap or partial substring - DO NOT AUTO MERGE
Fault detection isolation and recovery FDIR software,fault detection isolation and recovery fdir software,O*NET,Routing and Switching,routing and switching,FLAGGED_FOR_REVIEW,Token overlap or partial substring - DO NOT AUTO MERGE
FBS Data Systems Flexmls,fbs data systems flexmls,O*NET,Data Structures,data structures,FLAGGED_FOR_REVIEW,Token overlap or partial substring - DO NOT AUTO MERGE
feed fibreglass machine,feed fibreglass machine,ESCO,Machine Learning,machine learning,FLAGGED_FOR_REVIEW,Token overlap or partial substring - DO NOT AUTO MERGE
feed glass fibre into pultrusion machine,feed glass fibre into pultrusion machine,ESCO,Machine Learning,machine learning,FLAGGED_FOR_REVIEW,Token overlap or partial substring - DO NOT AUTO MERGE
feed mirror machine,feed mirror machine,ESCO,Machine Learning,machine learning,FLAGGED_FOR_REVIEW,Token overlap or partial substring - DO NOT AUTO MERGE
feed soap chips machine,feed soap chips machine,ESCO,Machine Learning,machine learning,FLAGGED_FOR_REVIEW,Token overlap or partial substring - DO NOT AUTO MERGE
feed the clay mixing machine,feed the clay mixing machine,ESCO,Machine Learning,machine learning,FLAGGED_FOR_REVIEW,Token overlap or partial substring - DO NOT AUTO MERGE
Field data recorder software,field data recorder software,O*NET,Data Structures,data structures,FLAGGED_FOR_REVIEW,Token overlap or partial substring - DO NOT AUTO MERGE
Field Operations and Records Management System (FORMS) II Lite,field operations and records management system (forms) ii lite,O*NET,Routing and Switching,routing and switching,FLAGGED_FOR_REVIEW,Token overlap or partial substring - DO NOT AUTO MERGE
Fielding Data Labs OptoMizer,fielding data labs optomizer,O*NET,Data Structures,data structures,FLAGGED_FOR_REVIEW,Token overlap or partial substring - DO NOT AUTO MERGE
filing machine parts,filing machine parts,ESCO,Machine Learning,machine learning,FLAGGED_FOR_REVIEW,Token overlap or partial substring - DO NOT AUTO MERGE
fill the rubber processing machine,fill the rubber processing machine,ESCO,Machine Learning,machine learning,FLAGGED_FOR_REVIEW,Token overlap or partial substring - DO NOT AUTO MERGE
Film processor tracking and management software,film processor tracking and management software,O*NET,Routing and Switching,routing and switching,FLAGGED_FOR_REVIEW,Token overlap or partial substring - DO NOT AUTO MERGE
find new types of food and beverages,find new types of food and beverages,ESCO,Routing and Switching,routing and switching,FLAGGED_FOR_REVIEW,Token overlap or partial substring - DO NOT AUTO MERGE
find trends in geographic data,find trends in geographic data,ESCO,Data Structures,data structures,FLAGGED_FOR_REVIEW,Token overlap or partial substring - DO NOT AUTO MERGE
Fire Response of Structures Thermal FIRES-T software,fire response of structures thermal fires-t software,O*NET,Data Structures,data structures,FLAGGED_FOR_REVIEW,Token overlap or partial substring - DO NOT AUTO MERGE
Fire safety inspection and testing software,fire safety inspection and testing software,O*NET,Routing and Switching,routing and switching,FLAGGED_FOR_REVIEW,Token overlap or partial substring - DO NOT AUTO MERGE
First American Data Tree Parcel IQ,first american data tree parcel iq,O*NET,Data Structures,data structures,FLAGGED_FOR_REVIEW,Token overlap or partial substring - DO NOT AUTO MERGE
fish identification and classification,fish identification and classification,ESCO,Routing and Switching,routing and switching,FLAGGED_FOR_REVIEW,Token overlap or partial substring - DO NOT AUTO MERGE
"fish, crustacean and mollusc products","fish, crustacean and mollusc products",ESCO,Routing and Switching,routing and switching,FLAGGED_FOR_REVIEW,Token overlap or partial substring - DO NOT AUTO MERGE
Fleet Asset Management and Optimization Solutions FAMOS PEPSE,fleet asset management and optimization solutions famos pepse,O*NET,Routing and Switching,routing and switching,FLAGGED_FOR_REVIEW,Token overlap or partial substring - DO NOT AUTO MERGE
FloorCOST Estimator for Excel,floorcost estimator for excel,O*NET,Excel,excel,FLAGGED_FOR_REVIEW,Token overlap or partial substring - DO NOT AUTO MERGE
flower and plant products,flower and plant products,ESCO,Routing and Switching,routing and switching,FLAGGED_FOR_REVIEW,Token overlap or partial substring - DO NOT AUTO MERGE
follow health and safety precautions in social care practices,follow health and safety precautions in social care practices,ESCO,Routing and Switching,routing and switching,FLAGGED_FOR_REVIEW,Token overlap or partial substring - DO NOT AUTO MERGE
follow health and safety procedures in construction,follow health and safety procedures in construction,ESCO,Routing and Switching,routing and switching,FLAGGED_FOR_REVIEW,Token overlap or partial substring - DO NOT AUTO MERGE
follow switching instructions in rail operations,follow switching instructions in rail operations,ESCO,Routing and Switching,routing and switching,FLAGGED_FOR_REVIEW,Token overlap or partial substring - DO NOT AUTO MERGE
food and beverage industry,food and beverage industry,ESCO,Routing and Switching,routing and switching,FLAGGED_FOR_REVIEW,Token overlap or partial substring - DO NOT AUTO MERGE
food and beverages on the menu,food and beverages on the menu,ESCO,Routing and Switching,routing and switching,FLAGGED_FOR_REVIEW,Token overlap or partial substring - DO NOT AUTO MERGE
footwear and leather goods marketing planning,footwear and leather goods marketing planning,ESCO,Routing and Switching,routing and switching,FLAGGED_FOR_REVIEW,Token overlap or partial substring - DO NOT AUTO MERGE
forecast future ICT network needs,forecast future ict network needs,ESCO,Network Security,network security,FLAGGED_FOR_REVIEW,Token overlap or partial substring - DO NOT AUTO MERGE
fossil-fuel power plant operations,fossil-fuel power plant operations,ESCO,Power BI,power bi,FLAGGED_FOR_REVIEW,Token overlap or partial substring - DO NOT AUTO MERGE
foster compliance with health and safety rules by setting an example,foster compliance with health and safety rules by setting an example,ESCO,Routing and Switching,routing and switching,FLAGGED_FOR_REVIEW,Token overlap or partial substring - DO NOT AUTO MERGE
Fox Meadows Accent Data Manager,fox meadows accent data manager,O*NET,Data Structures,data structures,FLAGGED_FOR_REVIEW,Token overlap or partial substring - DO NOT AUTO MERGE
Frostbite (digital game creation systems),frostbite (digital game creation systems),ESCO,Git,git,FLAGGED_FOR_REVIEW,Token overlap or partial substring - DO NOT AUTO MERGE
fruit and vegetable products,fruit and vegetable products,ESCO,Routing and Switching,routing and switching,FLAGGED_FOR_REVIEW,Token overlap or partial substring - DO NOT AUTO MERGE
fruit and vegetables maceration,fruit and vegetables maceration,ESCO,Routing and Switching,routing and switching,FLAGGED_FOR_REVIEW,Token overlap or partial substring - DO NOT AUTO MERGE
Fugitive emission leak detection software,fugitive emission leak detection software,O*NET,Git,git,FLAGGED_FOR_REVIEW,Token overlap or partial substring - DO NOT AUTO MERGE
"furniture, carpet and lighting equipment products","furniture, carpet and lighting equipment products",ESCO,Routing and Switching,routing and switching,FLAGGED_FOR_REVIEW,Token overlap or partial substring - DO NOT AUTO MERGE
Fuze cloud communications and collaboration software,fuze cloud communications and collaboration software,O*NET,Routing and Switching,routing and switching,FLAGGED_FOR_REVIEW,Token overlap or partial substring - DO NOT AUTO MERGE
Gale Cengage Learning Associations Unlimited,gale cengage learning associations unlimited,O*NET,Machine Learning,machine learning,FLAGGED_FOR_REVIEW,Token overlap or partial substring - DO NOT AUTO MERGE
gather data,gather data,ESCO,Data Structures,data structures,FLAGGED_FOR_REVIEW,Token overlap or partial substring - DO NOT AUTO MERGE
gather data for forensic purposes,gather data for forensic purposes,ESCO,Data Structures,data structures,FLAGGED_FOR_REVIEW,Token overlap or partial substring - DO NOT AUTO MERGE
gather experimental data,gather experimental data,ESCO,Data Structures,data structures,FLAGGED_FOR_REVIEW,Token overlap or partial substring - DO NOT AUTO MERGE
GCS Property Assessment and Tax Billing,gcs property assessment and tax billing,O*NET,Routing and Switching,routing and switching,FLAGGED_FOR_REVIEW,Token overlap or partial substring - DO NOT AUTO MERGE
GE Fanuc Proficy Machine Edition,ge fanuc proficy machine edition,O*NET,Machine Learning,machine learning,FLAGGED_FOR_REVIEW,Token overlap or partial substring - DO NOT AUTO MERGE
Gene Recognition and Assembly Internet Link GRAIL,gene recognition and assembly internet link grail,O*NET,Routing and Switching,routing and switching,FLAGGED_FOR_REVIEW,Token overlap or partial substring - DO NOT AUTO MERGE
General Atomic and Molecular Electronic Structure System GAMESS,general atomic and molecular electronic structure system gamess,O*NET,Routing and Switching,routing and switching,FLAGGED_FOR_REVIEW,Token overlap or partial substring - DO NOT AUTO MERGE
Genetic database software,genetic database software,O*NET,Database Security,database security,FLAGGED_FOR_REVIEW,Token overlap or partial substring - DO NOT AUTO MERGE
GeoCue LIDAR and drone mapping software,geocue lidar and drone mapping software,O*NET,Routing and Switching,routing and switching,FLAGGED_FOR_REVIEW,Token overlap or partial substring - DO NOT AUTO MERGE
Geometric dimensioning and tolerancing software,geometric dimensioning and tolerancing software,O*NET,Routing and Switching,routing and switching,FLAGGED_FOR_REVIEW,Token overlap or partial substring - DO NOT AUTO MERGE
GeoMetrix Data Systems Training Partner,geometrix data systems training partner,O*NET,Data Structures,data structures,FLAGGED_FOR_REVIEW,Token overlap or partial substring - DO NOT AUTO MERGE
Geospatial data abstraction library GDAL,geospatial data abstraction library gdal,O*NET,Data Structures,data structures,FLAGGED_FOR_REVIEW,Token overlap or partial substring - DO NOT AUTO MERGE
Geostatistics software GS+,geostatistics software gs+,O*NET,Statistics,statistics,FLAGGED_FOR_REVIEW,Token overlap or partial substring - DO NOT AUTO MERGE
geothermal power generation methods,geothermal power generation methods,ESCO,Power BI,power bi,FLAGGED_FOR_REVIEW,Token overlap or partial substring - DO NOT AUTO MERGE
geothermal power plant operations,geothermal power plant operations,ESCO,Power BI,power bi,FLAGGED_FOR_REVIEW,Token overlap or partial substring - DO NOT AUTO MERGE
GitHub,github,O*NET,Git,git,FLAGGED_FOR_REVIEW,Token overlap or partial substring - DO NOT AUTO MERGE
GitLab,gitlab,O*NET,Git,git,FLAGGED_FOR_REVIEW,Token overlap or partial substring - DO NOT AUTO MERGE
Global Maritime Distress and Safety System,global maritime distress and safety system,ESCO,Routing and Switching,routing and switching,FLAGGED_FOR_REVIEW,Token overlap or partial substring - DO NOT AUTO MERGE
Govern Software Land and Permits Management System,govern software land and permits management system,O*NET,Routing and Switching,routing and switching,FLAGGED_FOR_REVIEW,Token overlap or partial substring - DO NOT AUTO MERGE
"Governance, risk, and compliance GRC software","governance, risk, and compliance grc software",O*NET,Routing and Switching,routing and switching,FLAGGED_FOR_REVIEW,Token overlap or partial substring - DO NOT AUTO MERGE
government social security programmes,government social security programmes,ESCO,Database Security,database security,FLAGGED_FOR_REVIEW,Token overlap or partial substring - DO NOT AUTO MERGE
Graphics digitizing software,graphics digitizing software,O*NET,Git,git,FLAGGED_FOR_REVIEW,Token overlap or partial substring - DO NOT AUTO MERGE
Greenplum Database,greenplum database,O*NET,Database Security,database security,FLAGGED_FOR_REVIEW,Token overlap or partial substring - DO NOT AUTO MERGE
Grid analysis and display system GrADS,grid analysis and display system grads,O*NET,Routing and Switching,routing and switching,FLAGGED_FOR_REVIEW,Token overlap or partial substring - DO NOT AUTO MERGE
"guidance, navigation and control","guidance, navigation and control",ESCO,Routing and Switching,routing and switching,FLAGGED_FOR_REVIEW,Token overlap or partial substring - DO NOT AUTO MERGE
handle cybersecurity incidents,handle cybersecurity incidents,ESCO,Cybersecurity,cybersecurity,FLAGGED_FOR_REVIEW,Token overlap or partial substring - DO NOT AUTO MERGE
handle data samples,handle data samples,ESCO,Data Structures,data structures,FLAGGED_FOR_REVIEW,Token overlap or partial substring - DO NOT AUTO MERGE
handle jewellery and watches insurance claims,handle jewellery and watches insurance claims,ESCO,Routing and Switching,routing and switching,FLAGGED_FOR_REVIEW,Token overlap or partial substring - DO NOT AUTO MERGE
handle mergers and acquisitions,handle mergers and acquisitions,ESCO,Routing and Switching,routing and switching,FLAGGED_FOR_REVIEW,Token overlap or partial substring - DO NOT AUTO MERGE
handle touristic quantitative data,handle touristic quantitative data,ESCO,Data Structures,data structures,FLAGGED_FOR_REVIEW,Token overlap or partial substring - DO NOT AUTO MERGE
handle warranty for digital equipment,handle warranty for digital equipment,ESCO,Git,git,FLAGGED_FOR_REVIEW,Token overlap or partial substring - DO NOT AUTO MERGE
handling chemical products for soil and plants,handling chemical products for soil and plants,ESCO,Routing and Switching,routing and switching,FLAGGED_FOR_REVIEW,Token overlap or partial substring - DO NOT AUTO MERGE
HandyFile Find and Replace Text Aid Kit,handyfile find and replace text aid kit,O*NET,Routing and Switching,routing and switching,FLAGGED_FOR_REVIEW,Token overlap or partial substring - DO NOT AUTO MERGE
Hardware description and verification language,hardware description and verification language,O*NET,Routing and Switching,routing and switching,FLAGGED_FOR_REVIEW,Token overlap or partial substring - DO NOT AUTO MERGE
"hardware, plumbing and heating equipment products","hardware, plumbing and heating equipment products",ESCO,Routing and Switching,routing and switching,FLAGGED_FOR_REVIEW,Token overlap or partial substring - DO NOT AUTO MERGE
Hatchery database systems,hatchery database systems,O*NET,Database Security,database security,FLAGGED_FOR_REVIEW,Token overlap or partial substring - DO NOT AUTO MERGE
hazard analysis and critical control points,hazard analysis and critical control points,ESCO,Routing and Switching,routing and switching,FLAGGED_FOR_REVIEW,Token overlap or partial substring - DO NOT AUTO MERGE
Hazardous waste operations and emergency response standard HAZWOPER training software,hazardous waste operations and emergency response standard hazwoper training software,O*NET,Routing and Switching,routing and switching,FLAGGED_FOR_REVIEW,Token overlap or partial substring - DO NOT AUTO MERGE
HCSS HeavyBid,hcss heavybid,O*NET,CSS,css,FLAGGED_FOR_REVIEW,Token overlap or partial substring - DO NOT AUTO MERGE
HCSS HeavyJob,hcss heavyjob,O*NET,CSS,css,FLAGGED_FOR_REVIEW,Token overlap or partial substring - DO NOT AUTO MERGE
health and safety hazards underground,health and safety hazards underground,ESCO,Routing and Switching,routing and switching,FLAGGED_FOR_REVIEW,Token overlap or partial substring - DO NOT AUTO MERGE
health and safety in the textile industry,health and safety in the textile industry,ESCO,Routing and Switching,routing and switching,FLAGGED_FOR_REVIEW,Token overlap or partial substring - DO NOT AUTO MERGE
health and safety in the workplace,health and safety in the workplace,ESCO,Routing and Switching,routing and switching,FLAGGED_FOR_REVIEW,Token overlap or partial substring - DO NOT AUTO MERGE
health and safety measures in transportation,health and safety measures in transportation,ESCO,Routing and Switching,routing and switching,FLAGGED_FOR_REVIEW,Token overlap or partial substring - DO NOT AUTO MERGE
health and safety regulations,health and safety regulations,ESCO,Routing and Switching,routing and switching,FLAGGED_FOR_REVIEW,Token overlap or partial substring - DO NOT AUTO MERGE
Health and safety training software,health and safety training software,O*NET,Routing and Switching,routing and switching,FLAGGED_FOR_REVIEW,Token overlap or partial substring - DO NOT AUTO MERGE
Health Care Data HealthProbe,health care data healthprobe,O*NET,Data Structures,data structures,FLAGGED_FOR_REVIEW,Token overlap or partial substring - DO NOT AUTO MERGE
Health information database software,health information database software,O*NET,Database Security,database security,FLAGGED_FOR_REVIEW,Token overlap or partial substring - DO NOT AUTO MERGE
"health, safety and hygiene legislation","health, safety and hygiene legislation",ESCO,Routing and Switching,routing and switching,FLAGGED_FOR_REVIEW,Token overlap or partial substring - DO NOT AUTO MERGE
healthcare data systems,healthcare data systems,ESCO,Data Structures,data structures,FLAGGED_FOR_REVIEW,Token overlap or partial substring - DO NOT AUTO MERGE
"heating, ventilation, air conditioning and refrigeration parts","heating, ventilation, air conditioning and refrigeration parts",ESCO,Routing and Switching,routing and switching,FLAGGED_FOR_REVIEW,Token overlap or partial substring - DO NOT AUTO MERGE
Hewlett-Packard HP Network Node Manager,hewlett-packard hp network node manager,O*NET,Network Security,network security,FLAGGED_FOR_REVIEW,Token overlap or partial substring - DO NOT AUTO MERGE
HEX Laboratory Systems Billing and Cash Management,hex laboratory systems billing and cash management,O*NET,Routing and Switching,routing and switching,FLAGGED_FOR_REVIEW,Token overlap or partial substring - DO NOT AUTO MERGE
"hides, skins and leather products","hides, skins and leather products",ESCO,Routing and Switching,routing and switching,FLAGGED_FOR_REVIEW,Token overlap or partial substring - DO NOT AUTO MERGE
High School Scheduling and Transcript HSST,high school scheduling and transcript hsst,O*NET,Routing and Switching,routing and switching,FLAGGED_FOR_REVIEW,Token overlap or partial substring - DO NOT AUTO MERGE
History and Archeology,history and archeology,O*NET,Routing and Switching,routing and switching,FLAGGED_FOR_REVIEW,Token overlap or partial substring - DO NOT AUTO MERGE
hold metal work piece in machine,hold metal work piece in machine,ESCO,Machine Learning,machine learning,FLAGGED_FOR_REVIEW,Token overlap or partial substring - DO NOT AUTO MERGE
Howard and Friends Computer CMA Plus,howard and friends computer cma plus,O*NET,Routing and Switching,routing and switching,FLAGGED_FOR_REVIEW,Token overlap or partial substring - DO NOT AUTO MERGE
human dynamics as part of hospitality security,human dynamics as part of hospitality security,ESCO,Database Security,database security,FLAGGED_FOR_REVIEW,Token overlap or partial substring - DO NOT AUTO MERGE
Human machine interface HMI software,human machine interface hmi software,O*NET,Machine Learning,machine learning,FLAGGED_FOR_REVIEW,Token overlap or partial substring - DO NOT AUTO MERGE
Humidity and vapor drive calculation software,humidity and vapor drive calculation software,O*NET,Routing and Switching,routing and switching,FLAGGED_FOR_REVIEW,Token overlap or partial substring - DO NOT AUTO MERGE
husbandry and harvesting effects on aquatic resources,husbandry and harvesting effects on aquatic resources,ESCO,Routing and Switching,routing and switching,FLAGGED_FOR_REVIEW,Token overlap or partial substring - DO NOT AUTO MERGE
Hypertext markup language HTML,hypertext markup language html,O*NET,HTML,html,FLAGGED_FOR_REVIEW,Token overlap or partial substring - DO NOT AUTO MERGE
IBM Digital Analytics,ibm digital analytics,O*NET,Git,git,FLAGGED_FOR_REVIEW,Token overlap or partial substring - DO NOT AUTO MERGE
IBM Fraud and Abuse Management System,ibm fraud and abuse management system,O*NET,Routing and Switching,routing and switching,FLAGGED_FOR_REVIEW,Token overlap or partial substring - DO NOT AUTO MERGE
IBM Power Systems software,ibm power systems software,O*NET,Power BI,power bi,FLAGGED_FOR_REVIEW,Token overlap or partial substring - DO NOT AUTO MERGE
IBM QRadar SIEM,ibm qradar siem,O*NET,SIEM,siem,FLAGGED_FOR_REVIEW,Token overlap or partial substring - DO NOT AUTO MERGE
IBM Rational Data Architect,ibm rational data architect,O*NET,Data Structures,data structures,FLAGGED_FOR_REVIEW,Token overlap or partial substring - DO NOT AUTO MERGE
IBM Security Network Intrusion Prevention System,ibm security network intrusion prevention system,O*NET,Database Security,database security,FLAGGED_FOR_REVIEW,Token overlap or partial substring - DO NOT AUTO MERGE
IBM Software Configuration and Library Manager SCLM,ibm software configuration and library manager sclm,O*NET,Routing and Switching,routing and switching,FLAGGED_FOR_REVIEW,Token overlap or partial substring - DO NOT AUTO MERGE
IBM SPSS Statistics,ibm spss statistics,O*NET,Statistics,statistics,FLAGGED_FOR_REVIEW,Token overlap or partial substring - DO NOT AUTO MERGE
ICS Learning Group Inquisiq EX,ics learning group inquisiq ex,O*NET,Machine Learning,machine learning,FLAGGED_FOR_REVIEW,Token overlap or partial substring - DO NOT AUTO MERGE
ICT network cable limitations,ict network cable limitations,ESCO,Network Security,network security,FLAGGED_FOR_REVIEW,Token overlap or partial substring - DO NOT AUTO MERGE
ICT network routing,ict network routing,ESCO,Routing and Switching,routing and switching,FLAGGED_FOR_REVIEW,Token overlap or partial substring - DO NOT AUTO MERGE
ICT network security risks,ict network security risks,ESCO,Database Security,database security,FLAGGED_FOR_REVIEW,Token overlap or partial substring - DO NOT AUTO MERGE
ICT network simulation,ict network simulation,ESCO,Network Security,network security,FLAGGED_FOR_REVIEW,Token overlap or partial substring - DO NOT AUTO MERGE
ICT networking hardware,ict networking hardware,ESCO,Networking,networking,FLAGGED_FOR_REVIEW,Token overlap or partial substring - DO NOT AUTO MERGE
ICT power consumption,ict power consumption,ESCO,Power BI,power bi,FLAGGED_FOR_REVIEW,Token overlap or partial substring - DO NOT AUTO MERGE
ICT security legislation,ict security legislation,ESCO,Database Security,database security,FLAGGED_FOR_REVIEW,Token overlap or partial substring - DO NOT AUTO MERGE
ICT security standards,ict security standards,ESCO,Database Security,database security,FLAGGED_FOR_REVIEW,Token overlap or partial substring - DO NOT AUTO MERGE
identify digital competence gaps,identify digital competence gaps,ESCO,Git,git,FLAGGED_FOR_REVIEW,Token overlap or partial substring - DO NOT AUTO MERGE
identify ICT security risks,identify ict security risks,ESCO,Database Security,database security,FLAGGED_FOR_REVIEW,Token overlap or partial substring - DO NOT AUTO MERGE
identify learning disorders,identify learning disorders,ESCO,Machine Learning,machine learning,FLAGGED_FOR_REVIEW,Token overlap or partial substring - DO NOT AUTO MERGE
identify security threats,identify security threats,ESCO,Database Security,database security,FLAGGED_FOR_REVIEW,Token overlap or partial substring - DO NOT AUTO MERGE
Image capture and analysis software,image capture and analysis software,O*NET,Routing and Switching,routing and switching,FLAGGED_FOR_REVIEW,Token overlap or partial substring - DO NOT AUTO MERGE
implement a virtual private network,implement a virtual private network,ESCO,Network Security,network security,FLAGGED_FOR_REVIEW,Token overlap or partial substring - DO NOT AUTO MERGE
implement cloud security and compliance,implement cloud security and compliance,ESCO,Routing and Switching,routing and switching,FLAGGED_FOR_REVIEW,Token overlap or partial substring - DO NOT AUTO MERGE
implement data quality processes,implement data quality processes,ESCO,Data Structures,data structures,FLAGGED_FOR_REVIEW,Token overlap or partial substring - DO NOT AUTO MERGE
implement data warehousing techniques,implement data warehousing techniques,ESCO,Data Structures,data structures,FLAGGED_FOR_REVIEW,Token overlap or partial substring - DO NOT AUTO MERGE
implement ICT network diagnostic tools,implement ict network diagnostic tools,ESCO,Network Security,network security,FLAGGED_FOR_REVIEW,Token overlap or partial substring - DO NOT AUTO MERGE
implement ICT security policies,implement ict security policies,ESCO,Database Security,database security,FLAGGED_FOR_REVIEW,Token overlap or partial substring - DO NOT AUTO MERGE
IMS Specialty Services IMS Digital Office,ims specialty services ims digital office,O*NET,Git,git,FLAGGED_FOR_REVIEW,Token overlap or partial substring - DO NOT AUTO MERGE
incidents and accidents recording,incidents and accidents recording,ESCO,Routing and Switching,routing and switching,FLAGGED_FOR_REVIEW,Token overlap or partial substring - DO NOT AUTO MERGE
increase the impact of science on policy and society,increase the impact of science on policy and society,ESCO,Routing and Switching,routing and switching,FLAGGED_FOR_REVIEW,Token overlap or partial substring - DO NOT AUTO MERGE
induce spawning and fertilisation on aquaculture species,induce spawning and fertilisation on aquaculture species,ESCO,Routing and Switching,routing and switching,FLAGGED_FOR_REVIEW,Token overlap or partial substring - DO NOT AUTO MERGE
Industrial production manager and stock control software,industrial production manager and stock control software,O*NET,Routing and Switching,routing and switching,FLAGGED_FOR_REVIEW,Token overlap or partial substring - DO NOT AUTO MERGE
industrial research and development,industrial research and development,ESCO,Routing and Switching,routing and switching,FLAGGED_FOR_REVIEW,Token overlap or partial substring - DO NOT AUTO MERGE
InferMed MACRO Electronic Data Capture,infermed macro electronic data capture,O*NET,Data Structures,data structures,FLAGGED_FOR_REVIEW,Token overlap or partial substring - DO NOT AUTO MERGE
influence of winds and currents in the steering of ships,influence of winds and currents in the steering of ships,ESCO,Routing and Switching,routing and switching,FLAGGED_FOR_REVIEW,Token overlap or partial substring - DO NOT AUTO MERGE
Infoblox security and networking software,infoblox security and networking software,O*NET,Networking,networking,FLAGGED_FOR_REVIEW,Token overlap or partial substring - DO NOT AUTO MERGE
Infor Lawson Supply Chain Management,infor lawson supply chain management,O*NET,AWS,aws,FLAGGED_FOR_REVIEW,Token overlap or partial substring - DO NOT AUTO MERGE
inform on the risks of substance and alcohol abuse,inform on the risks of substance and alcohol abuse,ESCO,Routing and Switching,routing and switching,FLAGGED_FOR_REVIEW,Token overlap or partial substring - DO NOT AUTO MERGE
Informatica Big Data,informatica big data,O*NET,Data Structures,data structures,FLAGGED_FOR_REVIEW,Token overlap or partial substring - DO NOT AUTO MERGE
Informatica Data Explorer,informatica data explorer,O*NET,Data Structures,data structures,FLAGGED_FOR_REVIEW,Token overlap or partial substring - DO NOT AUTO MERGE
information security strategy,information security strategy,ESCO,Database Security,database security,FLAGGED_FOR_REVIEW,Token overlap or partial substring - DO NOT AUTO MERGE
InformationActive ActiveData for Excel,informationactive activedata for excel,O*NET,Excel,excel,FLAGGED_FOR_REVIEW,Token overlap or partial substring - DO NOT AUTO MERGE
injection moulding machine parts,injection moulding machine parts,ESCO,Machine Learning,machine learning,FLAGGED_FOR_REVIEW,Token overlap or partial substring - DO NOT AUTO MERGE
INN-Client Server Systems ICSS Atrium,inn-client server systems icss atrium,O*NET,CSS,css,FLAGGED_FOR_REVIEW,Token overlap or partial substring - DO NOT AUTO MERGE
innovate in footwear and leather goods industry,innovate in footwear and leather goods industry,ESCO,Routing and Switching,routing and switching,FLAGGED_FOR_REVIEW,Token overlap or partial substring - DO NOT AUTO MERGE
insert coquille structures,insert coquille structures,ESCO,Data Structures,data structures,FLAGGED_FOR_REVIEW,Token overlap or partial substring - DO NOT AUTO MERGE
insert core structures,insert core structures,ESCO,Data Structures,data structures,FLAGGED_FOR_REVIEW,Token overlap or partial substring - DO NOT AUTO MERGE
insert mould structures,insert mould structures,ESCO,Data Structures,data structures,FLAGGED_FOR_REVIEW,Token overlap or partial substring - DO NOT AUTO MERGE
inspect concrete structures,inspect concrete structures,ESCO,Data Structures,data structures,FLAGGED_FOR_REVIEW,Token overlap or partial substring - DO NOT AUTO MERGE
inspect data,inspect data,ESCO,Data Structures,data structures,FLAGGED_FOR_REVIEW,Token overlap or partial substring - DO NOT AUTO MERGE
inspect overhead power lines,inspect overhead power lines,ESCO,Power BI,power bi,FLAGGED_FOR_REVIEW,Token overlap or partial substring - DO NOT AUTO MERGE
inspect rail flaws,inspect rail flaws,ESCO,AWS,aws,FLAGGED_FOR_REVIEW,Token overlap or partial substring - DO NOT AUTO MERGE
inspect toys and games for damage,inspect toys and games for damage,ESCO,Routing and Switching,routing and switching,FLAGGED_FOR_REVIEW,Token overlap or partial substring - DO NOT AUTO MERGE
inspect underground power cables,inspect underground power cables,ESCO,Power BI,power bi,FLAGGED_FOR_REVIEW,Token overlap or partial substring - DO NOT AUTO MERGE
install concentrated solar power systems,install concentrated solar power systems,ESCO,Power BI,power bi,FLAGGED_FOR_REVIEW,Token overlap or partial substring - DO NOT AUTO MERGE
install electrical and electronic equipment,install electrical and electronic equipment,ESCO,Routing and Switching,routing and switching,FLAGGED_FOR_REVIEW,Token overlap or partial substring - DO NOT AUTO MERGE
"install heating, ventilation, air conditioning and refrigeration ducts","install heating, ventilation, air conditioning and refrigeration ducts",ESCO,Routing and Switching,routing and switching,FLAGGED_FOR_REVIEW,Token overlap or partial substring - DO NOT AUTO MERGE
install in-floor and in-wall heating,install in-floor and in-wall heating,ESCO,Routing and Switching,routing and switching,FLAGGED_FOR_REVIEW,Token overlap or partial substring - DO NOT AUTO MERGE
install power lines,install power lines,ESCO,Power BI,power bi,FLAGGED_FOR_REVIEW,Token overlap or partial substring - DO NOT AUTO MERGE
install wood elements in structures,install wood elements in structures,ESCO,Data Structures,data structures,FLAGGED_FOR_REVIEW,Token overlap or partial substring - DO NOT AUTO MERGE
instruct library users in digital literacy,instruct library users in digital literacy,ESCO,Git,git,FLAGGED_FOR_REVIEW,Token overlap or partial substring - DO NOT AUTO MERGE
instruct on allergic reactions to anaesthetics,instruct on allergic reactions to anaesthetics,ESCO,React,react,FLAGGED_FOR_REVIEW,Token overlap or partial substring - DO NOT AUTO MERGE
integrate and re-elaborate digital content,integrate and re-elaborate digital content,ESCO,Git,git,FLAGGED_FOR_REVIEW,Token overlap or partial substring - DO NOT AUTO MERGE
integrate ICT data,integrate ict data,ESCO,Data Structures,data structures,FLAGGED_FOR_REVIEW,Token overlap or partial substring - DO NOT AUTO MERGE
Intel Data Migration Software,intel data migration software,O*NET,Data Structures,data structures,FLAGGED_FOR_REVIEW,Token overlap or partial substring - DO NOT AUTO MERGE
intellectual property regime of digital content,intellectual property regime of digital content,ESCO,Git,git,FLAGGED_FOR_REVIEW,Token overlap or partial substring - DO NOT AUTO MERGE
interact professionally in research and professional environments,interact professionally in research and professional environments,ESCO,Routing and Switching,routing and switching,FLAGGED_FOR_REVIEW,Token overlap or partial substring - DO NOT AUTO MERGE
interact through digital technologies,interact through digital technologies,ESCO,Git,git,FLAGGED_FOR_REVIEW,Token overlap or partial substring - DO NOT AUTO MERGE
interact verbally in Javanese,interact verbally in javanese,ESCO,Java,java,FLAGGED_FOR_REVIEW,Token overlap or partial substring - DO NOT AUTO MERGE
Interactive learning software,interactive learning software,O*NET,Machine Learning,machine learning,FLAGGED_FOR_REVIEW,Token overlap or partial substring - DO NOT AUTO MERGE
Interface Computers Data Loader,interface computers data loader,O*NET,Data Structures,data structures,FLAGGED_FOR_REVIEW,Token overlap or partial substring - DO NOT AUTO MERGE
International Centre for Diffraction Data ICDD DDView,international centre for diffraction data icdd ddview,O*NET,Data Structures,data structures,FLAGGED_FOR_REVIEW,Token overlap or partial substring - DO NOT AUTO MERGE
International Material Data System IMDS,international material data system imds,O*NET,Data Structures,data structures,FLAGGED_FOR_REVIEW,Token overlap or partial substring - DO NOT AUTO MERGE
international security studies,international security studies,ESCO,Database Security,database security,FLAGGED_FOR_REVIEW,Token overlap or partial substring - DO NOT AUTO MERGE
Internet based MLS database software,internet based mls database software,O*NET,Database Security,database security,FLAGGED_FOR_REVIEW,Token overlap or partial substring - DO NOT AUTO MERGE
Internet Protocol Security IPSEC,internet protocol security ipsec,O*NET,Database Security,database security,FLAGGED_FOR_REVIEW,Token overlap or partial substring - DO NOT AUTO MERGE
interpret automatic call distribution data,interpret automatic call distribution data,ESCO,Data Structures,data structures,FLAGGED_FOR_REVIEW,Token overlap or partial substring - DO NOT AUTO MERGE
interpret current data,interpret current data,ESCO,Data Structures,data structures,FLAGGED_FOR_REVIEW,Token overlap or partial substring - DO NOT AUTO MERGE
interpret data in food manufacturing,interpret data in food manufacturing,ESCO,Data Structures,data structures,FLAGGED_FOR_REVIEW,Token overlap or partial substring - DO NOT AUTO MERGE
interpret extraction data,interpret extraction data,ESCO,Data Structures,data structures,FLAGGED_FOR_REVIEW,Token overlap or partial substring - DO NOT AUTO MERGE
interpret geometric dimensions and tolerances,interpret geometric dimensions and tolerances,ESCO,Routing and Switching,routing and switching,FLAGGED_FOR_REVIEW,Token overlap or partial substring - DO NOT AUTO MERGE
interpret geophysical data,interpret geophysical data,ESCO,Data Structures,data structures,FLAGGED_FOR_REVIEW,Token overlap or partial substring - DO NOT AUTO MERGE
interpret graphical recordings of rail-flaw-detection machine,interpret graphical recordings of rail-flaw-detection machine,ESCO,Machine Learning,machine learning,FLAGGED_FOR_REVIEW,Token overlap or partial substring - DO NOT AUTO MERGE
interpret laboratory data in medical genetics,interpret laboratory data in medical genetics,ESCO,Data Structures,data structures,FLAGGED_FOR_REVIEW,Token overlap or partial substring - DO NOT AUTO MERGE
interpret scientific data to assess water quality,interpret scientific data to assess water quality,ESCO,Data Structures,data structures,FLAGGED_FOR_REVIEW,Token overlap or partial substring - DO NOT AUTO MERGE
interpret seismic data,interpret seismic data,ESCO,Data Structures,data structures,FLAGGED_FOR_REVIEW,Token overlap or partial substring - DO NOT AUTO MERGE
Interuniversity Consortium for Political and Social Research (ICPSR) database,interuniversity consortium for political and social research (icpsr) database,O*NET,Routing and Switching,routing and switching,FLAGGED_FOR_REVIEW,Token overlap or partial substring - DO NOT AUTO MERGE
investigate security issues,investigate security issues,ESCO,Database Security,database security,FLAGGED_FOR_REVIEW,Token overlap or partial substring - DO NOT AUTO MERGE
investigate social security applications,investigate social security applications,ESCO,Database Security,database security,FLAGGED_FOR_REVIEW,Token overlap or partial substring - DO NOT AUTO MERGE
Investment and business valuation template software,investment and business valuation template software,O*NET,Routing and Switching,routing and switching,FLAGGED_FOR_REVIEW,Token overlap or partial substring - DO NOT AUTO MERGE
Invivo Data EPX ePRO Management System,invivo data epx epro management system,O*NET,Data Structures,data structures,FLAGGED_FOR_REVIEW,Token overlap or partial substring - DO NOT AUTO MERGE
involve service users and carers in care planning,involve service users and carers in care planning,ESCO,Routing and Switching,routing and switching,FLAGGED_FOR_REVIEW,Token overlap or partial substring - DO NOT AUTO MERGE
iSystems Evolution Payroll and Tax Management,isystems evolution payroll and tax management,O*NET,Routing and Switching,routing and switching,FLAGGED_FOR_REVIEW,Token overlap or partial substring - DO NOT AUTO MERGE
ITC Integrated Land and Water Information System ILWIS,itc integrated land and water information system ilwis,O*NET,Routing and Switching,routing and switching,FLAGGED_FOR_REVIEW,Token overlap or partial substring - DO NOT AUTO MERGE
IXL Learning Quia Web,ixl learning quia web,O*NET,Machine Learning,machine learning,FLAGGED_FOR_REVIEW,Token overlap or partial substring - DO NOT AUTO MERGE
J,j,O*NET,Java,java,FLAGGED_FOR_REVIEW,Token overlap or partial substring - DO NOT AUTO MERGE
Javamin Composer,javamin composer,O*NET,Java,java,FLAGGED_FOR_REVIEW,Token overlap or partial substring - DO NOT AUTO MERGE
Javanese,javanese,ESCO,Java,java,FLAGGED_FOR_REVIEW,Token overlap or partial substring - DO NOT AUTO MERGE
JavaScript Framework,javascript framework,ESCO,Java,java,FLAGGED_FOR_REVIEW,Token overlap or partial substring - DO NOT AUTO MERGE
JavaScript framework software,javascript framework software,O*NET,Java,java,FLAGGED_FOR_REVIEW,Token overlap or partial substring - DO NOT AUTO MERGE
JavaScript Object Notation JSON,javascript object notation json,O*NET,Java,java,FLAGGED_FOR_REVIEW,Token overlap or partial substring - DO NOT AUTO MERGE
JDA Arthur KnowledgeBase database,jda arthur knowledgebase database,O*NET,Database Security,database security,FLAGGED_FOR_REVIEW,Token overlap or partial substring - DO NOT AUTO MERGE
John Hesselberth and Ron Roy GlazeMaster,john hesselberth and ron roy glazemaster,O*NET,Routing and Switching,routing and switching,FLAGGED_FOR_REVIEW,Token overlap or partial substring - DO NOT AUTO MERGE
JSTOR database,jstor database,O*NET,Database Security,database security,FLAGGED_FOR_REVIEW,Token overlap or partial substring - DO NOT AUTO MERGE
Judgment and Decision Making,judgment and decision making,O*NET,Routing and Switching,routing and switching,FLAGGED_FOR_REVIEW,Token overlap or partial substring - DO NOT AUTO MERGE
Kali Linux,kali linux,ESCO,Linux,linux,FLAGGED_FOR_REVIEW,Token overlap or partial substring - DO NOT AUTO MERGE
Kali Linux,kali linux,O*NET,Linux,linux,FLAGGED_FOR_REVIEW,Token overlap or partial substring - DO NOT AUTO MERGE
keep up with digital transformation of industrial processes,keep up with digital transformation of industrial processes,ESCO,Git,git,FLAGGED_FOR_REVIEW,Token overlap or partial substring - DO NOT AUTO MERGE
Kentech machine shop software,kentech machine shop software,O*NET,Machine Learning,machine learning,FLAGGED_FOR_REVIEW,Token overlap or partial substring - DO NOT AUTO MERGE
Kewill Global Trade and Logistics,kewill global trade and logistics,O*NET,Routing and Switching,routing and switching,FLAGGED_FOR_REVIEW,Token overlap or partial substring - DO NOT AUTO MERGE
keywords in digital content,keywords in digital content,ESCO,Git,git,FLAGGED_FOR_REVIEW,Token overlap or partial substring - DO NOT AUTO MERGE
knitting machine technology,knitting machine technology,ESCO,Machine Learning,machine learning,FLAGGED_FOR_REVIEW,Token overlap or partial substring - DO NOT AUTO MERGE
Laser imaging detection and ranging LIDAR system,laser imaging detection and ranging lidar system,O*NET,Routing and Switching,routing and switching,FLAGGED_FOR_REVIEW,Token overlap or partial substring - DO NOT AUTO MERGE
lathe machine parts,lathe machine parts,ESCO,Machine Learning,machine learning,FLAGGED_FOR_REVIEW,Token overlap or partial substring - DO NOT AUTO MERGE
Law and Government,law and government,O*NET,Routing and Switching,routing and switching,FLAGGED_FOR_REVIEW,Token overlap or partial substring - DO NOT AUTO MERGE
Law enforcement database software,law enforcement database software,O*NET,Database Security,database security,FLAGGED_FOR_REVIEW,Token overlap or partial substring - DO NOT AUTO MERGE
laws on the transportation of dangerous goods,laws on the transportation of dangerous goods,ESCO,AWS,aws,FLAGGED_FOR_REVIEW,Token overlap or partial substring - DO NOT AUTO MERGE
laws regulating serving alcoholic drinks,laws regulating serving alcoholic drinks,ESCO,AWS,aws,FLAGGED_FOR_REVIEW,Token overlap or partial substring - DO NOT AUTO MERGE
Lawson ERP,lawson erp,O*NET,AWS,aws,FLAGGED_FOR_REVIEW,Token overlap or partial substring - DO NOT AUTO MERGE
Lawson Human Resource Management,lawson human resource management,O*NET,AWS,aws,FLAGGED_FOR_REVIEW,Token overlap or partial substring - DO NOT AUTO MERGE
Lawson Human Resources Suite,lawson human resources suite,O*NET,AWS,aws,FLAGGED_FOR_REVIEW,Token overlap or partial substring - DO NOT AUTO MERGE
Lawson S3 Supply Chain Management,lawson s3 supply chain management,O*NET,AWS,aws,FLAGGED_FOR_REVIEW,Token overlap or partial substring - DO NOT AUTO MERGE
lay out digital written content,lay out digital written content,ESCO,Git,git,FLAGGED_FOR_REVIEW,Token overlap or partial substring - DO NOT AUTO MERGE
lead cast and crew,lead cast and crew,ESCO,Routing and Switching,routing and switching,FLAGGED_FOR_REVIEW,Token overlap or partial substring - DO NOT AUTO MERGE
learning difficulties,learning difficulties,ESCO,Machine Learning,machine learning,FLAGGED_FOR_REVIEW,Token overlap or partial substring - DO NOT AUTO MERGE
Learning Fundamentals Speech Visualization,learning fundamentals speech visualization,O*NET,Machine Learning,machine learning,FLAGGED_FOR_REVIEW,Token overlap or partial substring - DO NOT AUTO MERGE
Learning management system LMS,learning management system lms,O*NET,Machine Learning,machine learning,FLAGGED_FOR_REVIEW,Token overlap or partial substring - DO NOT AUTO MERGE
learning management systems,learning management systems,ESCO,Machine Learning,machine learning,FLAGGED_FOR_REVIEW,Token overlap or partial substring - DO NOT AUTO MERGE
learning needs analysis,learning needs analysis,ESCO,Machine Learning,machine learning,FLAGGED_FOR_REVIEW,Token overlap or partial substring - DO NOT AUTO MERGE
Learning Strategies,learning strategies,O*NET,Machine Learning,machine learning,FLAGGED_FOR_REVIEW,Token overlap or partial substring - DO NOT AUTO MERGE
learning technologies,learning technologies,ESCO,Machine Learning,machine learning,FLAGGED_FOR_REVIEW,Token overlap or partial substring - DO NOT AUTO MERGE
Learning Technology Research Institute GLO Maker,learning technology research institute glo maker,O*NET,Machine Learning,machine learning,FLAGGED_FOR_REVIEW,Token overlap or partial substring - DO NOT AUTO MERGE
Legislative Automative Workflow System LAWS,legislative automative workflow system laws,O*NET,AWS,aws,FLAGGED_FOR_REVIEW,Token overlap or partial substring - DO NOT AUTO MERGE
Leprechaun Spa and Salon Software,leprechaun spa and salon software,O*NET,Routing and Switching,routing and switching,FLAGGED_FOR_REVIEW,Token overlap or partial substring - DO NOT AUTO MERGE
LexisNexis File and Serve,lexisnexis file and serve,O*NET,Routing and Switching,routing and switching,FLAGGED_FOR_REVIEW,Token overlap or partial substring - DO NOT AUTO MERGE
liaise between theatre direction and design team,liaise between theatre direction and design team,ESCO,Routing and Switching,routing and switching,FLAGGED_FOR_REVIEW,Token overlap or partial substring - DO NOT AUTO MERGE
liaise with security authorities,liaise with security authorities,ESCO,Database Security,database security,FLAGGED_FOR_REVIEW,Token overlap or partial substring - DO NOT AUTO MERGE
Library of Congress digital collections,library of congress digital collections,O*NET,Git,git,FLAGGED_FOR_REVIEW,Token overlap or partial substring - DO NOT AUTO MERGE
link between dance and music style,link between dance and music style,ESCO,Routing and Switching,routing and switching,FLAGGED_FOR_REVIEW,Token overlap or partial substring - DO NOT AUTO MERGE
link data between all inland business units,link data between all inland business units,ESCO,Data Structures,data structures,FLAGGED_FOR_REVIEW,Token overlap or partial substring - DO NOT AUTO MERGE
Linux Virtual Server,linux virtual server,O*NET,Linux,linux,FLAGGED_FOR_REVIEW,Token overlap or partial substring - DO NOT AUTO MERGE
load picked fruits and vegetables,load picked fruits and vegetables,ESCO,Routing and Switching,routing and switching,FLAGGED_FOR_REVIEW,Token overlap or partial substring - DO NOT AUTO MERGE
Local area network LAN software,local area network lan software,O*NET,Network Security,network security,FLAGGED_FOR_REVIEW,Token overlap or partial substring - DO NOT AUTO MERGE
Logger data manager LDM,logger data manager ldm,O*NET,Data Structures,data structures,FLAGGED_FOR_REVIEW,Token overlap or partial substring - DO NOT AUTO MERGE
Logic Group Scanner Digitizing Software,logic group scanner digitizing software,O*NET,Git,git,FLAGGED_FOR_REVIEW,Token overlap or partial substring - DO NOT AUTO MERGE
Logistics management information LMI database software,logistics management information lmi database software,O*NET,Database Security,database security,FLAGGED_FOR_REVIEW,Token overlap or partial substring - DO NOT AUTO MERGE
Logitech 3D Pro,logitech 3d pro,O*NET,Git,git,FLAGGED_FOR_REVIEW,Token overlap or partial substring - DO NOT AUTO MERGE
Low-level virtual machine LLVM compilers,low-level virtual machine llvm compilers,O*NET,Machine Learning,machine learning,FLAGGED_FOR_REVIEW,Token overlap or partial substring - DO NOT AUTO MERGE
LRN Ethics and Compliance Alliance,lrn ethics and compliance alliance,O*NET,Routing and Switching,routing and switching,FLAGGED_FOR_REVIEW,Token overlap or partial substring - DO NOT AUTO MERGE
Machine control software,machine control software,O*NET,Machine Learning,machine learning,FLAGGED_FOR_REVIEW,Token overlap or partial substring - DO NOT AUTO MERGE
Machine Control Specialists CoilPro,machine control specialists coilpro,O*NET,Machine Learning,machine learning,FLAGGED_FOR_REVIEW,Token overlap or partial substring - DO NOT AUTO MERGE
Machine control systems,machine control systems,O*NET,Machine Learning,machine learning,FLAGGED_FOR_REVIEW,Token overlap or partial substring - DO NOT AUTO MERGE
Machine monitoring software,machine monitoring software,O*NET,Machine Learning,machine learning,FLAGGED_FOR_REVIEW,Token overlap or partial substring - DO NOT AUTO MERGE
Machine operation software,machine operation software,O*NET,Machine Learning,machine learning,FLAGGED_FOR_REVIEW,Token overlap or partial substring - DO NOT AUTO MERGE
machine tools,machine tools,ESCO,Machine Learning,machine learning,FLAGGED_FOR_REVIEW,Token overlap or partial substring - DO NOT AUTO MERGE
machine translation,machine translation,ESCO,Machine Learning,machine learning,FLAGGED_FOR_REVIEW,Token overlap or partial substring - DO NOT AUTO MERGE
Mailing and shipping software,mailing and shipping software,O*NET,Routing and Switching,routing and switching,FLAGGED_FOR_REVIEW,Token overlap or partial substring - DO NOT AUTO MERGE
"maintain a safe, hygienic and secure working environment","maintain a safe, hygienic and secure working environment",ESCO,Routing and Switching,routing and switching,FLAGGED_FOR_REVIEW,Token overlap or partial substring - DO NOT AUTO MERGE
maintain concentrated solar power systems,maintain concentrated solar power systems,ESCO,Power BI,power bi,FLAGGED_FOR_REVIEW,Token overlap or partial substring - DO NOT AUTO MERGE
maintain construction structures,maintain construction structures,ESCO,Data Structures,data structures,FLAGGED_FOR_REVIEW,Token overlap or partial substring - DO NOT AUTO MERGE
maintain data entry requirements,maintain data entry requirements,ESCO,Data Structures,data structures,FLAGGED_FOR_REVIEW,Token overlap or partial substring - DO NOT AUTO MERGE
maintain database performance,maintain database performance,ESCO,Database Security,database security,FLAGGED_FOR_REVIEW,Token overlap or partial substring - DO NOT AUTO MERGE
maintain database security,maintain database security,ESCO,Database Security,database security,FLAGGED_FOR_REVIEW,Token overlap or partial substring - DO NOT AUTO MERGE
maintain dental station and operatory,maintain dental station and operatory,ESCO,Routing and Switching,routing and switching,FLAGGED_FOR_REVIEW,Token overlap or partial substring - DO NOT AUTO MERGE
maintain facility security systems,maintain facility security systems,ESCO,Database Security,database security,FLAGGED_FOR_REVIEW,Token overlap or partial substring - DO NOT AUTO MERGE
maintain foil printing machine,maintain foil printing machine,ESCO,Machine Learning,machine learning,FLAGGED_FOR_REVIEW,Token overlap or partial substring - DO NOT AUTO MERGE
maintain freelance database,maintain freelance database,ESCO,Database Security,database security,FLAGGED_FOR_REVIEW,Token overlap or partial substring - DO NOT AUTO MERGE
maintain healthcare user data confidentiality,maintain healthcare user data confidentiality,ESCO,Data Structures,data structures,FLAGGED_FOR_REVIEW,Token overlap or partial substring - DO NOT AUTO MERGE
maintain information network hardware,maintain information network hardware,ESCO,Network Security,network security,FLAGGED_FOR_REVIEW,Token overlap or partial substring - DO NOT AUTO MERGE
maintain jewels and watches,maintain jewels and watches,ESCO,Routing and Switching,routing and switching,FLAGGED_FOR_REVIEW,Token overlap or partial substring - DO NOT AUTO MERGE
maintain nuclear reactors,maintain nuclear reactors,ESCO,React,react,FLAGGED_FOR_REVIEW,Token overlap or partial substring - DO NOT AUTO MERGE
maintain power plant machinery,maintain power plant machinery,ESCO,Power BI,power bi,FLAGGED_FOR_REVIEW,Token overlap or partial substring - DO NOT AUTO MERGE
maintain power plants,maintain power plants,ESCO,Power BI,power bi,FLAGGED_FOR_REVIEW,Token overlap or partial substring - DO NOT AUTO MERGE
maintain pricing database,maintain pricing database,ESCO,Database Security,database security,FLAGGED_FOR_REVIEW,Token overlap or partial substring - DO NOT AUTO MERGE
maintain street sweeping machine,maintain street sweeping machine,ESCO,Machine Learning,machine learning,FLAGGED_FOR_REVIEW,Token overlap or partial substring - DO NOT AUTO MERGE
maintain the security of machinery,maintain the security of machinery,ESCO,Database Security,database security,FLAGGED_FOR_REVIEW,Token overlap or partial substring - DO NOT AUTO MERGE
maintain turf and grass,maintain turf and grass,ESCO,Routing and Switching,routing and switching,FLAGGED_FOR_REVIEW,Token overlap or partial substring - DO NOT AUTO MERGE
maintain vessel safety and emergency equipment,maintain vessel safety and emergency equipment,ESCO,Routing and Switching,routing and switching,FLAGGED_FOR_REVIEW,Token overlap or partial substring - DO NOT AUTO MERGE
maintain warehouse database,maintain warehouse database,ESCO,Database Security,database security,FLAGGED_FOR_REVIEW,Token overlap or partial substring - DO NOT AUTO MERGE
Maintenance planning and control software,maintenance planning and control software,O*NET,Routing and Switching,routing and switching,FLAGGED_FOR_REVIEW,Token overlap or partial substring - DO NOT AUTO MERGE
make farrier tools and supplies,make farrier tools and supplies,ESCO,Routing and Switching,routing and switching,FLAGGED_FOR_REVIEW,Token overlap or partial substring - DO NOT AUTO MERGE
"make health, safety and environment assessments","make health, safety and environment assessments",ESCO,Routing and Switching,routing and switching,FLAGGED_FOR_REVIEW,Token overlap or partial substring - DO NOT AUTO MERGE
manage adverse reactions to anaesthesia,manage adverse reactions to anaesthesia,ESCO,React,react,FLAGGED_FOR_REVIEW,Token overlap or partial substring - DO NOT AUTO MERGE
manage adverse reactions to drugs,manage adverse reactions to drugs,ESCO,React,react,FLAGGED_FOR_REVIEW,Token overlap or partial substring - DO NOT AUTO MERGE
manage bioreactors,manage bioreactors,ESCO,React,react,FLAGGED_FOR_REVIEW,Token overlap or partial substring - DO NOT AUTO MERGE
manage cloud data and storage,manage cloud data and storage,ESCO,Data Structures,data structures,FLAGGED_FOR_REVIEW,Token overlap or partial substring - DO NOT AUTO MERGE
manage conservation of natural and cultural heritage,manage conservation of natural and cultural heritage,ESCO,Routing and Switching,routing and switching,FLAGGED_FOR_REVIEW,Token overlap or partial substring - DO NOT AUTO MERGE
manage data,manage data,ESCO,Data Structures,data structures,FLAGGED_FOR_REVIEW,Token overlap or partial substring - DO NOT AUTO MERGE
manage data collection systems,manage data collection systems,ESCO,Data Structures,data structures,FLAGGED_FOR_REVIEW,Token overlap or partial substring - DO NOT AUTO MERGE
manage data for legal matters,manage data for legal matters,ESCO,Data Structures,data structures,FLAGGED_FOR_REVIEW,Token overlap or partial substring - DO NOT AUTO MERGE
"manage data, information and digital content","manage data, information and digital content",ESCO,Git,git,FLAGGED_FOR_REVIEW,Token overlap or partial substring - DO NOT AUTO MERGE
manage database,manage database,ESCO,Database Security,database security,FLAGGED_FOR_REVIEW,Token overlap or partial substring - DO NOT AUTO MERGE
manage digital archives,manage digital archives,ESCO,Git,git,FLAGGED_FOR_REVIEW,Token overlap or partial substring - DO NOT AUTO MERGE
manage digital documents,manage digital documents,ESCO,Git,git,FLAGGED_FOR_REVIEW,Token overlap or partial substring - DO NOT AUTO MERGE
manage digital identity,manage digital identity,ESCO,Git,git,FLAGGED_FOR_REVIEW,Token overlap or partial substring - DO NOT AUTO MERGE
manage digital libraries,manage digital libraries,ESCO,Git,git,FLAGGED_FOR_REVIEW,Token overlap or partial substring - DO NOT AUTO MERGE
manage documentation of prior learning assessments,manage documentation of prior learning assessments,ESCO,Machine Learning,machine learning,FLAGGED_FOR_REVIEW,Token overlap or partial substring - DO NOT AUTO MERGE
manage donor database,manage donor database,ESCO,Database Security,database security,FLAGGED_FOR_REVIEW,Token overlap or partial substring - DO NOT AUTO MERGE
manage financial and material resources,manage financial and material resources,ESCO,Routing and Switching,routing and switching,FLAGGED_FOR_REVIEW,Token overlap or partial substring - DO NOT AUTO MERGE
manage findable accessible interoperable and reusable data,manage findable accessible interoperable and reusable data,ESCO,Data Structures,data structures,FLAGGED_FOR_REVIEW,Token overlap or partial substring - DO NOT AUTO MERGE
manage flight data communications programme,manage flight data communications programme,ESCO,Data Structures,data structures,FLAGGED_FOR_REVIEW,Token overlap or partial substring - DO NOT AUTO MERGE
manage health and safety,manage health and safety,ESCO,Routing and Switching,routing and switching,FLAGGED_FOR_REVIEW,Token overlap or partial substring - DO NOT AUTO MERGE
manage health and safety standards,manage health and safety standards,ESCO,Routing and Switching,routing and switching,FLAGGED_FOR_REVIEW,Token overlap or partial substring - DO NOT AUTO MERGE
manage healthcare users' data,manage healthcare users' data,ESCO,Data Structures,data structures,FLAGGED_FOR_REVIEW,Token overlap or partial substring - DO NOT AUTO MERGE
manage ICT data architecture,manage ict data architecture,ESCO,Data Structures,data structures,FLAGGED_FOR_REVIEW,Token overlap or partial substring - DO NOT AUTO MERGE
manage ICT data classification,manage ict data classification,ESCO,Data Structures,data structures,FLAGGED_FOR_REVIEW,Token overlap or partial substring - DO NOT AUTO MERGE
manage IT security compliances,manage it security compliances,ESCO,Database Security,database security,FLAGGED_FOR_REVIEW,Token overlap or partial substring - DO NOT AUTO MERGE
manage keys for data protection,manage keys for data protection,ESCO,Data Structures,data structures,FLAGGED_FOR_REVIEW,Token overlap or partial substring - DO NOT AUTO MERGE
manage logs segregation and stacking,manage logs segregation and stacking,ESCO,Routing and Switching,routing and switching,FLAGGED_FOR_REVIEW,Token overlap or partial substring - DO NOT AUTO MERGE
manage lost and found articles,manage lost and found articles,ESCO,Routing and Switching,routing and switching,FLAGGED_FOR_REVIEW,Token overlap or partial substring - DO NOT AUTO MERGE
manage membership database,manage membership database,ESCO,Database Security,database security,FLAGGED_FOR_REVIEW,Token overlap or partial substring - DO NOT AUTO MERGE
manage meteorological database,manage meteorological database,ESCO,Database Security,database security,FLAGGED_FOR_REVIEW,Token overlap or partial substring - DO NOT AUTO MERGE
manage mine site data,manage mine site data,ESCO,Data Structures,data structures,FLAGGED_FOR_REVIEW,Token overlap or partial substring - DO NOT AUTO MERGE
manage outsourced security,manage outsourced security,ESCO,Database Security,database security,FLAGGED_FOR_REVIEW,Token overlap or partial substring - DO NOT AUTO MERGE
manage pest and weed control,manage pest and weed control,ESCO,Routing and Switching,routing and switching,FLAGGED_FOR_REVIEW,Token overlap or partial substring - DO NOT AUTO MERGE
manage quantitative data,manage quantitative data,ESCO,Data Structures,data structures,FLAGGED_FOR_REVIEW,Token overlap or partial substring - DO NOT AUTO MERGE
manage research and development projects,manage research and development projects,ESCO,Routing and Switching,routing and switching,FLAGGED_FOR_REVIEW,Token overlap or partial substring - DO NOT AUTO MERGE
manage research data,manage research data,ESCO,Data Structures,data structures,FLAGGED_FOR_REVIEW,Token overlap or partial substring - DO NOT AUTO MERGE
manage rivers and streams,manage rivers and streams,ESCO,Routing and Switching,routing and switching,FLAGGED_FOR_REVIEW,Token overlap or partial substring - DO NOT AUTO MERGE
manage security clearance,manage security clearance,ESCO,Database Security,database security,FLAGGED_FOR_REVIEW,Token overlap or partial substring - DO NOT AUTO MERGE
manage security equipment,manage security equipment,ESCO,Database Security,database security,FLAGGED_FOR_REVIEW,Token overlap or partial substring - DO NOT AUTO MERGE
manage standards for data exchange,manage standards for data exchange,ESCO,Data Structures,data structures,FLAGGED_FOR_REVIEW,Token overlap or partial substring - DO NOT AUTO MERGE
manage system security,manage system security,ESCO,Database Security,database security,FLAGGED_FOR_REVIEW,Token overlap or partial substring - DO NOT AUTO MERGE
manage technical security systems,manage technical security systems,ESCO,Database Security,database security,FLAGGED_FOR_REVIEW,Token overlap or partial substring - DO NOT AUTO MERGE
manage the health and welfare of livestock,manage the health and welfare of livestock,ESCO,Routing and Switching,routing and switching,FLAGGED_FOR_REVIEW,Token overlap or partial substring - DO NOT AUTO MERGE
manage the security team,manage the security team,ESCO,Database Security,database security,FLAGGED_FOR_REVIEW,Token overlap or partial substring - DO NOT AUTO MERGE
manage vessel engines and systems,manage vessel engines and systems,ESCO,Routing and Switching,routing and switching,FLAGGED_FOR_REVIEW,Token overlap or partial substring - DO NOT AUTO MERGE
manage water flows and catchments,manage water flows and catchments,ESCO,Routing and Switching,routing and switching,FLAGGED_FOR_REVIEW,Token overlap or partial substring - DO NOT AUTO MERGE
manoeuvere and load small vessel,manoeuvere and load small vessel,ESCO,Routing and Switching,routing and switching,FLAGGED_FOR_REVIEW,Token overlap or partial substring - DO NOT AUTO MERGE
manufacturing of metal structures,manufacturing of metal structures,ESCO,Data Structures,data structures,FLAGGED_FOR_REVIEW,Token overlap or partial substring - DO NOT AUTO MERGE
manufacturing of pumps and compressors,manufacturing of pumps and compressors,ESCO,Routing and Switching,routing and switching,FLAGGED_FOR_REVIEW,Token overlap or partial substring - DO NOT AUTO MERGE
manufacturing of steel drums and similar containers,manufacturing of steel drums and similar containers,ESCO,Routing and Switching,routing and switching,FLAGGED_FOR_REVIEW,Token overlap or partial substring - DO NOT AUTO MERGE
manufacturing of taps and valves,manufacturing of taps and valves,ESCO,Routing and Switching,routing and switching,FLAGGED_FOR_REVIEW,Token overlap or partial substring - DO NOT AUTO MERGE
manufacturing of weapons and ammunition,manufacturing of weapons and ammunition,ESCO,Routing and Switching,routing and switching,FLAGGED_FOR_REVIEW,Token overlap or partial substring - DO NOT AUTO MERGE
MapR Converged Data Platform,mapr converged data platform,O*NET,Data Structures,data structures,FLAGGED_FOR_REVIEW,Token overlap or partial substring - DO NOT AUTO MERGE
MapReduce big data software,mapreduce big data software,O*NET,Data Structures,data structures,FLAGGED_FOR_REVIEW,Token overlap or partial substring - DO NOT AUTO MERGE
Marathon Data Systems PestPac,marathon data systems pestpac,O*NET,Data Structures,data structures,FLAGGED_FOR_REVIEW,Token overlap or partial substring - DO NOT AUTO MERGE
Marathon Data Systems ServiceCEO,marathon data systems serviceceo,O*NET,Data Structures,data structures,FLAGGED_FOR_REVIEW,Token overlap or partial substring - DO NOT AUTO MERGE
Master Seafloor Digital Database,master seafloor digital database,O*NET,Git,git,FLAGGED_FOR_REVIEW,Token overlap or partial substring - DO NOT AUTO MERGE
Mastercam computer-aided design and manufacturing software,mastercam computer-aided design and manufacturing software,O*NET,Routing and Switching,routing and switching,FLAGGED_FOR_REVIEW,Token overlap or partial substring - DO NOT AUTO MERGE
match goods with appropriate packaging according to security procedures,match goods with appropriate packaging according to security procedures,ESCO,Database Security,database security,FLAGGED_FOR_REVIEW,Token overlap or partial substring - DO NOT AUTO MERGE
Material safety data sheet MSDS software,material safety data sheet msds software,O*NET,Data Structures,data structures,FLAGGED_FOR_REVIEW,Token overlap or partial substring - DO NOT AUTO MERGE
Materials Data Incorporated Jade,materials data incorporated jade,O*NET,Data Structures,data structures,FLAGGED_FOR_REVIEW,Token overlap or partial substring - DO NOT AUTO MERGE
Materials requirements planning logistics and supply chain software,materials requirements planning logistics and supply chain software,O*NET,Routing and Switching,routing and switching,FLAGGED_FOR_REVIEW,Token overlap or partial substring - DO NOT AUTO MERGE
"maxillo-facial, oral, and dental surgery","maxillo-facial, oral, and dental surgery",ESCO,Routing and Switching,routing and switching,FLAGGED_FOR_REVIEW,Token overlap or partial substring - DO NOT AUTO MERGE
McAfee Enterprise Security Manager,mcafee enterprise security manager,O*NET,Database Security,database security,FLAGGED_FOR_REVIEW,Token overlap or partial substring - DO NOT AUTO MERGE
meat and meat products,meat and meat products,ESCO,Routing and Switching,routing and switching,FLAGGED_FOR_REVIEW,Token overlap or partial substring - DO NOT AUTO MERGE
MedEZ behavioral healthcare and substance abuse software,medez behavioral healthcare and substance abuse software,O*NET,Routing and Switching,routing and switching,FLAGGED_FOR_REVIEW,Token overlap or partial substring - DO NOT AUTO MERGE
media and information literacy,media and information literacy,ESCO,Routing and Switching,routing and switching,FLAGGED_FOR_REVIEW,Token overlap or partial substring - DO NOT AUTO MERGE
Medical digital imaging software,medical digital imaging software,O*NET,Git,git,FLAGGED_FOR_REVIEW,Token overlap or partial substring - DO NOT AUTO MERGE
medical statistics,medical statistics,ESCO,Statistics,statistics,FLAGGED_FOR_REVIEW,Token overlap or partial substring - DO NOT AUTO MERGE
Medicine and Dentistry,medicine and dentistry,O*NET,Routing and Switching,routing and switching,FLAGGED_FOR_REVIEW,Token overlap or partial substring - DO NOT AUTO MERGE
medico-biological and medical sciences related to dentistry,medico-biological and medical sciences related to dentistry,ESCO,Routing and Switching,routing and switching,FLAGGED_FOR_REVIEW,Token overlap or partial substring - DO NOT AUTO MERGE
Medidata Rave Data Management,medidata rave data management,O*NET,Data Structures,data structures,FLAGGED_FOR_REVIEW,Token overlap or partial substring - DO NOT AUTO MERGE
MediRegs Regulation and Reimbursement Suite,mediregs regulation and reimbursement suite,O*NET,Routing and Switching,routing and switching,FLAGGED_FOR_REVIEW,Token overlap or partial substring - DO NOT AUTO MERGE
MEDITECH Laboratory and Microbiology,meditech laboratory and microbiology,O*NET,Routing and Switching,routing and switching,FLAGGED_FOR_REVIEW,Token overlap or partial substring - DO NOT AUTO MERGE
MEDITECH Medical and Practice Management MPM Suite,meditech medical and practice management mpm suite,O*NET,Routing and Switching,routing and switching,FLAGGED_FOR_REVIEW,Token overlap or partial substring - DO NOT AUTO MERGE
Medworxx Learning Management System,medworxx learning management system,O*NET,Machine Learning,machine learning,FLAGGED_FOR_REVIEW,Token overlap or partial substring - DO NOT AUTO MERGE
meet the requirements of social security reimbursement bodies,meet the requirements of social security reimbursement bodies,ESCO,Database Security,database security,FLAGGED_FOR_REVIEW,Token overlap or partial substring - DO NOT AUTO MERGE
Menu and nutrition database software,menu and nutrition database software,O*NET,Routing and Switching,routing and switching,FLAGGED_FOR_REVIEW,Token overlap or partial substring - DO NOT AUTO MERGE
mergers and acquisitions,mergers and acquisitions,ESCO,Routing and Switching,routing and switching,FLAGGED_FOR_REVIEW,Token overlap or partial substring - DO NOT AUTO MERGE
metal and metal ore products,metal and metal ore products,ESCO,Routing and Switching,routing and switching,FLAGGED_FOR_REVIEW,Token overlap or partial substring - DO NOT AUTO MERGE
metal polishing machine parts,metal polishing machine parts,ESCO,Machine Learning,machine learning,FLAGGED_FOR_REVIEW,Token overlap or partial substring - DO NOT AUTO MERGE
Micosoft SQL Server Analysis Services SSAS,micosoft sql server analysis services ssas,O*NET,SQL,sql,FLAGGED_FOR_REVIEW,Token overlap or partial substring - DO NOT AUTO MERGE
Microsoft Azure Data Factory,microsoft azure data factory,O*NET,Data Structures,data structures,FLAGGED_FOR_REVIEW,Token overlap or partial substring - DO NOT AUTO MERGE
Microsoft Business Intelligence BI,microsoft business intelligence bi,O*NET,Power BI,power bi,FLAGGED_FOR_REVIEW,Token overlap or partial substring - DO NOT AUTO MERGE
Microsoft Excel,microsoft excel,O*NET,Excel,excel,FLAGGED_FOR_REVIEW,Token overlap or partial substring - DO NOT AUTO MERGE
Microsoft Great Plains Personal Data Keeper,microsoft great plains personal data keeper,O*NET,Data Structures,data structures,FLAGGED_FOR_REVIEW,Token overlap or partial substring - DO NOT AUTO MERGE
Microsoft Network Monitor,microsoft network monitor,O*NET,Network Security,network security,FLAGGED_FOR_REVIEW,Token overlap or partial substring - DO NOT AUTO MERGE
Microsoft Power Automate,microsoft power automate,O*NET,Power BI,power bi,FLAGGED_FOR_REVIEW,Token overlap or partial substring - DO NOT AUTO MERGE
Microsoft Power BI,microsoft power bi,O*NET,Power BI,power bi,FLAGGED_FOR_REVIEW,Token overlap or partial substring - DO NOT AUTO MERGE
Microsoft Power Platform software,microsoft power platform software,O*NET,Power BI,power bi,FLAGGED_FOR_REVIEW,Token overlap or partial substring - DO NOT AUTO MERGE
Microsoft Security Esssentials,microsoft security esssentials,O*NET,Database Security,database security,FLAGGED_FOR_REVIEW,Token overlap or partial substring - DO NOT AUTO MERGE
Microsoft SQL Server,microsoft sql server,O*NET,SQL,sql,FLAGGED_FOR_REVIEW,Token overlap or partial substring - DO NOT AUTO MERGE
Microsoft SQL Server Compact,microsoft sql server compact,O*NET,SQL,sql,FLAGGED_FOR_REVIEW,Token overlap or partial substring - DO NOT AUTO MERGE
Microsoft SQL Server Integration Services SSIS,microsoft sql server integration services ssis,O*NET,SQL,sql,FLAGGED_FOR_REVIEW,Token overlap or partial substring - DO NOT AUTO MERGE
Microsoft SQL Server Reporting Services SSRS,microsoft sql server reporting services ssrs,O*NET,SQL,sql,FLAGGED_FOR_REVIEW,Token overlap or partial substring - DO NOT AUTO MERGE
Microsoft transact-structural query language T-SQL,microsoft transact-structural query language t-sql,O*NET,SQL,sql,FLAGGED_FOR_REVIEW,Token overlap or partial substring - DO NOT AUTO MERGE
migrate existing data,migrate existing data,ESCO,Data Structures,data structures,FLAGGED_FOR_REVIEW,Token overlap or partial substring - DO NOT AUTO MERGE
minerals laws,minerals laws,ESCO,AWS,aws,FLAGGED_FOR_REVIEW,Token overlap or partial substring - DO NOT AUTO MERGE
mini wind power generation,mini wind power generation,ESCO,Power BI,power bi,FLAGGED_FOR_REVIEW,Token overlap or partial substring - DO NOT AUTO MERGE
"mining, construction and civil engineering machinery products","mining, construction and civil engineering machinery products",ESCO,Routing and Switching,routing and switching,FLAGGED_FOR_REVIEW,Token overlap or partial substring - DO NOT AUTO MERGE
mix moulding and casting material,mix moulding and casting material,ESCO,Routing and Switching,routing and switching,FLAGGED_FOR_REVIEW,Token overlap or partial substring - DO NOT AUTO MERGE
Mobile Data Software VetInfo,mobile data software vetinfo,O*NET,Data Structures,data structures,FLAGGED_FOR_REVIEW,Token overlap or partial substring - DO NOT AUTO MERGE
Mobile wireless network infrastructure software,mobile wireless network infrastructure software,O*NET,Network Security,network security,FLAGGED_FOR_REVIEW,Token overlap or partial substring - DO NOT AUTO MERGE
model power electronics,model power electronics,ESCO,Power BI,power bi,FLAGGED_FOR_REVIEW,Token overlap or partial substring - DO NOT AUTO MERGE
modern power signalling systems,modern power signalling systems,ESCO,Power BI,power bi,FLAGGED_FOR_REVIEW,Token overlap or partial substring - DO NOT AUTO MERGE
molecular and cellular immunology,molecular and cellular immunology,ESCO,Routing and Switching,routing and switching,FLAGGED_FOR_REVIEW,Token overlap or partial substring - DO NOT AUTO MERGE
monitor building security,monitor building security,ESCO,Database Security,database security,FLAGGED_FOR_REVIEW,Token overlap or partial substring - DO NOT AUTO MERGE
monitor chipper machine,monitor chipper machine,ESCO,Machine Learning,machine learning,FLAGGED_FOR_REVIEW,Token overlap or partial substring - DO NOT AUTO MERGE
monitor cigarette stamp machine,monitor cigarette stamp machine,ESCO,Machine Learning,machine learning,FLAGGED_FOR_REVIEW,Token overlap or partial substring - DO NOT AUTO MERGE
monitor geotechnical structures,monitor geotechnical structures,ESCO,Data Structures,data structures,FLAGGED_FOR_REVIEW,Token overlap or partial substring - DO NOT AUTO MERGE
monitor machine operations,monitor machine operations,ESCO,Machine Learning,machine learning,FLAGGED_FOR_REVIEW,Token overlap or partial substring - DO NOT AUTO MERGE
monitor moving workpiece in a machine,monitor moving workpiece in a machine,ESCO,Machine Learning,machine learning,FLAGGED_FOR_REVIEW,Token overlap or partial substring - DO NOT AUTO MERGE
monitor nuclear power plant systems,monitor nuclear power plant systems,ESCO,Power BI,power bi,FLAGGED_FOR_REVIEW,Token overlap or partial substring - DO NOT AUTO MERGE
monitor parking areas to maintain security,monitor parking areas to maintain security,ESCO,Database Security,database security,FLAGGED_FOR_REVIEW,Token overlap or partial substring - DO NOT AUTO MERGE
monitor rail laying machine,monitor rail laying machine,ESCO,Machine Learning,machine learning,FLAGGED_FOR_REVIEW,Token overlap or partial substring - DO NOT AUTO MERGE
monitor rail pickup machine,monitor rail pickup machine,ESCO,Machine Learning,machine learning,FLAGGED_FOR_REVIEW,Token overlap or partial substring - DO NOT AUTO MERGE
monitor sales area for security reasons,monitor sales area for security reasons,ESCO,Database Security,database security,FLAGGED_FOR_REVIEW,Token overlap or partial substring - DO NOT AUTO MERGE
monitor security measures,monitor security measures,ESCO,Database Security,database security,FLAGGED_FOR_REVIEW,Token overlap or partial substring - DO NOT AUTO MERGE
monitor security procedures in warehouse operations,monitor security procedures in warehouse operations,ESCO,Database Security,database security,FLAGGED_FOR_REVIEW,Token overlap or partial substring - DO NOT AUTO MERGE
monitor temperature in manufacturing process of food and beverages,monitor temperature in manufacturing process of food and beverages,ESCO,Routing and Switching,routing and switching,FLAGGED_FOR_REVIEW,Token overlap or partial substring - DO NOT AUTO MERGE
monitor tunnel boring machine supplies,monitor tunnel boring machine supplies,ESCO,Machine Learning,machine learning,FLAGGED_FOR_REVIEW,Token overlap or partial substring - DO NOT AUTO MERGE
Monitoring and Remediation Optimization System MAROS,monitoring and remediation optimization system maros,O*NET,Routing and Switching,routing and switching,FLAGGED_FOR_REVIEW,Token overlap or partial substring - DO NOT AUTO MERGE
Montessori learning equipment,montessori learning equipment,ESCO,Machine Learning,machine learning,FLAGGED_FOR_REVIEW,Token overlap or partial substring - DO NOT AUTO MERGE
Motorola Digital Signal Processing (DSP) Assembler,motorola digital signal processing (dsp) assembler,O*NET,Git,git,FLAGGED_FOR_REVIEW,Token overlap or partial substring - DO NOT AUTO MERGE
mount photographic film in processing machine,mount photographic film in processing machine,ESCO,Machine Learning,machine learning,FLAGGED_FOR_REVIEW,Token overlap or partial substring - DO NOT AUTO MERGE
Multiprotocol Label Switching MPLS,multiprotocol label switching mpls,O*NET,Routing and Switching,routing and switching,FLAGGED_FOR_REVIEW,Token overlap or partial substring - DO NOT AUTO MERGE
Multisensory data representation software,multisensory data representation software,O*NET,Data Structures,data structures,FLAGGED_FOR_REVIEW,Token overlap or partial substring - DO NOT AUTO MERGE
music and video industry,music and video industry,ESCO,Routing and Switching,routing and switching,FLAGGED_FOR_REVIEW,Token overlap or partial substring - DO NOT AUTO MERGE
Musical instrument digital interface MIDI software,musical instrument digital interface midi software,O*NET,Git,git,FLAGGED_FOR_REVIEW,Token overlap or partial substring - DO NOT AUTO MERGE
Mzinga On-Demand Learning Suite,mzinga on-demand learning suite,O*NET,Machine Learning,machine learning,FLAGGED_FOR_REVIEW,Token overlap or partial substring - DO NOT AUTO MERGE
National Association of Realtors Online Database,national association of realtors online database,O*NET,Database Security,database security,FLAGGED_FOR_REVIEW,Token overlap or partial substring - DO NOT AUTO MERGE
National Center for Crisis and Continuity Coordination NC4 E Team,national center for crisis and continuity coordination nc4 e team,O*NET,Routing and Switching,routing and switching,FLAGGED_FOR_REVIEW,Token overlap or partial substring - DO NOT AUTO MERGE
National Crime Information Center (NCIC) database,national crime information center (ncic) database,O*NET,Database Security,database security,FLAGGED_FOR_REVIEW,Token overlap or partial substring - DO NOT AUTO MERGE
National Geophysical Data Center GEODAS,national geophysical data center geodas,O*NET,Data Structures,data structures,FLAGGED_FOR_REVIEW,Token overlap or partial substring - DO NOT AUTO MERGE
National Institute for Occupational Safety and Health LaModel,national institute for occupational safety and health lamodel,O*NET,Routing and Switching,routing and switching,FLAGGED_FOR_REVIEW,Token overlap or partial substring - DO NOT AUTO MERGE
National Institute for Occupational Safety and Health NIOSH Life Table Analysis System,national institute for occupational safety and health niosh life table analysis system,O*NET,Routing and Switching,routing and switching,FLAGGED_FOR_REVIEW,Token overlap or partial substring - DO NOT AUTO MERGE
National Integrated Ballistics Information Network NIBIN,national integrated ballistics information network nibin,O*NET,Network Security,network security,FLAGGED_FOR_REVIEW,Token overlap or partial substring - DO NOT AUTO MERGE
National Land Cover Database NLCD,national land cover database nlcd,O*NET,Database Security,database security,FLAGGED_FOR_REVIEW,Token overlap or partial substring - DO NOT AUTO MERGE
national road network,national road network,ESCO,Network Security,network security,FLAGGED_FOR_REVIEW,Token overlap or partial substring - DO NOT AUTO MERGE
NCSS,ncss,O*NET,CSS,css,FLAGGED_FOR_REVIEW,Token overlap or partial substring - DO NOT AUTO MERGE
NCSS Power Analysis and Sample Size PASS,ncss power analysis and sample size pass,O*NET,CSS,css,FLAGGED_FOR_REVIEW,Token overlap or partial substring - DO NOT AUTO MERGE
negotiate health and safety issues with third parties,negotiate health and safety issues with third parties,ESCO,Routing and Switching,routing and switching,FLAGGED_FOR_REVIEW,Token overlap or partial substring - DO NOT AUTO MERGE
Network address management software,network address management software,O*NET,Network Security,network security,FLAGGED_FOR_REVIEW,Token overlap or partial substring - DO NOT AUTO MERGE
Network addressable storage NAS software,network addressable storage nas software,O*NET,Network Security,network security,FLAGGED_FOR_REVIEW,Token overlap or partial substring - DO NOT AUTO MERGE
Network Analysis SINDA-G,network analysis sinda-g,O*NET,Network Security,network security,FLAGGED_FOR_REVIEW,Token overlap or partial substring - DO NOT AUTO MERGE
Network and application load and performance testing software,network and application load and performance testing software,O*NET,Routing and Switching,routing and switching,FLAGGED_FOR_REVIEW,Token overlap or partial substring - DO NOT AUTO MERGE
Network and component performance analysis software,network and component performance analysis software,O*NET,Routing and Switching,routing and switching,FLAGGED_FOR_REVIEW,Token overlap or partial substring - DO NOT AUTO MERGE
Network and system vulnerability assessment software,network and system vulnerability assessment software,O*NET,Routing and Switching,routing and switching,FLAGGED_FOR_REVIEW,Token overlap or partial substring - DO NOT AUTO MERGE
Network architecture design software,network architecture design software,O*NET,Network Security,network security,FLAGGED_FOR_REVIEW,Token overlap or partial substring - DO NOT AUTO MERGE
Network availability monitoring software,network availability monitoring software,O*NET,Network Security,network security,FLAGGED_FOR_REVIEW,Token overlap or partial substring - DO NOT AUTO MERGE
Network bridge software,network bridge software,O*NET,Network Security,network security,FLAGGED_FOR_REVIEW,Token overlap or partial substring - DO NOT AUTO MERGE
Network conferencing software,network conferencing software,O*NET,Network Security,network security,FLAGGED_FOR_REVIEW,Token overlap or partial substring - DO NOT AUTO MERGE
Network connectivity terminal emulation software,network connectivity terminal emulation software,O*NET,Network Security,network security,FLAGGED_FOR_REVIEW,Token overlap or partial substring - DO NOT AUTO MERGE
Network design software,network design software,O*NET,Network Security,network security,FLAGGED_FOR_REVIEW,Token overlap or partial substring - DO NOT AUTO MERGE
Network directory services software,network directory services software,O*NET,Network Security,network security,FLAGGED_FOR_REVIEW,Token overlap or partial substring - DO NOT AUTO MERGE
Network documentation software,network documentation software,O*NET,Network Security,network security,FLAGGED_FOR_REVIEW,Token overlap or partial substring - DO NOT AUTO MERGE
network engineering,network engineering,ESCO,Network Security,network security,FLAGGED_FOR_REVIEW,Token overlap or partial substring - DO NOT AUTO MERGE
Network flow modeling software,network flow modeling software,O*NET,Network Security,network security,FLAGGED_FOR_REVIEW,Token overlap or partial substring - DO NOT AUTO MERGE
Network Instruments Observer Standard,network instruments observer standard,O*NET,Network Security,network security,FLAGGED_FOR_REVIEW,Token overlap or partial substring - DO NOT AUTO MERGE
Network intrusion detection software,network intrusion detection software,O*NET,Network Security,network security,FLAGGED_FOR_REVIEW,Token overlap or partial substring - DO NOT AUTO MERGE
Network intrusion prevention systems NIPS,network intrusion prevention systems nips,O*NET,Network Security,network security,FLAGGED_FOR_REVIEW,Token overlap or partial substring - DO NOT AUTO MERGE
Network management software,network management software,O*NET,Network Security,network security,FLAGGED_FOR_REVIEW,Token overlap or partial substring - DO NOT AUTO MERGE
network management system tools,network management system tools,ESCO,Network Security,network security,FLAGGED_FOR_REVIEW,Token overlap or partial substring - DO NOT AUTO MERGE
network marketing,network marketing,ESCO,Network Security,network security,FLAGGED_FOR_REVIEW,Token overlap or partial substring - DO NOT AUTO MERGE
"Network modeling, mapping, and analysis software","network modeling, mapping, and analysis software",O*NET,Routing and Switching,routing and switching,FLAGGED_FOR_REVIEW,Token overlap or partial substring - DO NOT AUTO MERGE
Network monitoring software,network monitoring software,O*NET,Network Security,network security,FLAGGED_FOR_REVIEW,Token overlap or partial substring - DO NOT AUTO MERGE
Network operating system enhancement software,network operating system enhancement software,O*NET,Network Security,network security,FLAGGED_FOR_REVIEW,Token overlap or partial substring - DO NOT AUTO MERGE
Network operation system software,network operation system software,O*NET,Network Security,network security,FLAGGED_FOR_REVIEW,Token overlap or partial substring - DO NOT AUTO MERGE
Network reporting software,network reporting software,O*NET,Network Security,network security,FLAGGED_FOR_REVIEW,Token overlap or partial substring - DO NOT AUTO MERGE
Network Science IR Mentor Pro,network science ir mentor pro,O*NET,Network Security,network security,FLAGGED_FOR_REVIEW,Token overlap or partial substring - DO NOT AUTO MERGE
Network security and virtual private network VPN equipment software,network security and virtual private network vpn equipment software,O*NET,Routing and Switching,routing and switching,FLAGGED_FOR_REVIEW,Token overlap or partial substring - DO NOT AUTO MERGE
Network security auditing software,network security auditing software,O*NET,Database Security,database security,FLAGGED_FOR_REVIEW,Token overlap or partial substring - DO NOT AUTO MERGE
Network security or virtual private network VPN management software,network security or virtual private network vpn management software,O*NET,Database Security,database security,FLAGGED_FOR_REVIEW,Token overlap or partial substring - DO NOT AUTO MERGE
Network shutdown software,network shutdown software,O*NET,Network Security,network security,FLAGGED_FOR_REVIEW,Token overlap or partial substring - DO NOT AUTO MERGE
network standards,network standards,ESCO,Network Security,network security,FLAGGED_FOR_REVIEW,Token overlap or partial substring - DO NOT AUTO MERGE
Network storage software,network storage software,O*NET,Network Security,network security,FLAGGED_FOR_REVIEW,Token overlap or partial substring - DO NOT AUTO MERGE
Network traffic flow monitoring and analysis software,network traffic flow monitoring and analysis software,O*NET,Routing and Switching,routing and switching,FLAGGED_FOR_REVIEW,Token overlap or partial substring - DO NOT AUTO MERGE
Network traffic probe software,network traffic probe software,O*NET,Network Security,network security,FLAGGED_FOR_REVIEW,Token overlap or partial substring - DO NOT AUTO MERGE
network with store owners,network with store owners,ESCO,Network Security,network security,FLAGGED_FOR_REVIEW,Token overlap or partial substring - DO NOT AUTO MERGE
network within the writing industry,network within the writing industry,ESCO,Network Security,network security,FLAGGED_FOR_REVIEW,Token overlap or partial substring - DO NOT AUTO MERGE
"Network, hardware, and software auditing software","network, hardware, and software auditing software",O*NET,Routing and Switching,routing and switching,FLAGGED_FOR_REVIEW,Token overlap or partial substring - DO NOT AUTO MERGE
"Network, server and operating system optimization software","network, server and operating system optimization software",O*NET,Routing and Switching,routing and switching,FLAGGED_FOR_REVIEW,Token overlap or partial substring - DO NOT AUTO MERGE
Neural network modeling software,neural network modeling software,O*NET,Network Security,network security,FLAGGED_FOR_REVIEW,Token overlap or partial substring - DO NOT AUTO MERGE
nibbling machine parts,nibbling machine parts,ESCO,Machine Learning,machine learning,FLAGGED_FOR_REVIEW,Token overlap or partial substring - DO NOT AUTO MERGE
NOAA Shoreline Data Explorer,noaa shoreline data explorer,O*NET,Data Structures,data structures,FLAGGED_FOR_REVIEW,Token overlap or partial substring - DO NOT AUTO MERGE
nonwoven machine technology,nonwoven machine technology,ESCO,Machine Learning,machine learning,FLAGGED_FOR_REVIEW,Token overlap or partial substring - DO NOT AUTO MERGE
normalise data,normalise data,ESCO,Data Structures,data structures,FLAGGED_FOR_REVIEW,Token overlap or partial substring - DO NOT AUTO MERGE
North American Regional Climate Change Assessment Program NARCCAP data tables,north american regional climate change assessment program narccap data tables,O*NET,Data Structures,data structures,FLAGGED_FOR_REVIEW,Token overlap or partial substring - DO NOT AUTO MERGE
NorthWest Builders Network Plan Analyst,northwest builders network plan analyst,O*NET,Network Security,network security,FLAGGED_FOR_REVIEW,Token overlap or partial substring - DO NOT AUTO MERGE
NortonLifeLock cybersecurity software,nortonlifelock cybersecurity software,O*NET,Cybersecurity,cybersecurity,FLAGGED_FOR_REVIEW,Token overlap or partial substring - DO NOT AUTO MERGE
NoSQL,nosql,ESCO,SQL,sql,FLAGGED_FOR_REVIEW,Token overlap or partial substring - DO NOT AUTO MERGE
NoSQL,nosql,O*NET,SQL,sql,FLAGGED_FOR_REVIEW,Token overlap or partial substring - DO NOT AUTO MERGE
Nuance Power PDF,nuance power pdf,O*NET,Power BI,power bi,FLAGGED_FOR_REVIEW,Token overlap or partial substring - DO NOT AUTO MERGE
Oasys structural design and analysis software,oasys structural design and analysis software,O*NET,Routing and Switching,routing and switching,FLAGGED_FOR_REVIEW,Token overlap or partial substring - DO NOT AUTO MERGE
Object database management system ODBMS,object database management system odbms,O*NET,Database Security,database security,FLAGGED_FOR_REVIEW,Token overlap or partial substring - DO NOT AUTO MERGE
Object oriented data base management software,object oriented data base management software,O*NET,Data Structures,data structures,FLAGGED_FOR_REVIEW,Token overlap or partial substring - DO NOT AUTO MERGE
observe machine feed,observe machine feed,ESCO,Machine Learning,machine learning,FLAGGED_FOR_REVIEW,Token overlap or partial substring - DO NOT AUTO MERGE
obstetrics and gynaecology,obstetrics and gynaecology,ESCO,Routing and Switching,routing and switching,FLAGGED_FOR_REVIEW,Token overlap or partial substring - DO NOT AUTO MERGE
offshore constructions and facilities,offshore constructions and facilities,ESCO,Routing and Switching,routing and switching,FLAGGED_FOR_REVIEW,Token overlap or partial substring - DO NOT AUTO MERGE
Online data collection systems,online data collection systems,O*NET,Data Structures,data structures,FLAGGED_FOR_REVIEW,Token overlap or partial substring - DO NOT AUTO MERGE
Online database search and retrieval software,online database search and retrieval software,O*NET,Routing and Switching,routing and switching,FLAGGED_FOR_REVIEW,Token overlap or partial substring - DO NOT AUTO MERGE
Online Database Solutions Agent Intelligence,online database solutions agent intelligence,O*NET,Database Security,database security,FLAGGED_FOR_REVIEW,Token overlap or partial substring - DO NOT AUTO MERGE
Online Dictionary for Library and Information Science ODLIS,online dictionary for library and information science odlis,O*NET,Routing and Switching,routing and switching,FLAGGED_FOR_REVIEW,Token overlap or partial substring - DO NOT AUTO MERGE
Online image and graphics database software,online image and graphics database software,O*NET,Routing and Switching,routing and switching,FLAGGED_FOR_REVIEW,Token overlap or partial substring - DO NOT AUTO MERGE
Online informational database software,online informational database software,O*NET,Database Security,database security,FLAGGED_FOR_REVIEW,Token overlap or partial substring - DO NOT AUTO MERGE
Online service manual database software,online service manual database software,O*NET,Database Security,database security,FLAGGED_FOR_REVIEW,Token overlap or partial substring - DO NOT AUTO MERGE
Online title search and property report software,online title search and property report software,O*NET,Routing and Switching,routing and switching,FLAGGED_FOR_REVIEW,Token overlap or partial substring - DO NOT AUTO MERGE
OnPoint Digital OnPoint Learning & Performance Suite,onpoint digital onpoint learning & performance suite,O*NET,Git,git,FLAGGED_FOR_REVIEW,Token overlap or partial substring - DO NOT AUTO MERGE
Open source routing protocols OSPF,open source routing protocols ospf,O*NET,Routing and Switching,routing and switching,FLAGGED_FOR_REVIEW,Token overlap or partial substring - DO NOT AUTO MERGE
OpenEdge Database,openedge database,ESCO,Database Security,database security,FLAGGED_FOR_REVIEW,Token overlap or partial substring - DO NOT AUTO MERGE
operate automated optical inspection machine,operate automated optical inspection machine,ESCO,Machine Learning,machine learning,FLAGGED_FOR_REVIEW,Token overlap or partial substring - DO NOT AUTO MERGE
operate automatic cutting systems for footwear and leather goods,operate automatic cutting systems for footwear and leather goods,ESCO,Routing and Switching,routing and switching,FLAGGED_FOR_REVIEW,Token overlap or partial substring - DO NOT AUTO MERGE
operate bevelling machine,operate bevelling machine,ESCO,Machine Learning,machine learning,FLAGGED_FOR_REVIEW,Token overlap or partial substring - DO NOT AUTO MERGE
operate binder machine,operate binder machine,ESCO,Machine Learning,machine learning,FLAGGED_FOR_REVIEW,Token overlap or partial substring - DO NOT AUTO MERGE
operate board slotting machine,operate board slotting machine,ESCO,Machine Learning,machine learning,FLAGGED_FOR_REVIEW,Token overlap or partial substring - DO NOT AUTO MERGE
operate calender machine,operate calender machine,ESCO,Machine Learning,machine learning,FLAGGED_FOR_REVIEW,Token overlap or partial substring - DO NOT AUTO MERGE
operate carpet centrifugal machine,operate carpet centrifugal machine,ESCO,Machine Learning,machine learning,FLAGGED_FOR_REVIEW,Token overlap or partial substring - DO NOT AUTO MERGE
operate collating machine,operate collating machine,ESCO,Machine Learning,machine learning,FLAGGED_FOR_REVIEW,Token overlap or partial substring - DO NOT AUTO MERGE
operate concrete casting machine,operate concrete casting machine,ESCO,Machine Learning,machine learning,FLAGGED_FOR_REVIEW,Token overlap or partial substring - DO NOT AUTO MERGE
operate cubing machine,operate cubing machine,ESCO,Machine Learning,machine learning,FLAGGED_FOR_REVIEW,Token overlap or partial substring - DO NOT AUTO MERGE
operate debarking machine,operate debarking machine,ESCO,Machine Learning,machine learning,FLAGGED_FOR_REVIEW,Token overlap or partial substring - DO NOT AUTO MERGE
operate digester machine,operate digester machine,ESCO,Machine Learning,machine learning,FLAGGED_FOR_REVIEW,Token overlap or partial substring - DO NOT AUTO MERGE
operate digital hardware,operate digital hardware,ESCO,Git,git,FLAGGED_FOR_REVIEW,Token overlap or partial substring - DO NOT AUTO MERGE
operate digital printers,operate digital printers,ESCO,Git,git,FLAGGED_FOR_REVIEW,Token overlap or partial substring - DO NOT AUTO MERGE
operate dishwashing machine,operate dishwashing machine,ESCO,Machine Learning,machine learning,FLAGGED_FOR_REVIEW,Token overlap or partial substring - DO NOT AUTO MERGE
operate envelope machine,operate envelope machine,ESCO,Machine Learning,machine learning,FLAGGED_FOR_REVIEW,Token overlap or partial substring - DO NOT AUTO MERGE
operate flexographic printing machine,operate flexographic printing machine,ESCO,Machine Learning,machine learning,FLAGGED_FOR_REVIEW,Token overlap or partial substring - DO NOT AUTO MERGE
operate fluff pulp mixing machine,operate fluff pulp mixing machine,ESCO,Machine Learning,machine learning,FLAGGED_FOR_REVIEW,Token overlap or partial substring - DO NOT AUTO MERGE
operate foil printing machine,operate foil printing machine,ESCO,Machine Learning,machine learning,FLAGGED_FOR_REVIEW,Token overlap or partial substring - DO NOT AUTO MERGE
operate grain cleaning machine,operate grain cleaning machine,ESCO,Machine Learning,machine learning,FLAGGED_FOR_REVIEW,Token overlap or partial substring - DO NOT AUTO MERGE
operate grinding machine,operate grinding machine,ESCO,Machine Learning,machine learning,FLAGGED_FOR_REVIEW,Token overlap or partial substring - DO NOT AUTO MERGE
operate insertion mount machine,operate insertion mount machine,ESCO,Machine Learning,machine learning,FLAGGED_FOR_REVIEW,Token overlap or partial substring - DO NOT AUTO MERGE
operate laminating machine,operate laminating machine,ESCO,Machine Learning,machine learning,FLAGGED_FOR_REVIEW,Token overlap or partial substring - DO NOT AUTO MERGE
operate laser plate maker machine,operate laser plate maker machine,ESCO,Machine Learning,machine learning,FLAGGED_FOR_REVIEW,Token overlap or partial substring - DO NOT AUTO MERGE
operate machine tools,operate machine tools,ESCO,Machine Learning,machine learning,FLAGGED_FOR_REVIEW,Token overlap or partial substring - DO NOT AUTO MERGE
operate masonry power saw,operate masonry power saw,ESCO,Power BI,power bi,FLAGGED_FOR_REVIEW,Token overlap or partial substring - DO NOT AUTO MERGE
operate money-processing machine,operate money-processing machine,ESCO,Machine Learning,machine learning,FLAGGED_FOR_REVIEW,Token overlap or partial substring - DO NOT AUTO MERGE
operate motorised street sweeping machine,operate motorised street sweeping machine,ESCO,Machine Learning,machine learning,FLAGGED_FOR_REVIEW,Token overlap or partial substring - DO NOT AUTO MERGE
operate offset printing machine,operate offset printing machine,ESCO,Machine Learning,machine learning,FLAGGED_FOR_REVIEW,Token overlap or partial substring - DO NOT AUTO MERGE
operate paper bag machine,operate paper bag machine,ESCO,Machine Learning,machine learning,FLAGGED_FOR_REVIEW,Token overlap or partial substring - DO NOT AUTO MERGE
operate paper folding machine,operate paper folding machine,ESCO,Machine Learning,machine learning,FLAGGED_FOR_REVIEW,Token overlap or partial substring - DO NOT AUTO MERGE
operate paper stitching machine,operate paper stitching machine,ESCO,Machine Learning,machine learning,FLAGGED_FOR_REVIEW,Token overlap or partial substring - DO NOT AUTO MERGE
operate paper winding machine,operate paper winding machine,ESCO,Machine Learning,machine learning,FLAGGED_FOR_REVIEW,Token overlap or partial substring - DO NOT AUTO MERGE
operate perforating machine,operate perforating machine,ESCO,Machine Learning,machine learning,FLAGGED_FOR_REVIEW,Token overlap or partial substring - DO NOT AUTO MERGE
operate photoreactors,operate photoreactors,ESCO,React,react,FLAGGED_FOR_REVIEW,Token overlap or partial substring - DO NOT AUTO MERGE
operate pill making machine,operate pill making machine,ESCO,Machine Learning,machine learning,FLAGGED_FOR_REVIEW,Token overlap or partial substring - DO NOT AUTO MERGE
"operate presses, dryers and control systems","operate presses, dryers and control systems",ESCO,Routing and Switching,routing and switching,FLAGGED_FOR_REVIEW,Token overlap or partial substring - DO NOT AUTO MERGE
operate production drilling machine,operate production drilling machine,ESCO,Machine Learning,machine learning,FLAGGED_FOR_REVIEW,Token overlap or partial substring - DO NOT AUTO MERGE
operate pulp control machine,operate pulp control machine,ESCO,Machine Learning,machine learning,FLAGGED_FOR_REVIEW,Token overlap or partial substring - DO NOT AUTO MERGE
operate pulp moulding machine,operate pulp moulding machine,ESCO,Machine Learning,machine learning,FLAGGED_FOR_REVIEW,Token overlap or partial substring - DO NOT AUTO MERGE
operate rail-flaw-detection machine,operate rail-flaw-detection machine,ESCO,Machine Learning,machine learning,FLAGGED_FOR_REVIEW,Token overlap or partial substring - DO NOT AUTO MERGE
operate relational database management system,operate relational database management system,ESCO,Database Security,database security,FLAGGED_FOR_REVIEW,Token overlap or partial substring - DO NOT AUTO MERGE
operate road marking machine,operate road marking machine,ESCO,Machine Learning,machine learning,FLAGGED_FOR_REVIEW,Token overlap or partial substring - DO NOT AUTO MERGE
operate rubber mixing machine,operate rubber mixing machine,ESCO,Machine Learning,machine learning,FLAGGED_FOR_REVIEW,Token overlap or partial substring - DO NOT AUTO MERGE
operate solar thermal energy systems for hot water and heating,operate solar thermal energy systems for hot water and heating,ESCO,Routing and Switching,routing and switching,FLAGGED_FOR_REVIEW,Token overlap or partial substring - DO NOT AUTO MERGE
operate switching locomotives,operate switching locomotives,ESCO,Routing and Switching,routing and switching,FLAGGED_FOR_REVIEW,Token overlap or partial substring - DO NOT AUTO MERGE
operate thickness planer machine,operate thickness planer machine,ESCO,Machine Learning,machine learning,FLAGGED_FOR_REVIEW,Token overlap or partial substring - DO NOT AUTO MERGE
operate tunnel finisher machine,operate tunnel finisher machine,ESCO,Machine Learning,machine learning,FLAGGED_FOR_REVIEW,Token overlap or partial substring - DO NOT AUTO MERGE
operate tunnelling machine,operate tunnelling machine,ESCO,Machine Learning,machine learning,FLAGGED_FOR_REVIEW,Token overlap or partial substring - DO NOT AUTO MERGE
operate wave soldering machine,operate wave soldering machine,ESCO,Machine Learning,machine learning,FLAGGED_FOR_REVIEW,Token overlap or partial substring - DO NOT AUTO MERGE
operate weighing machine,operate weighing machine,ESCO,Machine Learning,machine learning,FLAGGED_FOR_REVIEW,Token overlap or partial substring - DO NOT AUTO MERGE
Operation and Control,operation and control,O*NET,Routing and Switching,routing and switching,FLAGGED_FOR_REVIEW,Token overlap or partial substring - DO NOT AUTO MERGE
Operational Data Store ODS software,operational data store ods software,O*NET,Data Structures,data structures,FLAGGED_FOR_REVIEW,Token overlap or partial substring - DO NOT AUTO MERGE
Oracle Data Guard,oracle data guard,O*NET,Data Structures,data structures,FLAGGED_FOR_REVIEW,Token overlap or partial substring - DO NOT AUTO MERGE
Oracle Data Integrator,oracle data integrator,ESCO,Data Structures,data structures,FLAGGED_FOR_REVIEW,Token overlap or partial substring - DO NOT AUTO MERGE
Oracle Data Integrator,oracle data integrator,O*NET,Data Structures,data structures,FLAGGED_FOR_REVIEW,Token overlap or partial substring - DO NOT AUTO MERGE
Oracle Database,oracle database,O*NET,Database Security,database security,FLAGGED_FOR_REVIEW,Token overlap or partial substring - DO NOT AUTO MERGE
"Oracle Enterprise Governance, Risk, and Compliance Manager","oracle enterprise governance, risk, and compliance manager",O*NET,Routing and Switching,routing and switching,FLAGGED_FOR_REVIEW,Token overlap or partial substring - DO NOT AUTO MERGE
Oracle Java,oracle java,O*NET,Java,java,FLAGGED_FOR_REVIEW,Token overlap or partial substring - DO NOT AUTO MERGE
Oracle Java 2 Platform Enterprise Edition J2EE,oracle java 2 platform enterprise edition j2ee,O*NET,Java,java,FLAGGED_FOR_REVIEW,Token overlap or partial substring - DO NOT AUTO MERGE
Oracle Java Enterprise Edition EE,oracle java enterprise edition ee,O*NET,Java,java,FLAGGED_FOR_REVIEW,Token overlap or partial substring - DO NOT AUTO MERGE
Oracle Java Message Service JMS,oracle java message service jms,O*NET,Java,java,FLAGGED_FOR_REVIEW,Token overlap or partial substring - DO NOT AUTO MERGE
Oracle JavaServer Pages JSP,oracle javaserver pages jsp,O*NET,Java,java,FLAGGED_FOR_REVIEW,Token overlap or partial substring - DO NOT AUTO MERGE
Oracle Learning Management,oracle learning management,O*NET,Machine Learning,machine learning,FLAGGED_FOR_REVIEW,Token overlap or partial substring - DO NOT AUTO MERGE
Oracle Master Data Management MDM Suite,oracle master data management mdm suite,O*NET,Data Structures,data structures,FLAGGED_FOR_REVIEW,Token overlap or partial substring - DO NOT AUTO MERGE
Oracle PL/SQL,oracle pl/sql,O*NET,SQL,sql,FLAGGED_FOR_REVIEW,Token overlap or partial substring - DO NOT AUTO MERGE
Oracle Relational Database,oracle relational database,ESCO,Database Security,database security,FLAGGED_FOR_REVIEW,Token overlap or partial substring - DO NOT AUTO MERGE
Oracle Remote Data Capture,oracle remote data capture,O*NET,Data Structures,data structures,FLAGGED_FOR_REVIEW,Token overlap or partial substring - DO NOT AUTO MERGE
Oracle SQL Developer,oracle sql developer,O*NET,SQL,sql,FLAGGED_FOR_REVIEW,Token overlap or partial substring - DO NOT AUTO MERGE
Oracle SQL Loader,oracle sql loader,O*NET,SQL,sql,FLAGGED_FOR_REVIEW,Token overlap or partial substring - DO NOT AUTO MERGE
Oracle SQL Plus,oracle sql plus,O*NET,SQL,sql,FLAGGED_FOR_REVIEW,Token overlap or partial substring - DO NOT AUTO MERGE
order supplies for vehicle maintenance and repair,order supplies for vehicle maintenance and repair,ESCO,Routing and Switching,routing and switching,FLAGGED_FOR_REVIEW,Token overlap or partial substring - DO NOT AUTO MERGE
Ordering and purchasing software,ordering and purchasing software,O*NET,Routing and Switching,routing and switching,FLAGGED_FOR_REVIEW,Token overlap or partial substring - DO NOT AUTO MERGE
organisational learning,organisational learning,ESCO,Machine Learning,machine learning,FLAGGED_FOR_REVIEW,Token overlap or partial substring - DO NOT AUTO MERGE
"organise information, objects and resources","organise information, objects and resources",ESCO,Routing and Switching,routing and switching,FLAGGED_FOR_REVIEW,Token overlap or partial substring - DO NOT AUTO MERGE
origin of dietary fats and oils,origin of dietary fats and oils,ESCO,Routing and Switching,routing and switching,FLAGGED_FOR_REVIEW,Token overlap or partial substring - DO NOT AUTO MERGE
oversee aircraft sensor and recording systems,oversee aircraft sensor and recording systems,ESCO,Routing and Switching,routing and switching,FLAGGED_FOR_REVIEW,Token overlap or partial substring - DO NOT AUTO MERGE
oversee arrival and departure of ships into port,oversee arrival and departure of ships into port,ESCO,Routing and Switching,routing and switching,FLAGGED_FOR_REVIEW,Token overlap or partial substring - DO NOT AUTO MERGE
oversee planning of security systems,oversee planning of security systems,ESCO,Database Security,database security,FLAGGED_FOR_REVIEW,Token overlap or partial substring - DO NOT AUTO MERGE
oversee power equipment operation,oversee power equipment operation,ESCO,Power BI,power bi,FLAGGED_FOR_REVIEW,Token overlap or partial substring - DO NOT AUTO MERGE
oversee shipment routing,oversee shipment routing,ESCO,Routing and Switching,routing and switching,FLAGGED_FOR_REVIEW,Token overlap or partial substring - DO NOT AUTO MERGE
Package location and tracking software,package location and tracking software,O*NET,Routing and Switching,routing and switching,FLAGGED_FOR_REVIEW,Token overlap or partial substring - DO NOT AUTO MERGE
Paint mixing and matching software,paint mixing and matching software,O*NET,Routing and Switching,routing and switching,FLAGGED_FOR_REVIEW,Token overlap or partial substring - DO NOT AUTO MERGE
Paleontological Statistics PAST,paleontological statistics past,O*NET,Statistics,statistics,FLAGGED_FOR_REVIEW,Token overlap or partial substring - DO NOT AUTO MERGE
Palo Alto Networks Next-Generation Security Platform,palo alto networks next-generation security platform,O*NET,Database Security,database security,FLAGGED_FOR_REVIEW,Token overlap or partial substring - DO NOT AUTO MERGE
PANalytical X'Pert Data Collector,panalytical x'pert data collector,O*NET,Data Structures,data structures,FLAGGED_FOR_REVIEW,Token overlap or partial substring - DO NOT AUTO MERGE
ParAccel Analytic Database,paraccel analytic database,O*NET,Database Security,database security,FLAGGED_FOR_REVIEW,Token overlap or partial substring - DO NOT AUTO MERGE
Parrot Security OS,parrot security os,ESCO,Database Security,database security,FLAGGED_FOR_REVIEW,Token overlap or partial substring - DO NOT AUTO MERGE
Parts database software,parts database software,O*NET,Database Security,database security,FLAGGED_FOR_REVIEW,Token overlap or partial substring - DO NOT AUTO MERGE
parts of a surface grinding machine,parts of a surface grinding machine,ESCO,Machine Learning,machine learning,FLAGGED_FOR_REVIEW,Token overlap or partial substring - DO NOT AUTO MERGE
Patch and update management software,patch and update management software,O*NET,Routing and Switching,routing and switching,FLAGGED_FOR_REVIEW,Token overlap or partial substring - DO NOT AUTO MERGE
Patient records software for personal digital assistants PDAs,patient records software for personal digital assistants pdas,O*NET,Git,git,FLAGGED_FOR_REVIEW,Token overlap or partial substring - DO NOT AUTO MERGE
Pedigree drawing and management software,pedigree drawing and management software,O*NET,Routing and Switching,routing and switching,FLAGGED_FOR_REVIEW,Token overlap or partial substring - DO NOT AUTO MERGE
Pentagon 2000SQL,pentagon 2000sql,O*NET,SQL,sql,FLAGGED_FOR_REVIEW,Token overlap or partial substring - DO NOT AUTO MERGE
Pentaho Data Integration,pentaho data integration,ESCO,Data Structures,data structures,FLAGGED_FOR_REVIEW,Token overlap or partial substring - DO NOT AUTO MERGE
Pentana audit work system PAWS,pentana audit work system paws,O*NET,AWS,aws,FLAGGED_FOR_REVIEW,Token overlap or partial substring - DO NOT AUTO MERGE
perform a feasibility study on combined heat and power,perform a feasibility study on combined heat and power,ESCO,Power BI,power bi,FLAGGED_FOR_REVIEW,Token overlap or partial substring - DO NOT AUTO MERGE
perform a feasibility study on district heating and cooling,perform a feasibility study on district heating and cooling,ESCO,Routing and Switching,routing and switching,FLAGGED_FOR_REVIEW,Token overlap or partial substring - DO NOT AUTO MERGE
perform a feasibility study on mini wind power,perform a feasibility study on mini wind power,ESCO,Power BI,power bi,FLAGGED_FOR_REVIEW,Token overlap or partial substring - DO NOT AUTO MERGE
perform computer analyses of geotechnical structures,perform computer analyses of geotechnical structures,ESCO,Data Structures,data structures,FLAGGED_FOR_REVIEW,Token overlap or partial substring - DO NOT AUTO MERGE
perform contract reporting and evaluation,perform contract reporting and evaluation,ESCO,Routing and Switching,routing and switching,FLAGGED_FOR_REVIEW,Token overlap or partial substring - DO NOT AUTO MERGE
perform data analysis,perform data analysis,ESCO,Data Structures,data structures,FLAGGED_FOR_REVIEW,Token overlap or partial substring - DO NOT AUTO MERGE
perform data cleansing,perform data cleansing,ESCO,Data Structures,data structures,FLAGGED_FOR_REVIEW,Token overlap or partial substring - DO NOT AUTO MERGE
perform data mining,perform data mining,ESCO,Data Structures,data structures,FLAGGED_FOR_REVIEW,Token overlap or partial substring - DO NOT AUTO MERGE
perform forensic preservations of digital devices,perform forensic preservations of digital devices,ESCO,Git,git,FLAGGED_FOR_REVIEW,Token overlap or partial substring - DO NOT AUTO MERGE
perform ICT security testing,perform ict security testing,ESCO,Database Security,database security,FLAGGED_FOR_REVIEW,Token overlap or partial substring - DO NOT AUTO MERGE
perform loading and unloading operations,perform loading and unloading operations,ESCO,Routing and Switching,routing and switching,FLAGGED_FOR_REVIEW,Token overlap or partial substring - DO NOT AUTO MERGE
perform machine maintenance,perform machine maintenance,ESCO,Machine Learning,machine learning,FLAGGED_FOR_REVIEW,Token overlap or partial substring - DO NOT AUTO MERGE
perform online data analysis,perform online data analysis,ESCO,Data Structures,data structures,FLAGGED_FOR_REVIEW,Token overlap or partial substring - DO NOT AUTO MERGE
perform packing of footwear and leather goods,perform packing of footwear and leather goods,ESCO,Routing and Switching,routing and switching,FLAGGED_FOR_REVIEW,Token overlap or partial substring - DO NOT AUTO MERGE
perform pipeline routing studies,perform pipeline routing studies,ESCO,Routing and Switching,routing and switching,FLAGGED_FOR_REVIEW,Token overlap or partial substring - DO NOT AUTO MERGE
perform safety data analysis,perform safety data analysis,ESCO,Data Structures,data structures,FLAGGED_FOR_REVIEW,Token overlap or partial substring - DO NOT AUTO MERGE
perform search and rescue missions,perform search and rescue missions,ESCO,Routing and Switching,routing and switching,FLAGGED_FOR_REVIEW,Token overlap or partial substring - DO NOT AUTO MERGE
perform security checks,perform security checks,ESCO,Database Security,database security,FLAGGED_FOR_REVIEW,Token overlap or partial substring - DO NOT AUTO MERGE
perform studies and field investigation,perform studies and field investigation,ESCO,Routing and Switching,routing and switching,FLAGGED_FOR_REVIEW,Token overlap or partial substring - DO NOT AUTO MERGE
perform take off and landing,perform take off and landing,ESCO,Routing and Switching,routing and switching,FLAGGED_FOR_REVIEW,Token overlap or partial substring - DO NOT AUTO MERGE
perform test in cigarette-making machine,perform test in cigarette-making machine,ESCO,Machine Learning,machine learning,FLAGGED_FOR_REVIEW,Token overlap or partial substring - DO NOT AUTO MERGE
perform vessel maintenance and cleaning,perform vessel maintenance and cleaning,ESCO,Routing and Switching,routing and switching,FLAGGED_FOR_REVIEW,Token overlap or partial substring - DO NOT AUTO MERGE
Performance database software,performance database software,O*NET,Database Security,database security,FLAGGED_FOR_REVIEW,Token overlap or partial substring - DO NOT AUTO MERGE
perfume and cosmetic products,perfume and cosmetic products,ESCO,Routing and Switching,routing and switching,FLAGGED_FOR_REVIEW,Token overlap or partial substring - DO NOT AUTO MERGE
Personnel and Human Resources,personnel and human resources,O*NET,Routing and Switching,routing and switching,FLAGGED_FOR_REVIEW,Token overlap or partial substring - DO NOT AUTO MERGE
pests and diseases,pests and diseases,ESCO,Routing and Switching,routing and switching,FLAGGED_FOR_REVIEW,Token overlap or partial substring - DO NOT AUTO MERGE
Philosophy and Theology,philosophy and theology,O*NET,Routing and Switching,routing and switching,FLAGGED_FOR_REVIEW,Token overlap or partial substring - DO NOT AUTO MERGE
physico-chemical properties of hides and skins,physico-chemical properties of hides and skins,ESCO,Routing and Switching,routing and switching,FLAGGED_FOR_REVIEW,Token overlap or partial substring - DO NOT AUTO MERGE
Pi Blue OptWorks Excel,pi blue optworks excel,O*NET,Excel,excel,FLAGGED_FOR_REVIEW,Token overlap or partial substring - DO NOT AUTO MERGE
Piney Creek Digital Protocol System,piney creek digital protocol system,O*NET,Git,git,FLAGGED_FOR_REVIEW,Token overlap or partial substring - DO NOT AUTO MERGE
Piping and instrumentation design PID software,piping and instrumentation design pid software,O*NET,Routing and Switching,routing and switching,FLAGGED_FOR_REVIEW,Token overlap or partial substring - DO NOT AUTO MERGE
plan digital marketing,plan digital marketing,ESCO,Git,git,FLAGGED_FOR_REVIEW,Token overlap or partial substring - DO NOT AUTO MERGE
plan health and safety procedures,plan health and safety procedures,ESCO,Routing and Switching,routing and switching,FLAGGED_FOR_REVIEW,Token overlap or partial substring - DO NOT AUTO MERGE
plan supply chain logistics for footwear and leather goods,plan supply chain logistics for footwear and leather goods,ESCO,Routing and Switching,routing and switching,FLAGGED_FOR_REVIEW,Token overlap or partial substring - DO NOT AUTO MERGE
Plant information data entry software,plant information data entry software,O*NET,Data Structures,data structures,FLAGGED_FOR_REVIEW,Token overlap or partial substring - DO NOT AUTO MERGE
plants contribution to indoor climate and health conditions,plants contribution to indoor climate and health conditions,ESCO,Routing and Switching,routing and switching,FLAGGED_FOR_REVIEW,Token overlap or partial substring - DO NOT AUTO MERGE
Plateau Learning Management System LMS,plateau learning management system lms,O*NET,Machine Learning,machine learning,FLAGGED_FOR_REVIEW,Token overlap or partial substring - DO NOT AUTO MERGE
Point of sale POS parts and services software,point of sale pos parts and services software,O*NET,Routing and Switching,routing and switching,FLAGGED_FOR_REVIEW,Token overlap or partial substring - DO NOT AUTO MERGE
position guardrails and toeboards,position guardrails and toeboards,ESCO,Routing and Switching,routing and switching,FLAGGED_FOR_REVIEW,Token overlap or partial substring - DO NOT AUTO MERGE
position V-belts on covering machine,position v-belts on covering machine,ESCO,Machine Learning,machine learning,FLAGGED_FOR_REVIEW,Token overlap or partial substring - DO NOT AUTO MERGE
position V-belts on notching machine,position v-belts on notching machine,ESCO,Machine Learning,machine learning,FLAGGED_FOR_REVIEW,Token overlap or partial substring - DO NOT AUTO MERGE
position vehicles for maintenance and repair,position vehicles for maintenance and repair,ESCO,Routing and Switching,routing and switching,FLAGGED_FOR_REVIEW,Token overlap or partial substring - DO NOT AUTO MERGE
Power analysis software,power analysis software,O*NET,Power BI,power bi,FLAGGED_FOR_REVIEW,Token overlap or partial substring - DO NOT AUTO MERGE
Power and Precision,power and precision,O*NET,Power BI,power bi,FLAGGED_FOR_REVIEW,Token overlap or partial substring - DO NOT AUTO MERGE
Power Diary,power diary,O*NET,Power BI,power bi,FLAGGED_FOR_REVIEW,Token overlap or partial substring - DO NOT AUTO MERGE
power electronics,power electronics,ESCO,Power BI,power bi,FLAGGED_FOR_REVIEW,Token overlap or partial substring - DO NOT AUTO MERGE
power engineering,power engineering,ESCO,Power BI,power bi,FLAGGED_FOR_REVIEW,Token overlap or partial substring - DO NOT AUTO MERGE
power plant instrumentation,power plant instrumentation,ESCO,Power BI,power bi,FLAGGED_FOR_REVIEW,Token overlap or partial substring - DO NOT AUTO MERGE
Power Real Estate Letters,power real estate letters,O*NET,Power BI,power bi,FLAGGED_FOR_REVIEW,Token overlap or partial substring - DO NOT AUTO MERGE
Power Structure,power structure,O*NET,Power BI,power bi,FLAGGED_FOR_REVIEW,Token overlap or partial substring - DO NOT AUTO MERGE
Power system modeling software,power system modeling software,O*NET,Power BI,power bi,FLAGGED_FOR_REVIEW,Token overlap or partial substring - DO NOT AUTO MERGE
Power Tab Editor,power tab editor,O*NET,Power BI,power bi,FLAGGED_FOR_REVIEW,Token overlap or partial substring - DO NOT AUTO MERGE
pre-stitching processes and techniques for footwear and leather goods,pre-stitching processes and techniques for footwear and leather goods,ESCO,Routing and Switching,routing and switching,FLAGGED_FOR_REVIEW,Token overlap or partial substring - DO NOT AUTO MERGE
Preactor APS,preactor aps,O*NET,React,react,FLAGGED_FOR_REVIEW,Token overlap or partial substring - DO NOT AUTO MERGE
Preactor Finite Capacity Scheduling,preactor finite capacity scheduling,O*NET,React,react,FLAGGED_FOR_REVIEW,Token overlap or partial substring - DO NOT AUTO MERGE
Precision Data Solutions VoicePower,precision data solutions voicepower,O*NET,Data Structures,data structures,FLAGGED_FOR_REVIEW,Token overlap or partial substring - DO NOT AUTO MERGE
prepare aviation equipment and facilities for training purposes,prepare aviation equipment and facilities for training purposes,ESCO,Routing and Switching,routing and switching,FLAGGED_FOR_REVIEW,Token overlap or partial substring - DO NOT AUTO MERGE
prepare digital art for master photograph,prepare digital art for master photograph,ESCO,Git,git,FLAGGED_FOR_REVIEW,Token overlap or partial substring - DO NOT AUTO MERGE
prepare forecasts for take-off and landing,prepare forecasts for take-off and landing,ESCO,Routing and Switching,routing and switching,FLAGGED_FOR_REVIEW,Token overlap or partial substring - DO NOT AUTO MERGE
prepare fruits and vegetables for pre-processing,prepare fruits and vegetables for pre-processing,ESCO,Routing and Switching,routing and switching,FLAGGED_FOR_REVIEW,Token overlap or partial substring - DO NOT AUTO MERGE
prepare offset printing machine,prepare offset printing machine,ESCO,Machine Learning,machine learning,FLAGGED_FOR_REVIEW,Token overlap or partial substring - DO NOT AUTO MERGE
prepare the assessment of prior learning,prepare the assessment of prior learning,ESCO,Machine Learning,machine learning,FLAGGED_FOR_REVIEW,Token overlap or partial substring - DO NOT AUTO MERGE
prepare visual data,prepare visual data,ESCO,Data Structures,data structures,FLAGGED_FOR_REVIEW,Token overlap or partial substring - DO NOT AUTO MERGE
prepare well data sheets,prepare well data sheets,ESCO,Data Structures,data structures,FLAGGED_FOR_REVIEW,Token overlap or partial substring - DO NOT AUTO MERGE
prevent health and safety problems,prevent health and safety problems,ESCO,Routing and Switching,routing and switching,FLAGGED_FOR_REVIEW,Token overlap or partial substring - DO NOT AUTO MERGE
problem-solving with digital tools,problem-solving with digital tools,ESCO,Git,git,FLAGGED_FOR_REVIEW,Token overlap or partial substring - DO NOT AUTO MERGE
process collected survey data,process collected survey data,ESCO,Data Structures,data structures,FLAGGED_FOR_REVIEW,Token overlap or partial substring - DO NOT AUTO MERGE
process data,process data,ESCO,Data Structures,data structures,FLAGGED_FOR_REVIEW,Token overlap or partial substring - DO NOT AUTO MERGE
process data from railway control rooms,process data from railway control rooms,ESCO,Data Structures,data structures,FLAGGED_FOR_REVIEW,Token overlap or partial substring - DO NOT AUTO MERGE
process fruits and vegetables,process fruits and vegetables,ESCO,Routing and Switching,routing and switching,FLAGGED_FOR_REVIEW,Token overlap or partial substring - DO NOT AUTO MERGE
Process Heating Assessment and Survey Tool PHAST,process heating assessment and survey tool phast,O*NET,Routing and Switching,routing and switching,FLAGGED_FOR_REVIEW,Token overlap or partial substring - DO NOT AUTO MERGE
Process mapping and design software,process mapping and design software,O*NET,Routing and Switching,routing and switching,FLAGGED_FOR_REVIEW,Token overlap or partial substring - DO NOT AUTO MERGE
processes of foods and beverages manufacturing,processes of foods and beverages manufacturing,ESCO,Routing and Switching,routing and switching,FLAGGED_FOR_REVIEW,Token overlap or partial substring - DO NOT AUTO MERGE
procurement of ICT network equipment,procurement of ict network equipment,ESCO,Network Security,network security,FLAGGED_FOR_REVIEW,Token overlap or partial substring - DO NOT AUTO MERGE
product data management,product data management,ESCO,Data Structures,data structures,FLAGGED_FOR_REVIEW,Token overlap or partial substring - DO NOT AUTO MERGE
Production and Processing,production and processing,O*NET,Routing and Switching,routing and switching,FLAGGED_FOR_REVIEW,Token overlap or partial substring - DO NOT AUTO MERGE
Production Flow Analysis and Simplification Toolkit PFAST,production flow analysis and simplification toolkit pfast,O*NET,Routing and Switching,routing and switching,FLAGGED_FOR_REVIEW,Token overlap or partial substring - DO NOT AUTO MERGE
Production scheduling and planning software,production scheduling and planning software,O*NET,Routing and Switching,routing and switching,FLAGGED_FOR_REVIEW,Token overlap or partial substring - DO NOT AUTO MERGE
Project analysis and costing software,project analysis and costing software,O*NET,Routing and Switching,routing and switching,FLAGGED_FOR_REVIEW,Token overlap or partial substring - DO NOT AUTO MERGE
Project data integration software,project data integration software,O*NET,Data Structures,data structures,FLAGGED_FOR_REVIEW,Token overlap or partial substring - DO NOT AUTO MERGE
promote balance between rest and activity,promote balance between rest and activity,ESCO,Routing and Switching,routing and switching,FLAGGED_FOR_REVIEW,Token overlap or partial substring - DO NOT AUTO MERGE
promote health and safety,promote health and safety,ESCO,Routing and Switching,routing and switching,FLAGGED_FOR_REVIEW,Token overlap or partial substring - DO NOT AUTO MERGE
promote health and safety policies in health services,promote health and safety policies in health services,ESCO,Routing and Switching,routing and switching,FLAGGED_FOR_REVIEW,Token overlap or partial substring - DO NOT AUTO MERGE
promote social security programmes,promote social security programmes,ESCO,Database Security,database security,FLAGGED_FOR_REVIEW,Token overlap or partial substring - DO NOT AUTO MERGE
promote the participation of citizens in scientific and research activities,promote the participation of citizens in scientific and research activities,ESCO,Routing and Switching,routing and switching,FLAGGED_FOR_REVIEW,Token overlap or partial substring - DO NOT AUTO MERGE
promote the principles of democracy and rule of law,promote the principles of democracy and rule of law,ESCO,Routing and Switching,routing and switching,FLAGGED_FOR_REVIEW,Token overlap or partial substring - DO NOT AUTO MERGE
Propeller Multimedia React2,propeller multimedia react2,O*NET,React,react,FLAGGED_FOR_REVIEW,Token overlap or partial substring - DO NOT AUTO MERGE
"Property damage, bodily injury, and liability estimation software","property damage, bodily injury, and liability estimation software",O*NET,Routing and Switching,routing and switching,FLAGGED_FOR_REVIEW,Token overlap or partial substring - DO NOT AUTO MERGE
ProQuest Library and Information Science Abstracts LISA,proquest library and information science abstracts lisa,O*NET,Routing and Switching,routing and switching,FLAGGED_FOR_REVIEW,Token overlap or partial substring - DO NOT AUTO MERGE
ProQuest Public Affairs Information Service (PAIS) database,proquest public affairs information service (pais) database,O*NET,Database Security,database security,FLAGGED_FOR_REVIEW,Token overlap or partial substring - DO NOT AUTO MERGE
protect health and safety when handling animals,protect health and safety when handling animals,ESCO,Routing and Switching,routing and switching,FLAGGED_FOR_REVIEW,Token overlap or partial substring - DO NOT AUTO MERGE
protect health and well-being while using digital technologies,protect health and well-being while using digital technologies,ESCO,Git,git,FLAGGED_FOR_REVIEW,Token overlap or partial substring - DO NOT AUTO MERGE
protect personal data and privacy,protect personal data and privacy,ESCO,Data Structures,data structures,FLAGGED_FOR_REVIEW,Token overlap or partial substring - DO NOT AUTO MERGE
protect the environment from the impact of the digital technologies,protect the environment from the impact of the digital technologies,ESCO,Git,git,FLAGGED_FOR_REVIEW,Token overlap or partial substring - DO NOT AUTO MERGE
provide door security,provide door security,ESCO,Database Security,database security,FLAGGED_FOR_REVIEW,Token overlap or partial substring - DO NOT AUTO MERGE
provide food and beverages,provide food and beverages,ESCO,Routing and Switching,routing and switching,FLAGGED_FOR_REVIEW,Token overlap or partial substring - DO NOT AUTO MERGE
provide learning support,provide learning support,ESCO,Machine Learning,machine learning,FLAGGED_FOR_REVIEW,Token overlap or partial substring - DO NOT AUTO MERGE
provide learning support in healthcare,provide learning support in healthcare,ESCO,Machine Learning,machine learning,FLAGGED_FOR_REVIEW,Token overlap or partial substring - DO NOT AUTO MERGE
provide legal legitimacy to the transfer of assets,provide legal legitimacy to the transfer of assets,ESCO,Git,git,FLAGGED_FOR_REVIEW,Token overlap or partial substring - DO NOT AUTO MERGE
provide power connection from bus bars,provide power connection from bus bars,ESCO,Power BI,power bi,FLAGGED_FOR_REVIEW,Token overlap or partial substring - DO NOT AUTO MERGE
provide power distribution,provide power distribution,ESCO,Power BI,power bi,FLAGGED_FOR_REVIEW,Token overlap or partial substring - DO NOT AUTO MERGE
provide security in detention centres,provide security in detention centres,ESCO,Database Security,database security,FLAGGED_FOR_REVIEW,Token overlap or partial substring - DO NOT AUTO MERGE
provide training in sustainable tourism development and management,provide training in sustainable tourism development and management,ESCO,Routing and Switching,routing and switching,FLAGGED_FOR_REVIEW,Token overlap or partial substring - DO NOT AUTO MERGE
prune hedges and trees,prune hedges and trees,ESCO,Routing and Switching,routing and switching,FLAGGED_FOR_REVIEW,Token overlap or partial substring - DO NOT AUTO MERGE
Public Safety and Security,public safety and security,O*NET,Routing and Switching,routing and switching,FLAGGED_FOR_REVIEW,Token overlap or partial substring - DO NOT AUTO MERGE
purchase fruits and vegetables,purchase fruits and vegetables,ESCO,Routing and Switching,routing and switching,FLAGGED_FOR_REVIEW,Token overlap or partial substring - DO NOT AUTO MERGE
Pure Data PD,pure data pd,O*NET,Data Structures,data structures,FLAGGED_FOR_REVIEW,Token overlap or partial substring - DO NOT AUTO MERGE
pursue excellence in the creation of food products,pursue excellence in the creation of food products,ESCO,Excel,excel,FLAGGED_FOR_REVIEW,Token overlap or partial substring - DO NOT AUTO MERGE
Python Experimental Economics Toolkit PEET,python experimental economics toolkit peet,O*NET,Python,python,FLAGGED_FOR_REVIEW,Token overlap or partial substring - DO NOT AUTO MERGE
Python Tools for Visual Studio (PTVS),python tools for visual studio (ptvs),O*NET,Python,python,FLAGGED_FOR_REVIEW,Token overlap or partial substring - DO NOT AUTO MERGE
quality and cycle time optimisation,quality and cycle time optimisation,ESCO,Routing and Switching,routing and switching,FLAGGED_FOR_REVIEW,Token overlap or partial substring - DO NOT AUTO MERGE
Quest Erwin Data Modeler,quest erwin data modeler,O*NET,Data Structures,data structures,FLAGGED_FOR_REVIEW,Token overlap or partial substring - DO NOT AUTO MERGE
Quest SQL Optimizer for Oracle,quest sql optimizer for oracle,O*NET,SQL,sql,FLAGGED_FOR_REVIEW,Token overlap or partial substring - DO NOT AUTO MERGE
R,r,ESCO,JavaScript,javascript,FLAGGED_FOR_REVIEW,Token overlap or partial substring - DO NOT AUTO MERGE
R,r,O*NET,JavaScript,javascript,FLAGGED_FOR_REVIEW,Token overlap or partial substring - DO NOT AUTO MERGE
Radiological assessment display and control system RADACS,radiological assessment display and control system radacs,O*NET,Routing and Switching,routing and switching,FLAGGED_FOR_REVIEW,Token overlap or partial substring - DO NOT AUTO MERGE
RAGE (digital game creation systems),rage (digital game creation systems),ESCO,Git,git,FLAGGED_FOR_REVIEW,Token overlap or partial substring - DO NOT AUTO MERGE
Rand McNally World Digital Database,rand mcnally world digital database,O*NET,Git,git,FLAGGED_FOR_REVIEW,Token overlap or partial substring - DO NOT AUTO MERGE
RCS NexGen Digital,rcs nexgen digital,O*NET,Git,git,FLAGGED_FOR_REVIEW,Token overlap or partial substring - DO NOT AUTO MERGE
react acordingly to unexpected events outdoors,react acordingly to unexpected events outdoors,ESCO,React,react,FLAGGED_FOR_REVIEW,Token overlap or partial substring - DO NOT AUTO MERGE
react calmly in stressful situations,react calmly in stressful situations,ESCO,React,react,FLAGGED_FOR_REVIEW,Token overlap or partial substring - DO NOT AUTO MERGE
React Native,react native,O*NET,React,react,FLAGGED_FOR_REVIEW,Token overlap or partial substring - DO NOT AUTO MERGE
React Redux,react redux,O*NET,React,react,FLAGGED_FOR_REVIEW,Token overlap or partial substring - DO NOT AUTO MERGE
react to emergency situations in a live performance environment,react to emergency situations in a live performance environment,ESCO,React,react,FLAGGED_FOR_REVIEW,Token overlap or partial substring - DO NOT AUTO MERGE
react to events in time-critical environments,react to events in time-critical environments,ESCO,React,react,FLAGGED_FOR_REVIEW,Token overlap or partial substring - DO NOT AUTO MERGE
react to mining emergencies,react to mining emergencies,ESCO,React,react,FLAGGED_FOR_REVIEW,Token overlap or partial substring - DO NOT AUTO MERGE
react to physical changes or hazards,react to physical changes or hazards,ESCO,React,react,FLAGGED_FOR_REVIEW,Token overlap or partial substring - DO NOT AUTO MERGE
Reactor excursion and release analysis program RELAP,reactor excursion and release analysis program relap,O*NET,React,react,FLAGGED_FOR_REVIEW,Token overlap or partial substring - DO NOT AUTO MERGE
read ship operational data,read ship operational data,ESCO,Data Structures,data structures,FLAGGED_FOR_REVIEW,Token overlap or partial substring - DO NOT AUTO MERGE
Real estate and tax software,real estate and tax software,O*NET,Routing and Switching,routing and switching,FLAGGED_FOR_REVIEW,Token overlap or partial substring - DO NOT AUTO MERGE
Real estate application contract transmission REACT software,real estate application contract transmission react software,O*NET,React,react,FLAGGED_FOR_REVIEW,Token overlap or partial substring - DO NOT AUTO MERGE
Reality Star ProAGENT Power Series Presentations,reality star proagent power series presentations,O*NET,Power BI,power bi,FLAGGED_FOR_REVIEW,Token overlap or partial substring - DO NOT AUTO MERGE
receive veterinary clients and their animals for appointments,receive veterinary clients and their animals for appointments,ESCO,Routing and Switching,routing and switching,FLAGGED_FOR_REVIEW,Token overlap or partial substring - DO NOT AUTO MERGE
recognise patients' reaction to therapy,recognise patients' reaction to therapy,ESCO,React,react,FLAGGED_FOR_REVIEW,Token overlap or partial substring - DO NOT AUTO MERGE
record customers' personal data,record customers' personal data,ESCO,Data Structures,data structures,FLAGGED_FOR_REVIEW,Token overlap or partial substring - DO NOT AUTO MERGE
record data from biomedical tests,record data from biomedical tests,ESCO,Data Structures,data structures,FLAGGED_FOR_REVIEW,Token overlap or partial substring - DO NOT AUTO MERGE
record malting cycle data,record malting cycle data,ESCO,Data Structures,data structures,FLAGGED_FOR_REVIEW,Token overlap or partial substring - DO NOT AUTO MERGE
record production data,record production data,ESCO,Data Structures,data structures,FLAGGED_FOR_REVIEW,Token overlap or partial substring - DO NOT AUTO MERGE
record production data for quality control,record production data for quality control,ESCO,Data Structures,data structures,FLAGGED_FOR_REVIEW,Token overlap or partial substring - DO NOT AUTO MERGE
record survey data,record survey data,ESCO,Data Structures,data structures,FLAGGED_FOR_REVIEW,Token overlap or partial substring - DO NOT AUTO MERGE
record test data,record test data,ESCO,Data Structures,data structures,FLAGGED_FOR_REVIEW,Token overlap or partial substring - DO NOT AUTO MERGE
Red Hat Enterprise Linux,red hat enterprise linux,O*NET,Linux,linux,FLAGGED_FOR_REVIEW,Token overlap or partial substring - DO NOT AUTO MERGE
REDCap Research Electronic Data Capture,redcap research electronic data capture,O*NET,Data Structures,data structures,FLAGGED_FOR_REVIEW,Token overlap or partial substring - DO NOT AUTO MERGE
Redgate SQL Server,redgate sql server,O*NET,SQL,sql,FLAGGED_FOR_REVIEW,Token overlap or partial substring - DO NOT AUTO MERGE
refractive power,refractive power,ESCO,Power BI,power bi,FLAGGED_FOR_REVIEW,Token overlap or partial substring - DO NOT AUTO MERGE
"Refugee, Asylum and Parole System RAPS","refugee, asylum and parole system raps",O*NET,Routing and Switching,routing and switching,FLAGGED_FOR_REVIEW,Token overlap or partial substring - DO NOT AUTO MERGE
register information on arrivals and departures,register information on arrivals and departures,ESCO,Routing and Switching,routing and switching,FLAGGED_FOR_REVIEW,Token overlap or partial substring - DO NOT AUTO MERGE
regulate chemical reaction,regulate chemical reaction,ESCO,React,react,FLAGGED_FOR_REVIEW,Token overlap or partial substring - DO NOT AUTO MERGE
Relational database management software,relational database management software,O*NET,Database Security,database security,FLAGGED_FOR_REVIEW,Token overlap or partial substring - DO NOT AUTO MERGE
Relational database management system RDMS,relational database management system rdms,O*NET,Database Security,database security,FLAGGED_FOR_REVIEW,Token overlap or partial substring - DO NOT AUTO MERGE
Relational database management system software,relational database management system software,O*NET,Database Security,database security,FLAGGED_FOR_REVIEW,Token overlap or partial substring - DO NOT AUTO MERGE
Relational database software,relational database software,O*NET,Database Security,database security,FLAGGED_FOR_REVIEW,Token overlap or partial substring - DO NOT AUTO MERGE
relay messages through radio and telephone systems,relay messages through radio and telephone systems,ESCO,Routing and Switching,routing and switching,FLAGGED_FOR_REVIEW,Token overlap or partial substring - DO NOT AUTO MERGE
"remove calculus, plaque and stains","remove calculus, plaque and stains",ESCO,Routing and Switching,routing and switching,FLAGGED_FOR_REVIEW,Token overlap or partial substring - DO NOT AUTO MERGE
remove film negatives from processing machine,remove film negatives from processing machine,ESCO,Machine Learning,machine learning,FLAGGED_FOR_REVIEW,Token overlap or partial substring - DO NOT AUTO MERGE
repair laminated structures,repair laminated structures,ESCO,Data Structures,data structures,FLAGGED_FOR_REVIEW,Token overlap or partial substring - DO NOT AUTO MERGE
repair overhead power lines,repair overhead power lines,ESCO,Power BI,power bi,FLAGGED_FOR_REVIEW,Token overlap or partial substring - DO NOT AUTO MERGE
repair power tools,repair power tools,ESCO,Power BI,power bi,FLAGGED_FOR_REVIEW,Token overlap or partial substring - DO NOT AUTO MERGE
repair underground power cables,repair underground power cables,ESCO,Power BI,power bi,FLAGGED_FOR_REVIEW,Token overlap or partial substring - DO NOT AUTO MERGE
replace sawing blade on machine,replace sawing blade on machine,ESCO,Machine Learning,machine learning,FLAGGED_FOR_REVIEW,Token overlap or partial substring - DO NOT AUTO MERGE
report airport security incidents,report airport security incidents,ESCO,Database Security,database security,FLAGGED_FOR_REVIEW,Token overlap or partial substring - DO NOT AUTO MERGE
Requirements analysis and system architecture software,requirements analysis and system architecture software,O*NET,Routing and Switching,routing and switching,FLAGGED_FOR_REVIEW,Token overlap or partial substring - DO NOT AUTO MERGE
research and development in textiles,research and development in textiles,ESCO,Routing and Switching,routing and switching,FLAGGED_FOR_REVIEW,Token overlap or partial substring - DO NOT AUTO MERGE
Resort Data Processing,resort data processing,O*NET,Data Structures,data structures,FLAGGED_FOR_REVIEW,Token overlap or partial substring - DO NOT AUTO MERGE
Resource and patient management system RPMS patient registration software,resource and patient management system rpms patient registration software,O*NET,Routing and Switching,routing and switching,FLAGGED_FOR_REVIEW,Token overlap or partial substring - DO NOT AUTO MERGE
Resource and patient management system RPMS scheduling software,resource and patient management system rpms scheduling software,O*NET,Routing and Switching,routing and switching,FLAGGED_FOR_REVIEW,Token overlap or partial substring - DO NOT AUTO MERGE
Resource Ordering and Statusing System ROSS,resource ordering and statusing system ross,O*NET,Routing and Switching,routing and switching,FLAGGED_FOR_REVIEW,Token overlap or partial substring - DO NOT AUTO MERGE
respect data protection principles,respect data protection principles,ESCO,Data Structures,data structures,FLAGGED_FOR_REVIEW,Token overlap or partial substring - DO NOT AUTO MERGE
respect the diversity of cultural values and norms,respect the diversity of cultural values and norms,ESCO,Routing and Switching,routing and switching,FLAGGED_FOR_REVIEW,Token overlap or partial substring - DO NOT AUTO MERGE
respond to electrical power contingencies,respond to electrical power contingencies,ESCO,Power BI,power bi,FLAGGED_FOR_REVIEW,Token overlap or partial substring - DO NOT AUTO MERGE
Resume extraction and search software,resume extraction and search software,O*NET,Routing and Switching,routing and switching,FLAGGED_FOR_REVIEW,Token overlap or partial substring - DO NOT AUTO MERGE
review meteorological forecast data,review meteorological forecast data,ESCO,Data Structures,data structures,FLAGGED_FOR_REVIEW,Token overlap or partial substring - DO NOT AUTO MERGE
review patient's medical data,review patient's medical data,ESCO,Data Structures,data structures,FLAGGED_FOR_REVIEW,Token overlap or partial substring - DO NOT AUTO MERGE
Risk management data and analysis software,risk management data and analysis software,O*NET,Data Structures,data structures,FLAGGED_FOR_REVIEW,Token overlap or partial substring - DO NOT AUTO MERGE
"risks associated to physical, chemical, biological hazards in food and beverages","risks associated to physical, chemical, biological hazards in food and beverages",ESCO,Routing and Switching,routing and switching,FLAGGED_FOR_REVIEW,Token overlap or partial substring - DO NOT AUTO MERGE
risks of elevated advertising structures,risks of elevated advertising structures,ESCO,Data Structures,data structures,FLAGGED_FOR_REVIEW,Token overlap or partial substring - DO NOT AUTO MERGE
Risoe National Laboratory Wind Atlas Analysis and Application Program WAsP,risoe national laboratory wind atlas analysis and application program wasp,O*NET,Routing and Switching,routing and switching,FLAGGED_FOR_REVIEW,Token overlap or partial substring - DO NOT AUTO MERGE
riveting machine types,riveting machine types,ESCO,Machine Learning,machine learning,FLAGGED_FOR_REVIEW,Token overlap or partial substring - DO NOT AUTO MERGE
road traffic laws,road traffic laws,ESCO,AWS,aws,FLAGGED_FOR_REVIEW,Token overlap or partial substring - DO NOT AUTO MERGE
Roche 454 Life Sciences GS Data Analysis,roche 454 life sciences gs data analysis,O*NET,Data Structures,data structures,FLAGGED_FOR_REVIEW,Token overlap or partial substring - DO NOT AUTO MERGE
Rockport Integrated Excel Underwriting,rockport integrated excel underwriting,O*NET,Excel,excel,FLAGGED_FOR_REVIEW,Token overlap or partial substring - DO NOT AUTO MERGE
Routing software,routing software,O*NET,Routing and Switching,routing and switching,FLAGGED_FOR_REVIEW,Token overlap or partial substring - DO NOT AUTO MERGE
RSI interactive data language IDL software,rsi interactive data language idl software,O*NET,Data Structures,data structures,FLAGGED_FOR_REVIEW,Token overlap or partial substring - DO NOT AUTO MERGE
"Safety, health, and environmental management software","safety, health, and environmental management software",O*NET,Routing and Switching,routing and switching,FLAGGED_FOR_REVIEW,Token overlap or partial substring - DO NOT AUTO MERGE
Sage 300 Construction and Real Estate,sage 300 construction and real estate,O*NET,Routing and Switching,routing and switching,FLAGGED_FOR_REVIEW,Token overlap or partial substring - DO NOT AUTO MERGE
SAIC government services and IT support software,saic government services and it support software,O*NET,Routing and Switching,routing and switching,FLAGGED_FOR_REVIEW,Token overlap or partial substring - DO NOT AUTO MERGE
Sales and Marketing,sales and marketing,O*NET,Routing and Switching,routing and switching,FLAGGED_FOR_REVIEW,Token overlap or partial substring - DO NOT AUTO MERGE
Sales and marketing software,sales and marketing software,O*NET,Routing and Switching,routing and switching,FLAGGED_FOR_REVIEW,Token overlap or partial substring - DO NOT AUTO MERGE
Sampson Data Pattern Index software,sampson data pattern index software,O*NET,Data Structures,data structures,FLAGGED_FOR_REVIEW,Token overlap or partial substring - DO NOT AUTO MERGE
sand blasting machine parts,sand blasting machine parts,ESCO,Machine Learning,machine learning,FLAGGED_FOR_REVIEW,Token overlap or partial substring - DO NOT AUTO MERGE
SAP business and customer relations management software,sap business and customer relations management software,O*NET,Routing and Switching,routing and switching,FLAGGED_FOR_REVIEW,Token overlap or partial substring - DO NOT AUTO MERGE
SAP BusinessObjects Data Integrator,sap businessobjects data integrator,O*NET,Data Structures,data structures,FLAGGED_FOR_REVIEW,Token overlap or partial substring - DO NOT AUTO MERGE
SAP Data Services,sap data services,ESCO,Data Structures,data structures,FLAGGED_FOR_REVIEW,Token overlap or partial substring - DO NOT AUTO MERGE
SAP Master Data Management MDM,sap master data management mdm,O*NET,Data Structures,data structures,FLAGGED_FOR_REVIEW,Token overlap or partial substring - DO NOT AUTO MERGE
SAP POS Data Management,sap pos data management,O*NET,Data Structures,data structures,FLAGGED_FOR_REVIEW,Token overlap or partial substring - DO NOT AUTO MERGE
SAP Sybase SQL Anywhere,sap sybase sql anywhere,O*NET,SQL,sql,FLAGGED_FOR_REVIEW,Token overlap or partial substring - DO NOT AUTO MERGE
SAS Data Integration Server,sas data integration server,O*NET,Data Structures,data structures,FLAGGED_FOR_REVIEW,Token overlap or partial substring - DO NOT AUTO MERGE
SAS Data Integration Studio,sas data integration studio,O*NET,Data Structures,data structures,FLAGGED_FOR_REVIEW,Token overlap or partial substring - DO NOT AUTO MERGE
SAS Data Management,sas data management,ESCO,Data Structures,data structures,FLAGGED_FOR_REVIEW,Token overlap or partial substring - DO NOT AUTO MERGE
Satellite database software,satellite database software,O*NET,Database Security,database security,FLAGGED_FOR_REVIEW,Token overlap or partial substring - DO NOT AUTO MERGE
SCALE ORIGEN-S point depletion and decay code,scale origen-s point depletion and decay code,O*NET,Routing and Switching,routing and switching,FLAGGED_FOR_REVIEW,Token overlap or partial substring - DO NOT AUTO MERGE
schedule and dispatch drivers,schedule and dispatch drivers,ESCO,Routing and Switching,routing and switching,FLAGGED_FOR_REVIEW,Token overlap or partial substring - DO NOT AUTO MERGE
schedule regular machine maintenance,schedule regular machine maintenance,ESCO,Machine Learning,machine learning,FLAGGED_FOR_REVIEW,Token overlap or partial substring - DO NOT AUTO MERGE
Scientific Learning Fast ForWord,scientific learning fast forword,O*NET,Machine Learning,machine learning,FLAGGED_FOR_REVIEW,Token overlap or partial substring - DO NOT AUTO MERGE
Scientific Software International SSI Hierarchical Linear and Non-Linear Modeling HLM,scientific software international ssi hierarchical linear and non-linear modeling hlm,O*NET,Routing and Switching,routing and switching,FLAGGED_FOR_REVIEW,Token overlap or partial substring - DO NOT AUTO MERGE
screw machine parts,screw machine parts,ESCO,Machine Learning,machine learning,FLAGGED_FOR_REVIEW,Token overlap or partial substring - DO NOT AUTO MERGE
ScriptPerfection Power Writer,scriptperfection power writer,O*NET,Power BI,power bi,FLAGGED_FOR_REVIEW,Token overlap or partial substring - DO NOT AUTO MERGE
Seacoast Laboratory Data Systems SurroundLab AR,seacoast laboratory data systems surroundlab ar,O*NET,Data Structures,data structures,FLAGGED_FOR_REVIEW,Token overlap or partial substring - DO NOT AUTO MERGE
Seacoast Laboratory Data Systems SurroundLab Plus,seacoast laboratory data systems surroundlab plus,O*NET,Data Structures,data structures,FLAGGED_FOR_REVIEW,Token overlap or partial substring - DO NOT AUTO MERGE
Security assertion markup language SAML,security assertion markup language saml,O*NET,Database Security,database security,FLAGGED_FOR_REVIEW,Token overlap or partial substring - DO NOT AUTO MERGE
security engineering,security engineering,ESCO,Database Security,database security,FLAGGED_FOR_REVIEW,Token overlap or partial substring - DO NOT AUTO MERGE
security in commercial buildings,security in commercial buildings,ESCO,Database Security,database security,FLAGGED_FOR_REVIEW,Token overlap or partial substring - DO NOT AUTO MERGE
security in industrial buildings,security in industrial buildings,ESCO,Database Security,database security,FLAGGED_FOR_REVIEW,Token overlap or partial substring - DO NOT AUTO MERGE
Security incident management software,security incident management software,O*NET,Database Security,database security,FLAGGED_FOR_REVIEW,Token overlap or partial substring - DO NOT AUTO MERGE
security of assets legislation,security of assets legislation,ESCO,Database Security,database security,FLAGGED_FOR_REVIEW,Token overlap or partial substring - DO NOT AUTO MERGE
security panels,security panels,ESCO,Database Security,database security,FLAGGED_FOR_REVIEW,Token overlap or partial substring - DO NOT AUTO MERGE
security regulations,security regulations,ESCO,Database Security,database security,FLAGGED_FOR_REVIEW,Token overlap or partial substring - DO NOT AUTO MERGE
security requirements of goods transported via pipelines,security requirements of goods transported via pipelines,ESCO,Database Security,database security,FLAGGED_FOR_REVIEW,Token overlap or partial substring - DO NOT AUTO MERGE
Security risk assessment software,security risk assessment software,O*NET,Database Security,database security,FLAGGED_FOR_REVIEW,Token overlap or partial substring - DO NOT AUTO MERGE
Security testing software,security testing software,O*NET,Database Security,database security,FLAGGED_FOR_REVIEW,Token overlap or partial substring - DO NOT AUTO MERGE
security threats,security threats,ESCO,Database Security,database security,FLAGGED_FOR_REVIEW,Token overlap or partial substring - DO NOT AUTO MERGE
SeeRite Flash and Match,seerite flash and match,O*NET,Routing and Switching,routing and switching,FLAGGED_FOR_REVIEW,Token overlap or partial substring - DO NOT AUTO MERGE
select fruits and vegetables,select fruits and vegetables,ESCO,Routing and Switching,routing and switching,FLAGGED_FOR_REVIEW,Token overlap or partial substring - DO NOT AUTO MERGE
sell fish and seafood,sell fish and seafood,ESCO,Routing and Switching,routing and switching,FLAGGED_FOR_REVIEW,Token overlap or partial substring - DO NOT AUTO MERGE
sell floor and wall coverings,sell floor and wall coverings,ESCO,Routing and Switching,routing and switching,FLAGGED_FOR_REVIEW,Token overlap or partial substring - DO NOT AUTO MERGE
sell footwear and leather goods,sell footwear and leather goods,ESCO,Routing and Switching,routing and switching,FLAGGED_FOR_REVIEW,Token overlap or partial substring - DO NOT AUTO MERGE
sell power tools,sell power tools,ESCO,Power BI,power bi,FLAGGED_FOR_REVIEW,Token overlap or partial substring - DO NOT AUTO MERGE
sell toys and games,sell toys and games,ESCO,Routing and Switching,routing and switching,FLAGGED_FOR_REVIEW,Token overlap or partial substring - DO NOT AUTO MERGE
SentryOne SQL Sentry,sentryone sql sentry,O*NET,SQL,sql,FLAGGED_FOR_REVIEW,Token overlap or partial substring - DO NOT AUTO MERGE
Sequence database software,sequence database software,O*NET,Database Security,database security,FLAGGED_FOR_REVIEW,Token overlap or partial substring - DO NOT AUTO MERGE
set safety and security standards,set safety and security standards,ESCO,Routing and Switching,routing and switching,FLAGGED_FOR_REVIEW,Token overlap or partial substring - DO NOT AUTO MERGE
set up cybersecurity training programmes,set up cybersecurity training programmes,ESCO,Cybersecurity,cybersecurity,FLAGGED_FOR_REVIEW,Token overlap or partial substring - DO NOT AUTO MERGE
set up machine controls,set up machine controls,ESCO,Machine Learning,machine learning,FLAGGED_FOR_REVIEW,Token overlap or partial substring - DO NOT AUTO MERGE
set up the controller of a machine,set up the controller of a machine,ESCO,Machine Learning,machine learning,FLAGGED_FOR_REVIEW,Token overlap or partial substring - DO NOT AUTO MERGE
share through digital technologies,share through digital technologies,ESCO,Git,git,FLAGGED_FOR_REVIEW,Token overlap or partial substring - DO NOT AUTO MERGE
Shipping and freight management software,shipping and freight management software,O*NET,Routing and Switching,routing and switching,FLAGGED_FOR_REVIEW,Token overlap or partial substring - DO NOT AUTO MERGE
Shiva (digital game creation systems),shiva (digital game creation systems),ESCO,Git,git,FLAGGED_FOR_REVIEW,Token overlap or partial substring - DO NOT AUTO MERGE
show samples of wall and floor coverings,show samples of wall and floor coverings,ESCO,Routing and Switching,routing and switching,FLAGGED_FOR_REVIEW,Token overlap or partial substring - DO NOT AUTO MERGE
Siemens APOGEE Building Automation Software,siemens apogee building automation software,O*NET,SIEM,siem,FLAGGED_FOR_REVIEW,Token overlap or partial substring - DO NOT AUTO MERGE
Siemens Energy and Automation,siemens energy and automation,O*NET,SIEM,siem,FLAGGED_FOR_REVIEW,Token overlap or partial substring - DO NOT AUTO MERGE
Siemens Hearing Instruments Practice Navigator,siemens hearing instruments practice navigator,O*NET,SIEM,siem,FLAGGED_FOR_REVIEW,Token overlap or partial substring - DO NOT AUTO MERGE
Siemens ModelSim,siemens modelsim,O*NET,SIEM,siem,FLAGGED_FOR_REVIEW,Token overlap or partial substring - DO NOT AUTO MERGE
Siemens NOVIUS Lab,siemens novius lab,O*NET,SIEM,siem,FLAGGED_FOR_REVIEW,Token overlap or partial substring - DO NOT AUTO MERGE
Siemens NX,siemens nx,O*NET,SIEM,siem,FLAGGED_FOR_REVIEW,Token overlap or partial substring - DO NOT AUTO MERGE
Siemens Patient Identification Check,siemens patient identification check,O*NET,SIEM,siem,FLAGGED_FOR_REVIEW,Token overlap or partial substring - DO NOT AUTO MERGE
Siemens PLM software,siemens plm software,O*NET,SIEM,siem,FLAGGED_FOR_REVIEW,Token overlap or partial substring - DO NOT AUTO MERGE
Siemens Power Plant Automation SPPA,siemens power plant automation sppa,O*NET,Power BI,power bi,FLAGGED_FOR_REVIEW,Token overlap or partial substring - DO NOT AUTO MERGE
Siemens PSS Product Suite,siemens pss product suite,O*NET,SIEM,siem,FLAGGED_FOR_REVIEW,Token overlap or partial substring - DO NOT AUTO MERGE
Siemens SHELXTL,siemens shelxtl,O*NET,SIEM,siem,FLAGGED_FOR_REVIEW,Token overlap or partial substring - DO NOT AUTO MERGE
Siemens SIENET Sky,siemens sienet sky,O*NET,SIEM,siem,FLAGGED_FOR_REVIEW,Token overlap or partial substring - DO NOT AUTO MERGE
Siemens SIMATIC HMI,siemens simatic hmi,O*NET,SIEM,siem,FLAGGED_FOR_REVIEW,Token overlap or partial substring - DO NOT AUTO MERGE
Siemens SIMATIC STEP 7,siemens simatic step 7,O*NET,SIEM,siem,FLAGGED_FOR_REVIEW,Token overlap or partial substring - DO NOT AUTO MERGE
Siemens SIMATIC WinCC,siemens simatic wincc,O*NET,SIEM,siem,FLAGGED_FOR_REVIEW,Token overlap or partial substring - DO NOT AUTO MERGE
Siemens SINUMERIK CNC,siemens sinumerik cnc,O*NET,SIEM,siem,FLAGGED_FOR_REVIEW,Token overlap or partial substring - DO NOT AUTO MERGE
Siemens Soarian Financials,siemens soarian financials,O*NET,SIEM,siem,FLAGGED_FOR_REVIEW,Token overlap or partial substring - DO NOT AUTO MERGE
Siemens Soarian Scheduling,siemens soarian scheduling,O*NET,SIEM,siem,FLAGGED_FOR_REVIEW,Token overlap or partial substring - DO NOT AUTO MERGE
Siemens Solid Edge,siemens solid edge,O*NET,SIEM,siem,FLAGGED_FOR_REVIEW,Token overlap or partial substring - DO NOT AUTO MERGE
Siemens Spectrum Power TG,siemens spectrum power tg,O*NET,Power BI,power bi,FLAGGED_FOR_REVIEW,Token overlap or partial substring - DO NOT AUTO MERGE
Siemens Spectrum PowerCC Distribution Management,siemens spectrum powercc distribution management,O*NET,SIEM,siem,FLAGGED_FOR_REVIEW,Token overlap or partial substring - DO NOT AUTO MERGE
Siemens Teamcenter,siemens teamcenter,O*NET,SIEM,siem,FLAGGED_FOR_REVIEW,Token overlap or partial substring - DO NOT AUTO MERGE
Siemens Teleperm,siemens teleperm,O*NET,SIEM,siem,FLAGGED_FOR_REVIEW,Token overlap or partial substring - DO NOT AUTO MERGE
Siemens UGS Jack,siemens ugs jack,O*NET,SIEM,siem,FLAGGED_FOR_REVIEW,Token overlap or partial substring - DO NOT AUTO MERGE
Siemens UGS NX,siemens ugs nx,O*NET,SIEM,siem,FLAGGED_FOR_REVIEW,Token overlap or partial substring - DO NOT AUTO MERGE
Simple network management protocol SNMP software,simple network management protocol snmp software,O*NET,Network Security,network security,FLAGGED_FOR_REVIEW,Token overlap or partial substring - DO NOT AUTO MERGE
Simulation and modeling software,simulation and modeling software,O*NET,Routing and Switching,routing and switching,FLAGGED_FOR_REVIEW,Token overlap or partial substring - DO NOT AUTO MERGE
Simultaneous location and mapping SLAM,simultaneous location and mapping slam,O*NET,Routing and Switching,routing and switching,FLAGGED_FOR_REVIEW,Token overlap or partial substring - DO NOT AUTO MERGE
SKM Systems Analysis Power Tools,skm systems analysis power tools,O*NET,Power BI,power bi,FLAGGED_FOR_REVIEW,Token overlap or partial substring - DO NOT AUTO MERGE
Skyscape Rosen and Barkin's 5-Minute Emergency Medicine Consult,skyscape rosen and barkin's 5-minute emergency medicine consult,O*NET,Routing and Switching,routing and switching,FLAGGED_FOR_REVIEW,Token overlap or partial substring - DO NOT AUTO MERGE
Smart Data Solutions RS Solutions,smart data solutions rs solutions,O*NET,Data Structures,data structures,FLAGGED_FOR_REVIEW,Token overlap or partial substring - DO NOT AUTO MERGE
Smart Digital Holter Monitor,smart digital holter monitor,O*NET,Git,git,FLAGGED_FOR_REVIEW,Token overlap or partial substring - DO NOT AUTO MERGE
SMART service management and route tracking software,smart service management and route tracking software,O*NET,Routing and Switching,routing and switching,FLAGGED_FOR_REVIEW,Token overlap or partial substring - DO NOT AUTO MERGE
Smithsonian Institution digital archives,smithsonian institution digital archives,O*NET,Git,git,FLAGGED_FOR_REVIEW,Token overlap or partial substring - DO NOT AUTO MERGE
SMSi Twister Data Integrator,smsi twister data integrator,O*NET,Data Structures,data structures,FLAGGED_FOR_REVIEW,Token overlap or partial substring - DO NOT AUTO MERGE
social network analysis,social network analysis,ESCO,Network Security,network security,FLAGGED_FOR_REVIEW,Token overlap or partial substring - DO NOT AUTO MERGE
Social network analysis software,social network analysis software,O*NET,Network Security,network security,FLAGGED_FOR_REVIEW,Token overlap or partial substring - DO NOT AUTO MERGE
Social networking platforms,social networking platforms,O*NET,Networking,networking,FLAGGED_FOR_REVIEW,Token overlap or partial substring - DO NOT AUTO MERGE
Social networking software,social networking software,O*NET,Networking,networking,FLAGGED_FOR_REVIEW,Token overlap or partial substring - DO NOT AUTO MERGE
social security law,social security law,ESCO,Database Security,database security,FLAGGED_FOR_REVIEW,Token overlap or partial substring - DO NOT AUTO MERGE
Sociology and Anthropology,sociology and anthropology,O*NET,Routing and Switching,routing and switching,FLAGGED_FOR_REVIEW,Token overlap or partial substring - DO NOT AUTO MERGE
SoftPro real estate closing and title software,softpro real estate closing and title software,O*NET,Routing and Switching,routing and switching,FLAGGED_FOR_REVIEW,Token overlap or partial substring - DO NOT AUTO MERGE
SoftRisk Technologies SoftRisk SQL,softrisk technologies softrisk sql,O*NET,SQL,sql,FLAGGED_FOR_REVIEW,Token overlap or partial substring - DO NOT AUTO MERGE
Software defined networking/ virtualization software,software defined networking/ virtualization software,O*NET,Networking,networking,FLAGGED_FOR_REVIEW,Token overlap or partial substring - DO NOT AUTO MERGE
Solar and Wind Energy Resource Assessment SWERA,solar and wind energy resource assessment swera,O*NET,Routing and Switching,routing and switching,FLAGGED_FOR_REVIEW,Token overlap or partial substring - DO NOT AUTO MERGE
solve location and navigation problems by using GPS tools,solve location and navigation problems by using gps tools,ESCO,Routing and Switching,routing and switching,FLAGGED_FOR_REVIEW,Token overlap or partial substring - DO NOT AUTO MERGE
solve problems in gambling through digital means,solve problems in gambling through digital means,ESCO,Git,git,FLAGGED_FOR_REVIEW,Token overlap or partial substring - DO NOT AUTO MERGE
Source (digital game creation systems),source (digital game creation systems),ESCO,Git,git,FLAGGED_FOR_REVIEW,Token overlap or partial substring - DO NOT AUTO MERGE
Southern Data Systems TellerPro,southern data systems tellerpro,O*NET,Data Structures,data structures,FLAGGED_FOR_REVIEW,Token overlap or partial substring - DO NOT AUTO MERGE
Spatial Analysis and Decision Assistance SADA,spatial analysis and decision assistance sada,O*NET,Routing and Switching,routing and switching,FLAGGED_FOR_REVIEW,Token overlap or partial substring - DO NOT AUTO MERGE
special needs learning equipment,special needs learning equipment,ESCO,Machine Learning,machine learning,FLAGGED_FOR_REVIEW,Token overlap or partial substring - DO NOT AUTO MERGE
Specialist Data Solutions OctoPlus,specialist data solutions octoplus,O*NET,Data Structures,data structures,FLAGGED_FOR_REVIEW,Token overlap or partial substring - DO NOT AUTO MERGE
Specialized Data Systems School Office,specialized data systems school office,O*NET,Data Structures,data structures,FLAGGED_FOR_REVIEW,Token overlap or partial substring - DO NOT AUTO MERGE
Specialized Data Systems Ultra Farm,specialized data systems ultra farm,O*NET,Data Structures,data structures,FLAGGED_FOR_REVIEW,Token overlap or partial substring - DO NOT AUTO MERGE
specify digital game scenes,specify digital game scenes,ESCO,Git,git,FLAGGED_FOR_REVIEW,Token overlap or partial substring - DO NOT AUTO MERGE
Spelling and grammar checking software,spelling and grammar checking software,O*NET,Routing and Switching,routing and switching,FLAGGED_FOR_REVIEW,Token overlap or partial substring - DO NOT AUTO MERGE
sport and exercise medicine,sport and exercise medicine,ESCO,Routing and Switching,routing and switching,FLAGGED_FOR_REVIEW,Token overlap or partial substring - DO NOT AUTO MERGE
spot welding machine parts,spot welding machine parts,ESCO,Machine Learning,machine learning,FLAGGED_FOR_REVIEW,Token overlap or partial substring - DO NOT AUTO MERGE
SQL Server,sql server,ESCO,SQL,sql,FLAGGED_FOR_REVIEW,Token overlap or partial substring - DO NOT AUTO MERGE
SQL Server Integration Services,sql server integration services,ESCO,SQL,sql,FLAGGED_FOR_REVIEW,Token overlap or partial substring - DO NOT AUTO MERGE
SQLite,sqlite,O*NET,SQL,sql,FLAGGED_FOR_REVIEW,Token overlap or partial substring - DO NOT AUTO MERGE
Standard Installation and Division Personnel Reporting System SIDPERS,standard installation and division personnel reporting system sidpers,O*NET,Routing and Switching,routing and switching,FLAGGED_FOR_REVIEW,Token overlap or partial substring - DO NOT AUTO MERGE
staple spinning machine technology,staple spinning machine technology,ESCO,Machine Learning,machine learning,FLAGGED_FOR_REVIEW,Token overlap or partial substring - DO NOT AUTO MERGE
StartingAClothingLine.com Digital Fashion Pro,startingaclothingline.com digital fashion pro,O*NET,Git,git,FLAGGED_FOR_REVIEW,Token overlap or partial substring - DO NOT AUTO MERGE
State Soil Geographic STATSGO Database,state soil geographic statsgo database,O*NET,Database Security,database security,FLAGGED_FOR_REVIEW,Token overlap or partial substring - DO NOT AUTO MERGE
Statistical process control SPC data collection devices,statistical process control spc data collection devices,O*NET,Data Structures,data structures,FLAGGED_FOR_REVIEW,Token overlap or partial substring - DO NOT AUTO MERGE
Statistics databases,statistics databases,O*NET,Statistics,statistics,FLAGGED_FOR_REVIEW,Token overlap or partial substring - DO NOT AUTO MERGE
Statistics software,statistics software,O*NET,Statistics,statistics,FLAGGED_FOR_REVIEW,Token overlap or partial substring - DO NOT AUTO MERGE
stay up-to-date with music and video releases,stay up-to-date with music and video releases,ESCO,Routing and Switching,routing and switching,FLAGGED_FOR_REVIEW,Token overlap or partial substring - DO NOT AUTO MERGE
Steele Mutual Fund and Variable Annuity Expert,steele mutual fund and variable annuity expert,O*NET,Routing and Switching,routing and switching,FLAGGED_FOR_REVIEW,Token overlap or partial substring - DO NOT AUTO MERGE
Stenovations Digital CAT,stenovations digital cat,O*NET,Git,git,FLAGGED_FOR_REVIEW,Token overlap or partial substring - DO NOT AUTO MERGE
Storage area network SAN software,storage area network san software,O*NET,Network Security,network security,FLAGGED_FOR_REVIEW,Token overlap or partial substring - DO NOT AUTO MERGE
Storage networking software,storage networking software,O*NET,Networking,networking,FLAGGED_FOR_REVIEW,Token overlap or partial substring - DO NOT AUTO MERGE
store digital data and systems,store digital data and systems,ESCO,Git,git,FLAGGED_FOR_REVIEW,Token overlap or partial substring - DO NOT AUTO MERGE
strive for excellence in musical performance,strive for excellence in musical performance,ESCO,Excel,excel,FLAGGED_FOR_REVIEW,Token overlap or partial substring - DO NOT AUTO MERGE
Structure query language SQL,structure query language sql,O*NET,SQL,sql,FLAGGED_FOR_REVIEW,Token overlap or partial substring - DO NOT AUTO MERGE
Structured data entry software,structured data entry software,O*NET,Data Structures,data structures,FLAGGED_FOR_REVIEW,Token overlap or partial substring - DO NOT AUTO MERGE
Structured query language SQL,structured query language sql,O*NET,SQL,sql,FLAGGED_FOR_REVIEW,Token overlap or partial substring - DO NOT AUTO MERGE
Student and Exchange Visitor Information System SEVIS,student and exchange visitor information system sevis,O*NET,Routing and Switching,routing and switching,FLAGGED_FOR_REVIEW,Token overlap or partial substring - DO NOT AUTO MERGE
"study the relationship between buildings, people and the environment","study the relationship between buildings, people and the environment",ESCO,Routing and Switching,routing and switching,FLAGGED_FOR_REVIEW,Token overlap or partial substring - DO NOT AUTO MERGE
"sugar, chocolate and sugar confectionery products","sugar, chocolate and sugar confectionery products",ESCO,Routing and Switching,routing and switching,FLAGGED_FOR_REVIEW,Token overlap or partial substring - DO NOT AUTO MERGE
Sun Microsystems Java,sun microsystems java,O*NET,Java,java,FLAGGED_FOR_REVIEW,Token overlap or partial substring - DO NOT AUTO MERGE
Sun Microsystems Java Persistence API,sun microsystems java persistence api,O*NET,Java,java,FLAGGED_FOR_REVIEW,Token overlap or partial substring - DO NOT AUTO MERGE
Sun Microsystems Java Servlet API,sun microsystems java servlet api,O*NET,Java,java,FLAGGED_FOR_REVIEW,Token overlap or partial substring - DO NOT AUTO MERGE
SunGard Higher Education Banner Unified Digital Campus,sungard higher education banner unified digital campus,O*NET,Git,git,FLAGGED_FOR_REVIEW,Token overlap or partial substring - DO NOT AUTO MERGE
supervise data entry,supervise data entry,ESCO,Data Structures,data structures,FLAGGED_FOR_REVIEW,Token overlap or partial substring - DO NOT AUTO MERGE
supervise pest and disease control,supervise pest and disease control,ESCO,Routing and Switching,routing and switching,FLAGGED_FOR_REVIEW,Token overlap or partial substring - DO NOT AUTO MERGE
supervise security at manned access gates,supervise security at manned access gates,ESCO,Database Security,database security,FLAGGED_FOR_REVIEW,Token overlap or partial substring - DO NOT AUTO MERGE
supervise speech and language team,supervise speech and language team,ESCO,Routing and Switching,routing and switching,FLAGGED_FOR_REVIEW,Token overlap or partial substring - DO NOT AUTO MERGE
supervise spoken language learning,supervise spoken language learning,ESCO,Machine Learning,machine learning,FLAGGED_FOR_REVIEW,Token overlap or partial substring - DO NOT AUTO MERGE
supervise store opening and closing procedures,supervise store opening and closing procedures,ESCO,Routing and Switching,routing and switching,FLAGGED_FOR_REVIEW,Token overlap or partial substring - DO NOT AUTO MERGE
supervise video and motion picture editing team,supervise video and motion picture editing team,ESCO,Routing and Switching,routing and switching,FLAGGED_FOR_REVIEW,Token overlap or partial substring - DO NOT AUTO MERGE
Supervisory control and data acquisition SCADA software,supervisory control and data acquisition scada software,O*NET,Data Structures,data structures,FLAGGED_FOR_REVIEW,Token overlap or partial substring - DO NOT AUTO MERGE
supply machine,supply machine,ESCO,Machine Learning,machine learning,FLAGGED_FOR_REVIEW,Token overlap or partial substring - DO NOT AUTO MERGE
supply machine with appropriate tools,supply machine with appropriate tools,ESCO,Machine Learning,machine learning,FLAGGED_FOR_REVIEW,Token overlap or partial substring - DO NOT AUTO MERGE
sustainable footwear materials and components,sustainable footwear materials and components,ESCO,Routing and Switching,routing and switching,FLAGGED_FOR_REVIEW,Token overlap or partial substring - DO NOT AUTO MERGE
Sustainable Management Approaches and Revitalization Tools SMARTe,sustainable management approaches and revitalization tools smarte,O*NET,Routing and Switching,routing and switching,FLAGGED_FOR_REVIEW,Token overlap or partial substring - DO NOT AUTO MERGE
swaging machine types,swaging machine types,ESCO,Machine Learning,machine learning,FLAGGED_FOR_REVIEW,Token overlap or partial substring - DO NOT AUTO MERGE
switch tunnel boring machine modes,switch tunnel boring machine modes,ESCO,Machine Learning,machine learning,FLAGGED_FOR_REVIEW,Token overlap or partial substring - DO NOT AUTO MERGE
switching devices,switching devices,ESCO,Routing and Switching,routing and switching,FLAGGED_FOR_REVIEW,Token overlap or partial substring - DO NOT AUTO MERGE
Symantec Blue Coat Data Loss Prevention,symantec blue coat data loss prevention,O*NET,Data Structures,data structures,FLAGGED_FOR_REVIEW,Token overlap or partial substring - DO NOT AUTO MERGE
System and data disaster recovery software,system and data disaster recovery software,O*NET,Data Structures,data structures,FLAGGED_FOR_REVIEW,Token overlap or partial substring - DO NOT AUTO MERGE
System for Electronic Rate and Form Filing SERFF,system for electronic rate and form filing serff,O*NET,Routing and Switching,routing and switching,FLAGGED_FOR_REVIEW,Token overlap or partial substring - DO NOT AUTO MERGE
Systems and application deployment and migration software,systems and application deployment and migration software,O*NET,Routing and Switching,routing and switching,FLAGGED_FOR_REVIEW,Token overlap or partial substring - DO NOT AUTO MERGE
Systems and applications migration software,systems and applications migration software,O*NET,Routing and Switching,routing and switching,FLAGGED_FOR_REVIEW,Token overlap or partial substring - DO NOT AUTO MERGE
Systems and data disaster recovery software,systems and data disaster recovery software,O*NET,Data Structures,data structures,FLAGGED_FOR_REVIEW,Token overlap or partial substring - DO NOT AUTO MERGE
take advantage of learning opportunities in veterinary science,take advantage of learning opportunities in veterinary science,ESCO,Machine Learning,machine learning,FLAGGED_FOR_REVIEW,Token overlap or partial substring - DO NOT AUTO MERGE
take and analyse blood pressure,take and analyse blood pressure,ESCO,Routing and Switching,routing and switching,FLAGGED_FOR_REVIEW,Token overlap or partial substring - DO NOT AUTO MERGE
take food and beverage orders from customers,take food and beverage orders from customers,ESCO,Routing and Switching,routing and switching,FLAGGED_FOR_REVIEW,Token overlap or partial substring - DO NOT AUTO MERGE
Talend Big Data Integration,talend big data integration,O*NET,Data Structures,data structures,FLAGGED_FOR_REVIEW,Token overlap or partial substring - DO NOT AUTO MERGE
Talend Data Fabric,talend data fabric,O*NET,Data Structures,data structures,FLAGGED_FOR_REVIEW,Token overlap or partial substring - DO NOT AUTO MERGE
teach design and applied arts principles,teach design and applied arts principles,ESCO,Routing and Switching,routing and switching,FLAGGED_FOR_REVIEW,Token overlap or partial substring - DO NOT AUTO MERGE
teach digital literacy,teach digital literacy,ESCO,Git,git,FLAGGED_FOR_REVIEW,Token overlap or partial substring - DO NOT AUTO MERGE
teach electronics and automation principles,teach electronics and automation principles,ESCO,Routing and Switching,routing and switching,FLAGGED_FOR_REVIEW,Token overlap or partial substring - DO NOT AUTO MERGE
TechExcel ServiceWise,techexcel servicewise,O*NET,Excel,excel,FLAGGED_FOR_REVIEW,Token overlap or partial substring - DO NOT AUTO MERGE
Technical Data Management System TDMS,technical data management system tdms,O*NET,Data Structures,data structures,FLAGGED_FOR_REVIEW,Token overlap or partial substring - DO NOT AUTO MERGE
Technical manual database software,technical manual database software,O*NET,Database Security,database security,FLAGGED_FOR_REVIEW,Token overlap or partial substring - DO NOT AUTO MERGE
TechSmith Snagit,techsmith snagit,O*NET,Git,git,FLAGGED_FOR_REVIEW,Token overlap or partial substring - DO NOT AUTO MERGE
Telania eLeaP Learning Management System LMS/LCMS,telania eleap learning management system lms/lcms,O*NET,Machine Learning,machine learning,FLAGGED_FOR_REVIEW,Token overlap or partial substring - DO NOT AUTO MERGE
TempWorks recruiting and staffing software,tempworks recruiting and staffing software,O*NET,Routing and Switching,routing and switching,FLAGGED_FOR_REVIEW,Token overlap or partial substring - DO NOT AUTO MERGE
tend agitation machine,tend agitation machine,ESCO,Git,git,FLAGGED_FOR_REVIEW,Token overlap or partial substring - DO NOT AUTO MERGE
tend almond huller machine,tend almond huller machine,ESCO,Machine Learning,machine learning,FLAGGED_FOR_REVIEW,Token overlap or partial substring - DO NOT AUTO MERGE
tend anodising machine,tend anodising machine,ESCO,Machine Learning,machine learning,FLAGGED_FOR_REVIEW,Token overlap or partial substring - DO NOT AUTO MERGE
tend asphalt mixing machine,tend asphalt mixing machine,ESCO,Machine Learning,machine learning,FLAGGED_FOR_REVIEW,Token overlap or partial substring - DO NOT AUTO MERGE
tend bar drawing machine,tend bar drawing machine,ESCO,Machine Learning,machine learning,FLAGGED_FOR_REVIEW,Token overlap or partial substring - DO NOT AUTO MERGE
tend belt branding machine,tend belt branding machine,ESCO,Machine Learning,machine learning,FLAGGED_FOR_REVIEW,Token overlap or partial substring - DO NOT AUTO MERGE
tend blow moulding machine,tend blow moulding machine,ESCO,Machine Learning,machine learning,FLAGGED_FOR_REVIEW,Token overlap or partial substring - DO NOT AUTO MERGE
tend boring machine,tend boring machine,ESCO,Machine Learning,machine learning,FLAGGED_FOR_REVIEW,Token overlap or partial substring - DO NOT AUTO MERGE
tend bottle cork machine,tend bottle cork machine,ESCO,Machine Learning,machine learning,FLAGGED_FOR_REVIEW,Token overlap or partial substring - DO NOT AUTO MERGE
tend bottle-washing machine,tend bottle-washing machine,ESCO,Machine Learning,machine learning,FLAGGED_FOR_REVIEW,Token overlap or partial substring - DO NOT AUTO MERGE
tend canning machine,tend canning machine,ESCO,Machine Learning,machine learning,FLAGGED_FOR_REVIEW,Token overlap or partial substring - DO NOT AUTO MERGE
tend chain making machine,tend chain making machine,ESCO,Machine Learning,machine learning,FLAGGED_FOR_REVIEW,Token overlap or partial substring - DO NOT AUTO MERGE
tend cigar stamp machine,tend cigar stamp machine,ESCO,Machine Learning,machine learning,FLAGGED_FOR_REVIEW,Token overlap or partial substring - DO NOT AUTO MERGE
tend cigarette making machine,tend cigarette making machine,ESCO,Machine Learning,machine learning,FLAGGED_FOR_REVIEW,Token overlap or partial substring - DO NOT AUTO MERGE
tend clay extrusion machine,tend clay extrusion machine,ESCO,Machine Learning,machine learning,FLAGGED_FOR_REVIEW,Token overlap or partial substring - DO NOT AUTO MERGE
tend CNC drilling machine,tend cnc drilling machine,ESCO,Machine Learning,machine learning,FLAGGED_FOR_REVIEW,Token overlap or partial substring - DO NOT AUTO MERGE
tend CNC engraving machine,tend cnc engraving machine,ESCO,Machine Learning,machine learning,FLAGGED_FOR_REVIEW,Token overlap or partial substring - DO NOT AUTO MERGE
tend CNC grinding machine,tend cnc grinding machine,ESCO,Machine Learning,machine learning,FLAGGED_FOR_REVIEW,Token overlap or partial substring - DO NOT AUTO MERGE
tend CNC laser cutting machine,tend cnc laser cutting machine,ESCO,Machine Learning,machine learning,FLAGGED_FOR_REVIEW,Token overlap or partial substring - DO NOT AUTO MERGE
tend CNC milling machine,tend cnc milling machine,ESCO,Machine Learning,machine learning,FLAGGED_FOR_REVIEW,Token overlap or partial substring - DO NOT AUTO MERGE
tend coating machine,tend coating machine,ESCO,Machine Learning,machine learning,FLAGGED_FOR_REVIEW,Token overlap or partial substring - DO NOT AUTO MERGE
tend cold extrusion machine,tend cold extrusion machine,ESCO,Machine Learning,machine learning,FLAGGED_FOR_REVIEW,Token overlap or partial substring - DO NOT AUTO MERGE
tend compression moulding machine,tend compression moulding machine,ESCO,Machine Learning,machine learning,FLAGGED_FOR_REVIEW,Token overlap or partial substring - DO NOT AUTO MERGE
tend computer numerical control lathe machine,tend computer numerical control lathe machine,ESCO,Machine Learning,machine learning,FLAGGED_FOR_REVIEW,Token overlap or partial substring - DO NOT AUTO MERGE
tend counterblow machine,tend counterblow machine,ESCO,Machine Learning,machine learning,FLAGGED_FOR_REVIEW,Token overlap or partial substring - DO NOT AUTO MERGE
tend deburring machine,tend deburring machine,ESCO,Machine Learning,machine learning,FLAGGED_FOR_REVIEW,Token overlap or partial substring - DO NOT AUTO MERGE
tend electron beam welding machine,tend electron beam welding machine,ESCO,Machine Learning,machine learning,FLAGGED_FOR_REVIEW,Token overlap or partial substring - DO NOT AUTO MERGE
tend electroplating machine,tend electroplating machine,ESCO,Machine Learning,machine learning,FLAGGED_FOR_REVIEW,Token overlap or partial substring - DO NOT AUTO MERGE
tend fibreglass machine,tend fibreglass machine,ESCO,Machine Learning,machine learning,FLAGGED_FOR_REVIEW,Token overlap or partial substring - DO NOT AUTO MERGE
tend filing machine,tend filing machine,ESCO,Machine Learning,machine learning,FLAGGED_FOR_REVIEW,Token overlap or partial substring - DO NOT AUTO MERGE
tend grinding mill machine,tend grinding mill machine,ESCO,Machine Learning,machine learning,FLAGGED_FOR_REVIEW,Token overlap or partial substring - DO NOT AUTO MERGE
tend honey extraction machine,tend honey extraction machine,ESCO,Machine Learning,machine learning,FLAGGED_FOR_REVIEW,Token overlap or partial substring - DO NOT AUTO MERGE
tend hot extrusion machine,tend hot extrusion machine,ESCO,Machine Learning,machine learning,FLAGGED_FOR_REVIEW,Token overlap or partial substring - DO NOT AUTO MERGE
tend injection moulding machine,tend injection moulding machine,ESCO,Machine Learning,machine learning,FLAGGED_FOR_REVIEW,Token overlap or partial substring - DO NOT AUTO MERGE
tend knitting machine,tend knitting machine,ESCO,Machine Learning,machine learning,FLAGGED_FOR_REVIEW,Token overlap or partial substring - DO NOT AUTO MERGE
tend laser beam welding machine,tend laser beam welding machine,ESCO,Machine Learning,machine learning,FLAGGED_FOR_REVIEW,Token overlap or partial substring - DO NOT AUTO MERGE
tend laser marking machine,tend laser marking machine,ESCO,Machine Learning,machine learning,FLAGGED_FOR_REVIEW,Token overlap or partial substring - DO NOT AUTO MERGE
tend meat packaging machine,tend meat packaging machine,ESCO,Machine Learning,machine learning,FLAGGED_FOR_REVIEW,Token overlap or partial substring - DO NOT AUTO MERGE
tend metal fastener machine,tend metal fastener machine,ESCO,Machine Learning,machine learning,FLAGGED_FOR_REVIEW,Token overlap or partial substring - DO NOT AUTO MERGE
tend metal polishing machine,tend metal polishing machine,ESCO,Machine Learning,machine learning,FLAGGED_FOR_REVIEW,Token overlap or partial substring - DO NOT AUTO MERGE
tend metal sawing machine,tend metal sawing machine,ESCO,Machine Learning,machine learning,FLAGGED_FOR_REVIEW,Token overlap or partial substring - DO NOT AUTO MERGE
tend mixing oil machine,tend mixing oil machine,ESCO,Machine Learning,machine learning,FLAGGED_FOR_REVIEW,Token overlap or partial substring - DO NOT AUTO MERGE
tend nibbling machine,tend nibbling machine,ESCO,Machine Learning,machine learning,FLAGGED_FOR_REVIEW,Token overlap or partial substring - DO NOT AUTO MERGE
tend planing machine,tend planing machine,ESCO,Machine Learning,machine learning,FLAGGED_FOR_REVIEW,Token overlap or partial substring - DO NOT AUTO MERGE
tend plasma cutting machine,tend plasma cutting machine,ESCO,Machine Learning,machine learning,FLAGGED_FOR_REVIEW,Token overlap or partial substring - DO NOT AUTO MERGE
tend riveting machine,tend riveting machine,ESCO,Machine Learning,machine learning,FLAGGED_FOR_REVIEW,Token overlap or partial substring - DO NOT AUTO MERGE
tend screw machine,tend screw machine,ESCO,Machine Learning,machine learning,FLAGGED_FOR_REVIEW,Token overlap or partial substring - DO NOT AUTO MERGE
tend spark erosion machine,tend spark erosion machine,ESCO,Machine Learning,machine learning,FLAGGED_FOR_REVIEW,Token overlap or partial substring - DO NOT AUTO MERGE
tend spice mixing machine,tend spice mixing machine,ESCO,Machine Learning,machine learning,FLAGGED_FOR_REVIEW,Token overlap or partial substring - DO NOT AUTO MERGE
tend spring making machine,tend spring making machine,ESCO,Machine Learning,machine learning,FLAGGED_FOR_REVIEW,Token overlap or partial substring - DO NOT AUTO MERGE
tend stone splitting machine,tend stone splitting machine,ESCO,Machine Learning,machine learning,FLAGGED_FOR_REVIEW,Token overlap or partial substring - DO NOT AUTO MERGE
tend surface grinding machine,tend surface grinding machine,ESCO,Machine Learning,machine learning,FLAGGED_FOR_REVIEW,Token overlap or partial substring - DO NOT AUTO MERGE
tend swaging machine,tend swaging machine,ESCO,Machine Learning,machine learning,FLAGGED_FOR_REVIEW,Token overlap or partial substring - DO NOT AUTO MERGE
tend thread rolling machine,tend thread rolling machine,ESCO,Machine Learning,machine learning,FLAGGED_FOR_REVIEW,Token overlap or partial substring - DO NOT AUTO MERGE
tend tube drawing machine,tend tube drawing machine,ESCO,Machine Learning,machine learning,FLAGGED_FOR_REVIEW,Token overlap or partial substring - DO NOT AUTO MERGE
tend tumbling machine,tend tumbling machine,ESCO,Machine Learning,machine learning,FLAGGED_FOR_REVIEW,Token overlap or partial substring - DO NOT AUTO MERGE
tend upsetting machine,tend upsetting machine,ESCO,Machine Learning,machine learning,FLAGGED_FOR_REVIEW,Token overlap or partial substring - DO NOT AUTO MERGE
tend V-belt covering machine,tend v-belt covering machine,ESCO,Machine Learning,machine learning,FLAGGED_FOR_REVIEW,Token overlap or partial substring - DO NOT AUTO MERGE
tend water jet cutter machine,tend water jet cutter machine,ESCO,Machine Learning,machine learning,FLAGGED_FOR_REVIEW,Token overlap or partial substring - DO NOT AUTO MERGE
tend wire drawing machine,tend wire drawing machine,ESCO,Machine Learning,machine learning,FLAGGED_FOR_REVIEW,Token overlap or partial substring - DO NOT AUTO MERGE
tend wire weaving machine,tend wire weaving machine,ESCO,Machine Learning,machine learning,FLAGGED_FOR_REVIEW,Token overlap or partial substring - DO NOT AUTO MERGE
Teradata Active Enterprise Data Warehouse,teradata active enterprise data warehouse,O*NET,Data Structures,data structures,FLAGGED_FOR_REVIEW,Token overlap or partial substring - DO NOT AUTO MERGE
Teradata Database,teradata database,ESCO,Database Security,database security,FLAGGED_FOR_REVIEW,Token overlap or partial substring - DO NOT AUTO MERGE
Teradata Database,teradata database,O*NET,Database Security,database security,FLAGGED_FOR_REVIEW,Token overlap or partial substring - DO NOT AUTO MERGE
Tessitura Network Tessitura Software,tessitura network tessitura software,O*NET,Network Security,network security,FLAGGED_FOR_REVIEW,Token overlap or partial substring - DO NOT AUTO MERGE
Test data generator software,test data generator software,O*NET,Data Structures,data structures,FLAGGED_FOR_REVIEW,Token overlap or partial substring - DO NOT AUTO MERGE
test performance of power plants,test performance of power plants,ESCO,Power BI,power bi,FLAGGED_FOR_REVIEW,Token overlap or partial substring - DO NOT AUTO MERGE
test power electronics,test power electronics,ESCO,Power BI,power bi,FLAGGED_FOR_REVIEW,Token overlap or partial substring - DO NOT AUTO MERGE
Test routing software,test routing software,O*NET,Routing and Switching,routing and switching,FLAGGED_FOR_REVIEW,Token overlap or partial substring - DO NOT AUTO MERGE
test the rail-flaw-detection machine,test the rail-flaw-detection machine,ESCO,Machine Learning,machine learning,FLAGGED_FOR_REVIEW,Token overlap or partial substring - DO NOT AUTO MERGE
test tightness and pressure of refrigeration circuits,test tightness and pressure of refrigeration circuits,ESCO,Routing and Switching,routing and switching,FLAGGED_FOR_REVIEW,Token overlap or partial substring - DO NOT AUTO MERGE
Texas Transportation Institute TTI Progression Analysis and Signal System Evaluation Routine PASSER,texas transportation institute tti progression analysis and signal system evaluation routine passer,O*NET,Routing and Switching,routing and switching,FLAGGED_FOR_REVIEW,Token overlap or partial substring - DO NOT AUTO MERGE
"textile products, textile semi-finished products and raw materials","textile products, textile semi-finished products and raw materials",ESCO,Routing and Switching,routing and switching,FLAGGED_FOR_REVIEW,Token overlap or partial substring - DO NOT AUTO MERGE
The Mathworks Data Acquisition Toolbox,the mathworks data acquisition toolbox,O*NET,Data Structures,data structures,FLAGGED_FOR_REVIEW,Token overlap or partial substring - DO NOT AUTO MERGE
The vOICe Learning Edition,the voice learning edition,O*NET,Machine Learning,machine learning,FLAGGED_FOR_REVIEW,Token overlap or partial substring - DO NOT AUTO MERGE
Therapy and Counseling,therapy and counseling,O*NET,Routing and Switching,routing and switching,FLAGGED_FOR_REVIEW,Token overlap or partial substring - DO NOT AUTO MERGE
think creatively about food and beverages,think creatively about food and beverages,ESCO,Routing and Switching,routing and switching,FLAGGED_FOR_REVIEW,Token overlap or partial substring - DO NOT AUTO MERGE
thread rolling machine parts,thread rolling machine parts,ESCO,Machine Learning,machine learning,FLAGGED_FOR_REVIEW,Token overlap or partial substring - DO NOT AUTO MERGE
Time and Attendance Collection System TACS,time and attendance collection system tacs,O*NET,Routing and Switching,routing and switching,FLAGGED_FOR_REVIEW,Token overlap or partial substring - DO NOT AUTO MERGE
Time and attendance software,time and attendance software,O*NET,Routing and Switching,routing and switching,FLAGGED_FOR_REVIEW,Token overlap or partial substring - DO NOT AUTO MERGE
Time and motion analysis software,time and motion analysis software,O*NET,Routing and Switching,routing and switching,FLAGGED_FOR_REVIEW,Token overlap or partial substring - DO NOT AUTO MERGE
Time and payroll management software,time and payroll management software,O*NET,Routing and Switching,routing and switching,FLAGGED_FOR_REVIEW,Token overlap or partial substring - DO NOT AUTO MERGE
Topographic database software,topographic database software,O*NET,Database Security,database security,FLAGGED_FOR_REVIEW,Token overlap or partial substring - DO NOT AUTO MERGE
tow a tractor implement using the power take-off,tow a tractor implement using the power take-off,ESCO,Power BI,power bi,FLAGGED_FOR_REVIEW,Token overlap or partial substring - DO NOT AUTO MERGE
toys and games categories,toys and games categories,ESCO,Routing and Switching,routing and switching,FLAGGED_FOR_REVIEW,Token overlap or partial substring - DO NOT AUTO MERGE
toys and games industry,toys and games industry,ESCO,Routing and Switching,routing and switching,FLAGGED_FOR_REVIEW,Token overlap or partial substring - DO NOT AUTO MERGE
toys and games safety recommendations,toys and games safety recommendations,ESCO,Routing and Switching,routing and switching,FLAGGED_FOR_REVIEW,Token overlap or partial substring - DO NOT AUTO MERGE
toys and games trends,toys and games trends,ESCO,Routing and Switching,routing and switching,FLAGGED_FOR_REVIEW,Token overlap or partial substring - DO NOT AUTO MERGE
TradeTools Monthly U.S. Economic Database,tradetools monthly u.s. economic database,O*NET,Database Security,database security,FLAGGED_FOR_REVIEW,Token overlap or partial substring - DO NOT AUTO MERGE
train animals and individuals to work together,train animals and individuals to work together,ESCO,Routing and Switching,routing and switching,FLAGGED_FOR_REVIEW,Token overlap or partial substring - DO NOT AUTO MERGE
train livestock and captive animals,train livestock and captive animals,ESCO,Routing and Switching,routing and switching,FLAGGED_FOR_REVIEW,Token overlap or partial substring - DO NOT AUTO MERGE
train security officers,train security officers,ESCO,Database Security,database security,FLAGGED_FOR_REVIEW,Token overlap or partial substring - DO NOT AUTO MERGE
TrainOnTrack Learning Management System LMS,trainontrack learning management system lms,O*NET,Machine Learning,machine learning,FLAGGED_FOR_REVIEW,Token overlap or partial substring - DO NOT AUTO MERGE
tram network,tram network,ESCO,Network Security,network security,FLAGGED_FOR_REVIEW,Token overlap or partial substring - DO NOT AUTO MERGE
Transact-SQL,transact-sql,O*NET,SQL,sql,FLAGGED_FOR_REVIEW,Token overlap or partial substring - DO NOT AUTO MERGE
Transaction security and virus protection software,transaction security and virus protection software,O*NET,Routing and Switching,routing and switching,FLAGGED_FOR_REVIEW,Token overlap or partial substring - DO NOT AUTO MERGE
transcribe medical data,transcribe medical data,ESCO,Data Structures,data structures,FLAGGED_FOR_REVIEW,Token overlap or partial substring - DO NOT AUTO MERGE
transfer patients to and from ambulance vehicles,transfer patients to and from ambulance vehicles,ESCO,Routing and Switching,routing and switching,FLAGGED_FOR_REVIEW,Token overlap or partial substring - DO NOT AUTO MERGE
Transient reactor analysis code TRAC,transient reactor analysis code trac,O*NET,React,react,FLAGGED_FOR_REVIEW,Token overlap or partial substring - DO NOT AUTO MERGE
TRAX Animal Control and Dog Warden Officer Software,trax animal control and dog warden officer software,O*NET,Routing and Switching,routing and switching,FLAGGED_FOR_REVIEW,Token overlap or partial substring - DO NOT AUTO MERGE
tree preservation and conservation,tree preservation and conservation,ESCO,Routing and Switching,routing and switching,FLAGGED_FOR_REVIEW,Token overlap or partial substring - DO NOT AUTO MERGE
Trimble Digital Fieldbook,trimble digital fieldbook,O*NET,Git,git,FLAGGED_FOR_REVIEW,Token overlap or partial substring - DO NOT AUTO MERGE
Tripod Data Systems COGO,tripod data systems cogo,O*NET,Data Structures,data structures,FLAGGED_FOR_REVIEW,Token overlap or partial substring - DO NOT AUTO MERGE
Tripod Data Systems Foresight,tripod data systems foresight,O*NET,Data Structures,data structures,FLAGGED_FOR_REVIEW,Token overlap or partial substring - DO NOT AUTO MERGE
Tripod Data Systems software,tripod data systems software,O*NET,Data Structures,data structures,FLAGGED_FOR_REVIEW,Token overlap or partial substring - DO NOT AUTO MERGE
tumbling machine parts,tumbling machine parts,ESCO,Machine Learning,machine learning,FLAGGED_FOR_REVIEW,Token overlap or partial substring - DO NOT AUTO MERGE
tunnel boring machine console,tunnel boring machine console,ESCO,Machine Learning,machine learning,FLAGGED_FOR_REVIEW,Token overlap or partial substring - DO NOT AUTO MERGE
Turtle Creek Software Goldenseal (calendar and scheduling feature),turtle creek software goldenseal (calendar and scheduling feature),O*NET,Routing and Switching,routing and switching,FLAGGED_FOR_REVIEW,Token overlap or partial substring - DO NOT AUTO MERGE
types of crosscut saws,types of crosscut saws,ESCO,AWS,aws,FLAGGED_FOR_REVIEW,Token overlap or partial substring - DO NOT AUTO MERGE
types of digital badges,types of digital badges,ESCO,Git,git,FLAGGED_FOR_REVIEW,Token overlap or partial substring - DO NOT AUTO MERGE
types of straightening machine,types of straightening machine,ESCO,Machine Learning,machine learning,FLAGGED_FOR_REVIEW,Token overlap or partial substring - DO NOT AUTO MERGE
types of table saws,types of table saws,ESCO,AWS,aws,FLAGGED_FOR_REVIEW,Token overlap or partial substring - DO NOT AUTO MERGE
U.S. Department of Agriculture USDA National Nutrient Database,u.s. department of agriculture usda national nutrient database,O*NET,Database Security,database security,FLAGGED_FOR_REVIEW,Token overlap or partial substring - DO NOT AUTO MERGE
understand different types of locks and their operation,understand different types of locks and their operation,ESCO,Routing and Switching,routing and switching,FLAGGED_FOR_REVIEW,Token overlap or partial substring - DO NOT AUTO MERGE
understand spoken Javanese,understand spoken javanese,ESCO,Java,java,FLAGGED_FOR_REVIEW,Token overlap or partial substring - DO NOT AUTO MERGE
understand written Javanese,understand written javanese,ESCO,Java,java,FLAGGED_FOR_REVIEW,Token overlap or partial substring - DO NOT AUTO MERGE
Unidata Gempak Analysis and Rendering Program GARP,unidata gempak analysis and rendering program garp,O*NET,Routing and Switching,routing and switching,FLAGGED_FOR_REVIEW,Token overlap or partial substring - DO NOT AUTO MERGE
Unidata Integrated Data Viewer IDV,unidata integrated data viewer idv,O*NET,Data Structures,data structures,FLAGGED_FOR_REVIEW,Token overlap or partial substring - DO NOT AUTO MERGE
Unidata Network common data form NetCDF,unidata network common data form netcdf,O*NET,Data Structures,data structures,FLAGGED_FOR_REVIEW,Token overlap or partial substring - DO NOT AUTO MERGE
United Nations Food and Agriculture Organization Livestock and Environment Toolbox LEAD,united nations food and agriculture organization livestock and environment toolbox lead,O*NET,Routing and Switching,routing and switching,FLAGGED_FOR_REVIEW,Token overlap or partial substring - DO NOT AUTO MERGE
United Systems and Software Individual Life and Health Administration System,united systems and software individual life and health administration system,O*NET,Routing and Switching,routing and switching,FLAGGED_FOR_REVIEW,Token overlap or partial substring - DO NOT AUTO MERGE
Unity (digital game creation systems),unity (digital game creation systems),ESCO,Git,git,FLAGGED_FOR_REVIEW,Token overlap or partial substring - DO NOT AUTO MERGE
Unlimited Learning Resources Valusource Pro,unlimited learning resources valusource pro,O*NET,Machine Learning,machine learning,FLAGGED_FOR_REVIEW,Token overlap or partial substring - DO NOT AUTO MERGE
unstructured data,unstructured data,ESCO,Data Structures,data structures,FLAGGED_FOR_REVIEW,Token overlap or partial substring - DO NOT AUTO MERGE
upsetting machine parts,upsetting machine parts,ESCO,Machine Learning,machine learning,FLAGGED_FOR_REVIEW,Token overlap or partial substring - DO NOT AUTO MERGE
Upside Learning UpsideLMS,upside learning upsidelms,O*NET,Machine Learning,machine learning,FLAGGED_FOR_REVIEW,Token overlap or partial substring - DO NOT AUTO MERGE
USDA Child Nutrition Database,usda child nutrition database,O*NET,Database Security,database security,FLAGGED_FOR_REVIEW,Token overlap or partial substring - DO NOT AUTO MERGE
"USDA Database for Inventory, Monitoring and Assessment (DIMA)","usda database for inventory, monitoring and assessment (dima)",O*NET,Routing and Switching,routing and switching,FLAGGED_FOR_REVIEW,Token overlap or partial substring - DO NOT AUTO MERGE
USDA NRCS Soil Data Viewer,usda nrcs soil data viewer,O*NET,Data Structures,data structures,FLAGGED_FOR_REVIEW,Token overlap or partial substring - DO NOT AUTO MERGE
use agricultural information systems and databases,use agricultural information systems and databases,ESCO,Routing and Switching,routing and switching,FLAGGED_FOR_REVIEW,Token overlap or partial substring - DO NOT AUTO MERGE
use back-up and recovery tools,use back-up and recovery tools,ESCO,Routing and Switching,routing and switching,FLAGGED_FOR_REVIEW,Token overlap or partial substring - DO NOT AUTO MERGE
use communication and collaboration software,use communication and collaboration software,ESCO,Routing and Switching,routing and switching,FLAGGED_FOR_REVIEW,Token overlap or partial substring - DO NOT AUTO MERGE
use data processing techniques,use data processing techniques,ESCO,Data Structures,data structures,FLAGGED_FOR_REVIEW,Token overlap or partial substring - DO NOT AUTO MERGE
use digital illustration techniques,use digital illustration techniques,ESCO,Git,git,FLAGGED_FOR_REVIEW,Token overlap or partial substring - DO NOT AUTO MERGE
use digital instruments,use digital instruments,ESCO,Git,git,FLAGGED_FOR_REVIEW,Token overlap or partial substring - DO NOT AUTO MERGE
use e-health and mobile health technologies,use e-health and mobile health technologies,ESCO,Routing and Switching,routing and switching,FLAGGED_FOR_REVIEW,Token overlap or partial substring - DO NOT AUTO MERGE
use fruit and vegetables processing machinery,use fruit and vegetables processing machinery,ESCO,Routing and Switching,routing and switching,FLAGGED_FOR_REVIEW,Token overlap or partial substring - DO NOT AUTO MERGE
use learning strategies,use learning strategies,ESCO,Machine Learning,machine learning,FLAGGED_FOR_REVIEW,Token overlap or partial substring - DO NOT AUTO MERGE
use mathematical tools and equipment,use mathematical tools and equipment,ESCO,Routing and Switching,routing and switching,FLAGGED_FOR_REVIEW,Token overlap or partial substring - DO NOT AUTO MERGE
use methods of logistical data analysis,use methods of logistical data analysis,ESCO,Data Structures,data structures,FLAGGED_FOR_REVIEW,Token overlap or partial substring - DO NOT AUTO MERGE
use power tools,use power tools,ESCO,Power BI,power bi,FLAGGED_FOR_REVIEW,Token overlap or partial substring - DO NOT AUTO MERGE
use software for data preservation,use software for data preservation,ESCO,Data Structures,data structures,FLAGGED_FOR_REVIEW,Token overlap or partial substring - DO NOT AUTO MERGE
use specific data analysis software,use specific data analysis software,ESCO,Data Structures,data structures,FLAGGED_FOR_REVIEW,Token overlap or partial substring - DO NOT AUTO MERGE
use sustainable materials and components,use sustainable materials and components,ESCO,Routing and Switching,routing and switching,FLAGGED_FOR_REVIEW,Token overlap or partial substring - DO NOT AUTO MERGE
use textile finishing machine technologies,use textile finishing machine technologies,ESCO,Machine Learning,machine learning,FLAGGED_FOR_REVIEW,Token overlap or partial substring - DO NOT AUTO MERGE
use tools for construction and repair,use tools for construction and repair,ESCO,Routing and Switching,routing and switching,FLAGGED_FOR_REVIEW,Token overlap or partial substring - DO NOT AUTO MERGE
use weaving machine technologies,use weaving machine technologies,ESCO,Machine Learning,machine learning,FLAGGED_FOR_REVIEW,Token overlap or partial substring - DO NOT AUTO MERGE
utilise machine learning,utilise machine learning,ESCO,Machine Learning,machine learning,FLAGGED_FOR_REVIEW,Token overlap or partial substring - DO NOT AUTO MERGE
validation of learning acquired through volunteering,validation of learning acquired through volunteering,ESCO,Machine Learning,machine learning,FLAGGED_FOR_REVIEW,Token overlap or partial substring - DO NOT AUTO MERGE
Variogram Estimation and Spatial Prediction plus Error Vesper,variogram estimation and spatial prediction plus error vesper,O*NET,Routing and Switching,routing and switching,FLAGGED_FOR_REVIEW,Token overlap or partial substring - DO NOT AUTO MERGE
VASP Data Viewer,vasp data viewer,O*NET,Data Structures,data structures,FLAGGED_FOR_REVIEW,Token overlap or partial substring - DO NOT AUTO MERGE
Vector database software,vector database software,O*NET,Database Security,database security,FLAGGED_FOR_REVIEW,Token overlap or partial substring - DO NOT AUTO MERGE
Vectorworks Machine Design,vectorworks machine design,O*NET,Machine Learning,machine learning,FLAGGED_FOR_REVIEW,Token overlap or partial substring - DO NOT AUTO MERGE
Vehicle identification number VIN database,vehicle identification number vin database,O*NET,Database Security,database security,FLAGGED_FOR_REVIEW,Token overlap or partial substring - DO NOT AUTO MERGE
Vehicle location and tracking software,vehicle location and tracking software,O*NET,Routing and Switching,routing and switching,FLAGGED_FOR_REVIEW,Token overlap or partial substring - DO NOT AUTO MERGE
Video creation and editing software,video creation and editing software,O*NET,Routing and Switching,routing and switching,FLAGGED_FOR_REVIEW,Token overlap or partial substring - DO NOT AUTO MERGE
Video digitizers,video digitizers,O*NET,Git,git,FLAGGED_FOR_REVIEW,Token overlap or partial substring - DO NOT AUTO MERGE
Viking data editor,viking data editor,O*NET,Data Structures,data structures,FLAGGED_FOR_REVIEW,Token overlap or partial substring - DO NOT AUTO MERGE
Virtual local area network management software,virtual local area network management software,O*NET,Network Security,network security,FLAGGED_FOR_REVIEW,Token overlap or partial substring - DO NOT AUTO MERGE
Virtual network computing VNC software,virtual network computing vnc software,O*NET,Network Security,network security,FLAGGED_FOR_REVIEW,Token overlap or partial substring - DO NOT AUTO MERGE
Virtual private networking VPN software,virtual private networking vpn software,O*NET,Networking,networking,FLAGGED_FOR_REVIEW,Token overlap or partial substring - DO NOT AUTO MERGE
Voice synthesizer and recognition software,voice synthesizer and recognition software,O*NET,Routing and Switching,routing and switching,FLAGGED_FOR_REVIEW,Token overlap or partial substring - DO NOT AUTO MERGE
W3 Data BatchAppend411,w3 data batchappend411,O*NET,Data Structures,data structures,FLAGGED_FOR_REVIEW,Token overlap or partial substring - DO NOT AUTO MERGE
wall and floor coverings industry,wall and floor coverings industry,ESCO,Routing and Switching,routing and switching,FLAGGED_FOR_REVIEW,Token overlap or partial substring - DO NOT AUTO MERGE
WAN switching software and firmware,wan switching software and firmware,O*NET,Routing and Switching,routing and switching,FLAGGED_FOR_REVIEW,Token overlap or partial substring - DO NOT AUTO MERGE
waste and scrap products,waste and scrap products,ESCO,Routing and Switching,routing and switching,FLAGGED_FOR_REVIEW,Token overlap or partial substring - DO NOT AUTO MERGE
watch video and motion picture production products,watch video and motion picture production products,ESCO,Routing and Switching,routing and switching,FLAGGED_FOR_REVIEW,Token overlap or partial substring - DO NOT AUTO MERGE
watches and jewellery products,watches and jewellery products,ESCO,Routing and Switching,routing and switching,FLAGGED_FOR_REVIEW,Token overlap or partial substring - DO NOT AUTO MERGE
Water Soil and Hydro-Environmental Decision Support System WATERSHEDSS,water soil and hydro-environmental decision support system watershedss,O*NET,Routing and Switching,routing and switching,FLAGGED_FOR_REVIEW,Token overlap or partial substring - DO NOT AUTO MERGE
Waters Empower Chromatography Data Software,waters empower chromatography data software,O*NET,Data Structures,data structures,FLAGGED_FOR_REVIEW,Token overlap or partial substring - DO NOT AUTO MERGE
web application security threats,web application security threats,ESCO,Database Security,database security,FLAGGED_FOR_REVIEW,Token overlap or partial substring - DO NOT AUTO MERGE
Web page creation and editing software,web page creation and editing software,O*NET,Routing and Switching,routing and switching,FLAGGED_FOR_REVIEW,Token overlap or partial substring - DO NOT AUTO MERGE
Web page design and editing software,web page design and editing software,O*NET,Routing and Switching,routing and switching,FLAGGED_FOR_REVIEW,Token overlap or partial substring - DO NOT AUTO MERGE
Websense Data Loss Prevention,websense data loss prevention,O*NET,Data Structures,data structures,FLAGGED_FOR_REVIEW,Token overlap or partial substring - DO NOT AUTO MERGE
weigh fruits and vegetables,weigh fruits and vegetables,ESCO,Routing and Switching,routing and switching,FLAGGED_FOR_REVIEW,Token overlap or partial substring - DO NOT AUTO MERGE
White Clarke North America Credit Adjudication and Lending Management,white clarke north america credit adjudication and lending management,O*NET,Routing and Switching,routing and switching,FLAGGED_FOR_REVIEW,Token overlap or partial substring - DO NOT AUTO MERGE
Wide area network WAN optimization software,wide area network wan optimization software,O*NET,Network Security,network security,FLAGGED_FOR_REVIEW,Token overlap or partial substring - DO NOT AUTO MERGE
Wide area network WAN software,wide area network wan software,O*NET,Network Security,network security,FLAGGED_FOR_REVIEW,Token overlap or partial substring - DO NOT AUTO MERGE
WildPackets OmniPeek Network Analyzer,wildpackets omnipeek network analyzer,O*NET,Network Security,network security,FLAGGED_FOR_REVIEW,Token overlap or partial substring - DO NOT AUTO MERGE
Windent SQL,windent sql,O*NET,SQL,sql,FLAGGED_FOR_REVIEW,Token overlap or partial substring - DO NOT AUTO MERGE
wire security sensors,wire security sensors,ESCO,Database Security,database security,FLAGGED_FOR_REVIEW,Token overlap or partial substring - DO NOT AUTO MERGE
work with blacksmithing power tools,work with blacksmithing power tools,ESCO,Power BI,power bi,FLAGGED_FOR_REVIEW,Token overlap or partial substring - DO NOT AUTO MERGE
work with healthcare users' social network,work with healthcare users' social network,ESCO,Network Security,network security,FLAGGED_FOR_REVIEW,Token overlap or partial substring - DO NOT AUTO MERGE
work with video and motion picture production team,work with video and motion picture production team,ESCO,Routing and Switching,routing and switching,FLAGGED_FOR_REVIEW,Token overlap or partial substring - DO NOT AUTO MERGE
work with virtual learning environments,work with virtual learning environments,ESCO,Machine Learning,machine learning,FLAGGED_FOR_REVIEW,Token overlap or partial substring - DO NOT AUTO MERGE
Workbrain Time and Attendance,workbrain time and attendance,O*NET,Routing and Switching,routing and switching,FLAGGED_FOR_REVIEW,Token overlap or partial substring - DO NOT AUTO MERGE
WorkForce Software EmpCenter Time and Attendance,workforce software empcenter time and attendance,O*NET,Routing and Switching,routing and switching,FLAGGED_FOR_REVIEW,Token overlap or partial substring - DO NOT AUTO MERGE
write database documentation,write database documentation,ESCO,Database Security,database security,FLAGGED_FOR_REVIEW,Token overlap or partial substring - DO NOT AUTO MERGE
write Javanese,write javanese,ESCO,Java,java,FLAGGED_FOR_REVIEW,Token overlap or partial substring - DO NOT AUTO MERGE
write security reports,write security reports,ESCO,Database Security,database security,FLAGGED_FOR_REVIEW,Token overlap or partial substring - DO NOT AUTO MERGE
Xerces2 Java Parser,xerces2 java parser,O*NET,Java,java,FLAGGED_FOR_REVIEW,Token overlap or partial substring - DO NOT AUTO MERGE
Xyleme Learning Content Management System LCMS,xyleme learning content management system lcms,O*NET,Machine Learning,machine learning,FLAGGED_FOR_REVIEW,Token overlap or partial substring - DO NOT AUTO MERGE
"Yardi Systems Yardi Voyager Condo, Co-op, and HOA","yardi systems yardi voyager condo, co-op, and hoa",O*NET,Routing and Switching,routing and switching,FLAGGED_FOR_REVIEW,Token overlap or partial substring - DO NOT AUTO MERGE
YourKit Java Profiler,yourkit java profiler,O*NET,Java,java,FLAGGED_FOR_REVIEW,Token overlap or partial substring - DO NOT AUTO MERGE
