source,source_version,original_name,normalized_name,occurrence_count,occupation_count,hot_technology_count,in_demand_count
O*NET,31.0,!Trak-it Solutions !Trak-it HR,!trak-it solutions !trak-it hr,1,1,0,0
O*NET,31.0,100 Plus Hatch Pattern Library,100 plus hatch pattern library,1,1,0,0
O*NET,31.0,1003 Uniform Residential Loan Application,1003 uniform residential loan application,1,1,0,0
O*NET,31.0,1099 ProsSoftware,1099 prossoftware,1,1,0,0
O*NET,31.0,1CadCam Unigraphics,1cadcam unigraphics,10,10,0,0
O*NET,31.0,1ST Pricing Window & Door Toolkit,1st pricing window & door toolkit,1,1,0,0
O*NET,31.0,20-20 Technologies 20-20 Design,20-20 technologies 20-20 design,1,1,0,0
O*NET,31.0,24SevenOffice Project,24sevenoffice project,1,1,0,0
O*NET,31.0,2AB iLock Security Services,2ab ilock security services,1,1,0,0
O*NET,31.0,360 Analytics eQUEST,360 analytics equest,1,1,0,0
O*NET,31.0,3D graphic design software,3d graphic design software,1,1,0,0
O*NET,31.0,3D graphics software,3d graphics software,3,3,0,0
O*NET,31.0,3D motion analysis software,3d motion analysis software,1,1,0,0
O*NET,31.0,3D Nature LLC Visual Nature Studio,3d nature llc visual nature studio,1,1,0,0
O*NET,31.0,3D Nature LLC World Construction Set,3d nature llc world construction set,1,1,0,0
O*NET,31.0,3D Printing software,3d printing software,1,1,0,0
O*NET,31.0,3D Static Strength Prediction Program 3DSSPP,3d static strength prediction program 3dsspp,1,1,0,0
O*NET,31.0,3D Systems Geomagic Design X,3d systems geomagic design x,2,2,0,0
O*NET,31.0,3D Systems GibbsCAM,3d systems gibbscam,1,1,0,0
O*NET,31.0,3D urban simulation modeling software,3d urban simulation modeling software,1,1,0,0
O*NET,31.0,3DGrid HIPAA Checkup,3dgrid hipaa checkup,1,1,0,0
O*NET,31.0,3dMapper,3dmapper,1,1,0,0
O*NET,31.0,3M Electronic Monitoring,3m electronic monitoring,2,2,0,0
O*NET,31.0,3M Encoder,3m encoder,2,2,0,0
O*NET,31.0,3M Post-it App,3m post-it app,20,20,0,0
O*NET,31.0,3PL Central,3pl central,2,2,0,0
O*NET,31.0,4n6xprt Systems StiffCalcs,4n6xprt systems stiffcalcs,1,1,0,0
O*NET,31.0,5AM Glassbox Translational Research,5am glassbox translational research,2,2,0,0
O*NET,31.0,80-20 Software Leaders4,80-20 software leaders4,1,1,0,0
O*NET,31.0,911 system information databases,911 system information databases,1,1,0,0
O*NET,31.0,@Road GeoManager,@road geomanager,1,1,0,0
O*NET,31.0,a la mode Pocket TOTAL,a la mode pocket total,1,1,0,0
O*NET,31.0,a la mode WinTOTAL,a la mode wintotal,2,2,0,0
O*NET,31.0,A Large Outdoor Fire plume Trajectory model Flat Terrain ALOFT-FT,a large outdoor fire plume trajectory model flat terrain aloft-ft,1,1,0,0
O*NET,31.0,A mathematical programming language AMPL,a mathematical programming language ampl,2,2,0,0
O*NET,31.0,A programming language APL,a programming language apl,4,4,0,0
O*NET,31.0,A&D Technology iTest,a&d technology itest,1,1,0,0
O*NET,31.0,A-Systems JobView,a-systems jobview,3,3,0,0
O*NET,31.0,A-T Solutions Easy Street Draw,a-t solutions easy street draw,1,1,0,0
O*NET,31.0,A1-Law,a1-law,1,1,0,0
O*NET,31.0,AABACH Graphic Systems DIGRA,aabach graphic systems digra,1,1,0,0
O*NET,31.0,AASoftTech Web Organization Chart,aasofttech web organization chart,1,1,0,0
O*NET,31.0,Ab Initio,ab initio,5,5,0,0
O*NET,31.0,Abacus Data Solutions HearWare,abacus data solutions hearware,1,1,0,0
O*NET,31.0,Abacus Data Systems AbacusLaw,abacus data systems abacuslaw,1,1,0,0
O*NET,31.0,Abacus Tax,abacus tax,1,1,0,0
O*NET,31.0,AbacusNext HotDocs,abacusnext hotdocs,4,4,0,0
O*NET,31.0,ABB CPM4Metals,abb cpm4metals,1,1,0,0
O*NET,31.0,ABB MicroSCADA Pro DMS,abb microscada pro dms,1,1,0,0
O*NET,31.0,ABB MicroSCADA Pro SYS,abb microscada pro sys,1,1,0,0
O*NET,31.0,ABB Optimize IT Predict & Control,abb optimize it predict & control,1,1,0,0
O*NET,31.0,ABB Production Planning,abb production planning,1,1,0,0
O*NET,31.0,ABB PSGuard,abb psguard,1,1,0,0
O*NET,31.0,ABB RobotStudio,abb robotstudio,1,1,0,0
O*NET,31.0,Abbott,abbott,1,1,0,0
O*NET,31.0,Abbott Informatics STARLIMS:LIMS,abbott informatics starlims:lims,1,1,0,0
O*NET,31.0,AbbottSoft QuickFix,abbottsoft quickfix,1,1,0,0
O*NET,31.0,ABC Compiler,abc compiler,3,3,0,0
O*NET,31.0,ABC programming language,abc programming language,1,1,0,0
O*NET,31.0,ABC: the AspectBench Compiler for AspectJ,abc: the aspectbench compiler for aspectj,3,3,0,0
O*NET,31.0,ABELSoft ABELDent,abelsoft abeldent,1,1,0,0
O*NET,31.0,Abilis CORIS Offender Management System,abilis coris offender management system,1,1,0,0
O*NET,31.0,Ability Photopaint,ability photopaint,1,1,0,0
O*NET,31.0,ABOL Manifest Systems,abol manifest systems,1,1,0,0
O*NET,31.0,Abraxas Energy Consulting Metrix,abraxas energy consulting metrix,1,1,0,0
O*NET,31.0,Absorption process simulation software,absorption process simulation software,1,1,0,0
O*NET,31.0,Abstraction plus reference plus synthesis A++,abstraction plus reference plus synthesis a++,1,1,0,0
O*NET,31.0,AcaClone pDRAW32,acaclone pdraw32,1,1,0,0
O*NET,31.0,Academic educational software,academic educational software,1,1,0,0
O*NET,31.0,Acarda CallAssist,acarda callassist,1,1,0,0
O*NET,31.0,Acarda ForbiddenCalls,acarda forbiddencalls,1,1,0,0
O*NET,31.0,Acarda Sales Technologies Acarda Outbound,acarda sales technologies acarda outbound,1,1,0,0
O*NET,31.0,AcaStat Software,acastat software,1,1,0,0
O*NET,31.0,ACCA Manual J,acca manual j,1,1,0,0
O*NET,31.0,Accela KIVA DMS,accela kiva dms,1,1,0,0
O*NET,31.0,Accela PERMITS Plus,accela permits plus,1,1,0,0
O*NET,31.0,Accela Tidemark Advantage,accela tidemark advantage,1,1,0,0
O*NET,31.0,Accelerated life testing software,accelerated life testing software,1,1,0,0
O*NET,31.0,Accellos Real Dispatch,accellos real dispatch,2,2,0,0
O*NET,31.0,Accelrys Cerius2,accelrys cerius2,2,2,0,0
O*NET,31.0,Accelrys DeCipher,accelrys decipher,1,1,0,0
O*NET,31.0,Accelrys FELIX,accelrys felix,1,1,0,0
O*NET,31.0,Accelrys Insight II,accelrys insight ii,1,1,0,0
O*NET,31.0,Accelrys Materials Studio,accelrys materials studio,1,1,0,0
O*NET,31.0,Accelrys Pipeline Pilot,accelrys pipeline pilot,1,1,0,0
O*NET,31.0,Accelrys QAUNTA,accelrys qaunta,1,1,0,0
O*NET,31.0,Access management software,access management software,7,7,0,0
O*NET,31.0,Access Software AIRPAX,access software airpax,2,2,0,0
O*NET,31.0,AccessData FTK,accessdata ftk,3,3,0,0
O*NET,31.0,Acclaim Legal Acclaim DepoManage,acclaim legal acclaim depomanage,1,1,0,0
O*NET,31.0,Account management software,account management software,2,2,0,0
O*NET,31.0,Accountants Templates JAZZ-It!,accountants templates jazz-it!,1,1,0,0
O*NET,31.0,AccountantsWorld Payroll Relief,accountantsworld payroll relief,1,1,0,0
O*NET,31.0,Accounting compliance software,accounting compliance software,1,1,0,0
O*NET,31.0,Accounting fraud detection software,accounting fraud detection software,1,1,0,0
O*NET,31.0,AccountMate Software AccountMate,accountmate software accountmate,1,1,0,0
O*NET,31.0,Accounts payable software,accounts payable software,3,3,0,0
O*NET,31.0,Accounts receivable software,accounts receivable software,5,5,0,0
O*NET,31.0,Accounts receivables system software,accounts receivables system software,1,1,0,0
O*NET,31.0,Accra Med Software Filopto,accra med software filopto,1,1,0,0
O*NET,31.0,ACCUCert,accucert,1,1,0,0
O*NET,31.0,Accuity EPICWare,accuity epicware,1,1,0,0
O*NET,31.0,Acculaw Court Reporters Billing Scheduling Job Management System ABSMS,acculaw court reporters billing scheduling job management system absms,1,1,0,0
O*NET,31.0,Accurate NXG,accurate nxg,2,2,0,0
O*NET,31.0,Accuship Star System,accuship star system,1,1,0,0
O*NET,31.0,Accutech Systems Corporation AccuFarm-MGR,accutech systems corporation accufarm-mgr,1,1,0,0
O*NET,31.0,AccuWeather Galileo,accuweather galileo,1,1,0,0
O*NET,31.0,Accvision ABMIS,accvision abmis,1,1,0,0
O*NET,31.0,ACD Systems Canvas,acd systems canvas,5,5,0,0
O*NET,31.0,ACE Dental,ace dental,1,1,0,0
O*NET,31.0,AceTools.biz Ace Translator,acetools.biz ace translator,1,1,0,0
O*NET,31.0,ACI Appraiser's Choice,aci appraiser's choice,1,1,0,0
O*NET,31.0,ACI TaskTracker,aci tasktracker,1,1,0,0
O*NET,31.0,ACL Analytics,acl analytics,1,1,0,0
O*NET,31.0,ACL Audit Exchange,acl audit exchange,1,1,0,0
O*NET,31.0,ACL Business Assurance Analytics,acl business assurance analytics,1,1,0,0
O*NET,31.0,AcmeStudio,acmestudio,1,1,0,0
O*NET,31.0,ACMS Casewatch Millenium,acms casewatch millenium,1,1,0,0
O*NET,31.0,ACOM Solutions RAPID EMR,acom solutions rapid emr,2,2,0,0
O*NET,31.0,AcornSystems Corporate Performance Management,acornsystems corporate performance management,2,2,0,0
O*NET,31.0,AcorynSystems Activity Based Costing/Management ABC/M,acorynsystems activity based costing/management abc/m,1,1,0,0
O*NET,31.0,Acoustica Mixcraft,acoustica mixcraft,1,1,0,0
O*NET,31.0,Acrendo A.I.med,acrendo a.i.med,1,1,0,0
O*NET,31.0,Acrendo Medical Software Family Practice EMR,acrendo medical software family practice emr,1,1,0,0
O*NET,31.0,Acrendo Medical Software Ob/Gyn EMR,acrendo medical software ob/gyn emr,2,2,0,0
O*NET,31.0,Acresso InstallAnywhere,acresso installanywhere,1,1,0,0
O*NET,31.0,Acronis Recovery Expert,acronis recovery expert,2,2,0,0
O*NET,31.0,ACS Technologies ACS Financial Suite,acs technologies acs financial suite,1,1,0,0
O*NET,31.0,ACS Technologies HeadMaster,acs technologies headmaster,2,2,0,0
O*NET,31.0,ACT Contractors Forms,act contractors forms,1,1,0,0
O*NET,31.0,ACT Discover,act discover,1,1,0,0
O*NET,31.0,ACT WorkKeys,act workkeys,1,1,0,0
O*NET,31.0,Act!,act!,7,7,0,0
O*NET,31.0,ACT! ACT4Advisors,act! act4advisors,1,1,0,0
O*NET,31.0,ACT! Premium,act! premium,2,2,0,0
O*NET,31.0,Act-3D Quest3D,act-3d quest3d,1,1,0,0
O*NET,31.0,Actano Rplan,actano rplan,1,1,0,0
O*NET,31.0,Actimize Brokerage Compliance Solutions,actimize brokerage compliance solutions,1,1,0,0
O*NET,31.0,ActionWare,actionware,2,2,0,0
O*NET,31.0,Activant Solutions Activant Prophet 21,activant solutions activant prophet 21,1,1,0,0
O*NET,31.0,Active Data Online WebChat,active data online webchat,1,1,0,0
O*NET,31.0,Active directory software,active directory software,5,5,0,0
O*NET,31.0,Active Network EventRegister,active network eventregister,1,1,0,0
O*NET,31.0,Actsoft Comet Tracker,actsoft comet tracker,3,3,0,0
O*NET,31.0,Actuarial Systems Corporation AIM,actuarial systems corporation aim,1,1,0,0
O*NET,31.0,Actuarial Systems Corporation Compliance Testing System,actuarial systems corporation compliance testing system,1,1,0,0
O*NET,31.0,Actuarial Systems Corporation Defined Benefit System,actuarial systems corporation defined benefit system,1,1,0,0
O*NET,31.0,Actuarial Systems Corporation Document Generation and Management System,actuarial systems corporation document generation and management system,1,1,0,0
O*NET,31.0,Actuarial Systems Corporation DV Direct,actuarial systems corporation dv direct,1,1,0,0
O*NET,31.0,Actuate BIRT,actuate birt,2,2,0,0
O*NET,31.0,Actuate DocBook,actuate docbook,1,1,0,0
O*NET,31.0,Actuate Eclipse BIRT,actuate eclipse birt,1,1,0,0
O*NET,31.0,AcuityPro,acuitypro,2,2,0,0
O*NET,31.0,AcuPartner Professional,acupartner professional,1,1,0,0
O*NET,31.0,AcuStaf,acustaf,1,1,0,0
O*NET,31.0,AD OPT Altitude,ad opt altitude,1,1,0,0
O*NET,31.0,Ada,ada,11,11,0,0
O*NET,31.0,Adapt It,adapt it,1,1,0,0
O*NET,31.0,ADAPT-Modeler,adapt-modeler,1,1,0,0
O*NET,31.0,AdaptaSoft CyberPay,adaptasoft cyberpay,2,2,0,0
O*NET,31.0,Adaptive conjoint analysis ACA software,adaptive conjoint analysis aca software,1,1,0,0
O*NET,31.0,Adaptive Metadata Manager,adaptive metadata manager,1,1,0,0
O*NET,31.0,Adaptive optics AO simulation software,adaptive optics ao simulation software,1,1,0,0
O*NET,31.0,Adaptive Planning,adaptive planning,1,1,0,0
O*NET,31.0,ADC Legal Systems Perfect Practice,adc legal systems perfect practice,1,1,0,0
O*NET,31.0,Addison Health Systems WritePad EHR,addison health systems writepad ehr,3,3,0,0
O*NET,31.0,Address Management System AMS,address management system ams,2,2,0,0
O*NET,31.0,Addressing software,addressing software,1,1,0,0
O*NET,31.0,Ademero Content Central,ademero content central,1,1,0,0
O*NET,31.0,Adept Scientific GRAMS,adept scientific grams,1,1,0,0
O*NET,31.0,Adeptia ETL Suite,adeptia etl suite,2,2,0,0
O*NET,31.0,Aderant CompuLaw,aderant compulaw,2,2,0,0
O*NET,31.0,"ADERANT Expert Back Office, Powered by Keystone","aderant expert back office, powered by keystone",1,1,0,0
O*NET,31.0,ADERANT Expert Matter Center,aderant expert matter center,1,1,0,0
O*NET,31.0,Aderant legal software,aderant legal software,1,1,0,0
O*NET,31.0,Adexa eGPS Suite,adexa egps suite,1,1,0,0
O*NET,31.0,Adexa Supply Chain Planning,adexa supply chain planning,1,1,0,0
O*NET,31.0,ADi SmartBOL,adi smartbol,2,2,0,0
O*NET,31.0,ADInstruments LabChart,adinstruments labchart,1,1,0,0
O*NET,31.0,ADL Data Systems OptimumClinicals Electronic Health Record,adl data systems optimumclinicals electronic health record,2,2,0,0
O*NET,31.0,Adlib Express,adlib express,1,1,0,0
O*NET,31.0,Adlib Information Systems Adlib Archive,adlib information systems adlib archive,1,1,0,0
O*NET,31.0,"Admissions, discharge, and transfer ADT software","admissions, discharge, and transfer adt software",1,1,0,0
O*NET,31.0,ADMS pollution modeling software,adms pollution modeling software,1,1,0,0
O*NET,31.0,ADO.NET,ado.net,5,5,0,0
O*NET,31.0,Adobe Acrobat,adobe acrobat,165,165,165,1
O*NET,31.0,Adobe Acrobat Pro Extended,adobe acrobat pro extended,1,1,0,0
O*NET,31.0,Adobe Acrobat Reader,adobe acrobat reader,7,7,0,0
O*NET,31.0,Adobe Acrobat Writer,adobe acrobat writer,2,2,0,0
O*NET,31.0,Adobe ActionScript,adobe actionscript,33,33,0,0
O*NET,31.0,Adobe After Effects,adobe after effects,41,41,41,6
O*NET,31.0,Adobe AIR,adobe air,2,2,0,0
O*NET,31.0,Adobe Analytics,adobe analytics,1,1,0,1
O*NET,31.0,Adobe Audition,adobe audition,11,11,0,1
O*NET,31.0,Adobe Authorware,adobe authorware,1,1,0,0
O*NET,31.0,Adobe Captivate,adobe captivate,6,6,0,0
O*NET,31.0,Adobe ColdFusion,adobe coldfusion,5,5,0,0
O*NET,31.0,Adobe Connect,adobe connect,1,1,0,0
O*NET,31.0,Adobe Contribute,adobe contribute,1,1,0,0
O*NET,31.0,Adobe Creative Cloud software,adobe creative cloud software,78,78,78,20
O*NET,31.0,Adobe Director,adobe director,6,6,0,0
O*NET,31.0,Adobe Distiller,adobe distiller,5,5,0,0
O*NET,31.0,Adobe Dreamweaver,adobe dreamweaver,59,59,0,0
O*NET,31.0,Adobe eLearning Suite,adobe elearning suite,1,1,0,0
O*NET,31.0,Adobe Experience Manager (AEM),adobe experience manager (aem),4,4,0,0
O*NET,31.0,Adobe Flex,adobe flex,9,9,0,0
O*NET,31.0,Adobe FrameMaker,adobe framemaker,10,10,0,0
O*NET,31.0,Adobe FreeHand MX,adobe freehand mx,14,14,0,0
O*NET,31.0,Adobe Human Capital Application Solution Accelerator,adobe human capital application solution accelerator,1,1,0,0
O*NET,31.0,Adobe Illustrator,adobe illustrator,100,100,100,17
O*NET,31.0,Adobe ImageReady,adobe imageready,3,3,0,0
O*NET,31.0,Adobe InCopy,adobe incopy,2,2,0,0
O*NET,31.0,Adobe InDesign,adobe indesign,88,88,88,12
O*NET,31.0,Adobe LifeCycle Enterprise Suite,adobe lifecycle enterprise suite,2,2,0,0
O*NET,31.0,Adobe LifeCycle ES,adobe lifecycle es,1,1,0,0
O*NET,31.0,Adobe LifeCycle Production Print ES3,adobe lifecycle production print es3,1,1,0,0
O*NET,31.0,Adobe LiveMotion,adobe livemotion,3,3,0,0
O*NET,31.0,Adobe Macromedia HomeSite,adobe macromedia homesite,2,2,0,0
O*NET,31.0,Adobe PageMaker,adobe pagemaker,20,20,0,0
O*NET,31.0,Adobe Persuasion,adobe persuasion,1,1,0,0
O*NET,31.0,Adobe Photoshop,adobe photoshop,144,144,144,26
O*NET,31.0,Adobe Photoshop Lightroom,adobe photoshop lightroom,1,1,0,1
O*NET,31.0,Adobe PostScript,adobe postscript,2,2,0,0
O*NET,31.0,Adobe Premiere Pro,adobe premiere pro,15,15,0,6
O*NET,31.0,Adobe Presenter,adobe presenter,4,4,0,0
O*NET,31.0,Adobe RoboHelp,adobe robohelp,2,2,0,0
O*NET,31.0,Adobe XD,adobe xd,1,1,0,1
O*NET,31.0,ADP Drive DMS for Accounting,adp drive dms for accounting,1,1,0,0
O*NET,31.0,ADP Employease,adp employease,1,1,0,0
O*NET,31.0,ADP Enterprise eTIME,adp enterprise etime,2,2,0,0
O*NET,31.0,ADP Enterprise HR,adp enterprise hr,5,5,0,0
O*NET,31.0,ADP eTIME,adp etime,2,2,0,0
O*NET,31.0,ADP ezLaborManager,adp ezlabormanager,2,2,0,0
O*NET,31.0,ADP HR/Benefits Solution,adp hr/benefits solution,2,2,0,0
O*NET,31.0,ADP HR/Profile,adp hr/profile,1,1,0,0
O*NET,31.0,ADP Pay eXpert,adp pay expert,2,2,0,0
O*NET,31.0,ADP PC/Payroll,adp pc/payroll,1,1,0,0
O*NET,31.0,ADP software,adp software,2,2,0,0
O*NET,31.0,ADP Super Report Writer,adp super report writer,1,1,0,0
O*NET,31.0,ADP Workforce Now,adp workforce now,26,26,0,1
O*NET,31.0,ADP/Vantra VOLTS,adp/vantra volts,1,1,0,0
O*NET,31.0,AdRelevance,adrelevance,2,2,0,0
O*NET,31.0,ADS Advantage,ads advantage,1,1,0,0
O*NET,31.0,AdSense Tracker,adsense tracker,2,2,0,0
O*NET,31.0,Adstra Systems ADSTRA Management,adstra systems adstra management,1,1,0,0
O*NET,31.0,Adtec Agency Manager,adtec agency manager,1,1,0,0
O*NET,31.0,AdTrack Customer Acquisition Management CAM,adtrack customer acquisition management cam,1,1,0,0
O*NET,31.0,Advance Ortho Systems Program Director,advance ortho systems program director,1,1,0,0
O*NET,31.0,Advanced boolean expression language ABEL,advanced boolean expression language abel,1,1,0,0
O*NET,31.0,Advanced business application programming ABAP,advanced business application programming abap,23,23,0,0
O*NET,31.0,Advanced Chemistry Development ACD/1D nuclear magnetic resonance NMR processor,advanced chemistry development acd/1d nuclear magnetic resonance nmr processor,1,1,0,0
O*NET,31.0,Advanced Chemistry Development Analytical Laboratory,advanced chemistry development analytical laboratory,1,1,0,0
O*NET,31.0,Advanced computer simulation language ACSL,advanced computer simulation language acsl,1,1,0,0
O*NET,31.0,Advanced Data Systems MedicsDocAssistant for Pediatrics,advanced data systems medicsdocassistant for pediatrics,1,1,0,0
O*NET,31.0,Advanced Data Systems MedicsRis,advanced data systems medicsris,1,1,0,0
O*NET,31.0,Advanced Dimensional Management 3D-GD&T,advanced dimensional management 3d-gd&t,1,1,0,0
O*NET,31.0,Advanced Graphics Technology ProCogo,advanced graphics technology procogo,1,1,0,0
O*NET,31.0,Advanced Logic Technology WellCAD,advanced logic technology wellcad,1,1,0,0
O*NET,31.0,Advanced Management Systems Software for Wineries,advanced management systems software for wineries,1,1,0,0
O*NET,31.0,Advanced Micro Systems 1099-Etc,advanced micro systems 1099-etc,1,1,0,0
O*NET,31.0,Advanced numerical software,advanced numerical software,1,1,0,0
O*NET,31.0,Advanced Portfolio Technologies Report Builder,advanced portfolio technologies report builder,2,2,0,0
O*NET,31.0,Advanced Portfolio Technologies Simulator,advanced portfolio technologies simulator,2,2,0,0
O*NET,31.0,Advanced Processing and Imaging OptiView ECM,advanced processing and imaging optiview ecm,1,1,0,0
O*NET,31.0,Advanced Retail Management Systems Retail Pro,advanced retail management systems retail pro,2,2,0,0
O*NET,31.0,Advanced technologies and oceanic procedures ATOP,advanced technologies and oceanic procedures atop,1,1,0,0
O*NET,31.0,Advanced Technologies Class Act,advanced technologies class act,2,2,0,0
O*NET,31.0,Advanced Veterinary Services Ranch Vision,advanced veterinary services ranch vision,1,1,0,0
O*NET,31.0,Advanced Visual Systems AVS/Express,advanced visual systems avs/express,1,1,0,0
O*NET,31.0,Advantage Information Systems The Agency Advantage,advantage information systems the agency advantage,1,1,0,0
O*NET,31.0,Advantage Signature Marketing Group Web Master,advantage signature marketing group web master,1,1,0,0
O*NET,31.0,Advantage Software Chiropractic Advantage,advantage software chiropractic advantage,1,1,0,0
O*NET,31.0,Advantage Software Physical Therapy Advantage,advantage software physical therapy advantage,1,1,0,0
O*NET,31.0,Advantage Software Podiatry Advantage,advantage software podiatry advantage,1,1,0,0
O*NET,31.0,Advantage Software Psych Advantage,advantage software psych advantage,2,2,0,0
O*NET,31.0,Advantage Software Total Eclipse,advantage software total eclipse,1,1,0,0
O*NET,31.0,AdvantageLaw WinVantage,advantagelaw winvantage,1,1,0,0
O*NET,31.0,Advantos Systems DataTrust Enterprise,advantos systems datatrust enterprise,1,1,0,0
O*NET,31.0,Advent Axys,advent axys,1,1,0,0
O*NET,31.0,AdviceAmerica AdvisorVision,adviceamerica advisorvision,1,1,0,0
O*NET,31.0,Advisory World ICE,advisory world ice,1,1,0,0
O*NET,31.0,"Adxstudio, for Microsoft","adxstudio, for microsoft",1,1,0,0
O*NET,31.0,AEC Design Group CADPIPE,aec design group cadpipe,1,1,0,0
O*NET,31.0,AEC Software FastTrack Schedule,aec software fasttrack schedule,3,3,0,0
O*NET,31.0,AEMC DataView,aemc dataview,1,1,0,0
O*NET,31.0,AeroHydro MultiSurf,aerohydro multisurf,1,1,0,0
O*NET,31.0,Aeronautical charts,aeronautical charts,3,3,0,0
O*NET,31.0,AERONET calculator,aeronet calculator,1,1,0,0
O*NET,31.0,AeroPlanner,aeroplanner,2,2,0,0
O*NET,31.0,Aerotriangulation adjustment software,aerotriangulation adjustment software,1,1,0,0
O*NET,31.0,AES MailSTAR,aes mailstar,1,1,0,0
O*NET,31.0,AESDirect,aesdirect,1,1,0,0
O*NET,31.0,Aestiva Employee Time Clock,aestiva employee time clock,1,1,0,0
O*NET,31.0,Aestiva Purchase Order,aestiva purchase order,3,3,0,0
O*NET,31.0,AetherPalm InfusiCalc,aetherpalm infusicalc,2,2,0,0
O*NET,31.0,Afcom Datasafe Computer Services FlexiBake,afcom datasafe computer services flexibake,1,1,0,0
O*NET,31.0,AFEXDirect,afexdirect,1,1,0,0
O*NET,31.0,Affiliated Computer Services ACS FIREHOUSE,affiliated computer services acs firehouse,2,2,0,0
O*NET,31.0,After the Deadline,after the deadline,2,2,0,0
O*NET,31.0,Ag Connections Land.db,ag connections land.db,1,1,0,0
O*NET,31.0,Ag Leader Technology SMS Advanced,ag leader technology sms advanced,2,2,0,0
O*NET,31.0,AGCO Advanced Technology Solutions Fieldstar,agco advanced technology solutions fieldstar,1,1,0,0
O*NET,31.0,AGCO GTA Software Suite,agco gta software suite,1,1,0,0
O*NET,31.0,AgData Blue Skies Accounting,agdata blue skies accounting,1,1,0,0
O*NET,31.0,Age progression software,age progression software,1,1,0,0
O*NET,31.0,Agency management software,agency management software,1,1,0,0
O*NET,31.0,Agency Management Systems AMS 360,agency management systems ams 360,1,1,0,0
O*NET,31.0,Agency Master,agency master,1,1,0,0
O*NET,31.0,Agency Software AgencyPro,agency software agencypro,1,1,0,0
O*NET,31.0,AgencyPro,agencypro,1,1,0,0
O*NET,31.0,Agent Business Builder,agent business builder,1,1,0,0
O*NET,31.0,Agevo Farm Manager,agevo farm manager,1,1,0,0
O*NET,31.0,Agile Product Lifecyle Management PLM,agile product lifecyle management plm,2,2,0,0
O*NET,31.0,Agilent Advanced Design System ADS,agilent advanced design system ads,1,1,0,0
O*NET,31.0,Agilent CGH Analytics,agilent cgh analytics,1,1,0,0
O*NET,31.0,Agilent ChemStation,agilent chemstation,2,2,0,0
O*NET,31.0,Agilent Technologies GeneSpring GX,agilent technologies genespring gx,2,2,0,0
O*NET,31.0,AgileView Software SmartView,agileview software smartview,1,1,0,0
O*NET,31.0,Agiliance Compliance Manager,agiliance compliance manager,1,1,0,0
O*NET,31.0,AgInfoLink Meat Inventory Tracking System MITS,aginfolink meat inventory tracking system mits,1,1,0,0
O*NET,31.0,Agisoft Metashape,agisoft metashape,2,2,0,0
O*NET,31.0,AgriSoft/CMC AgriSoft/ERP,agrisoft/cmc agrisoft/erp,1,1,0,0
O*NET,31.0,Agronomic modeling software,agronomic modeling software,1,1,0,0
O*NET,31.0,AgTerra Technologies AgTrac,agterra technologies agtrac,1,1,0,0
O*NET,31.0,Ahrefs Site Explorer,ahrefs site explorer,1,1,0,1
O*NET,31.0,Ai Squared ZoomText,ai squared zoomtext,1,1,0,0
O*NET,31.0,AIGHD OASIS,aighd oasis,1,1,0,0
O*NET,31.0,Aipotu,aipotu,1,1,0,0
O*NET,31.0,AIQ Systems TradingExpert Pro,aiq systems tradingexpert pro,1,1,0,0
O*NET,31.0,Air dispersion modeling software,air dispersion modeling software,2,2,0,0
O*NET,31.0,Air quality modeling software,air quality modeling software,1,1,0,0
O*NET,31.0,Air-Trak Cloudberry,air-trak cloudberry,1,1,0,0
O*NET,31.0,Aircraft noise monitoring system software,aircraft noise monitoring system software,1,1,0,0
O*NET,31.0,Aircraft regulation databases,aircraft regulation databases,1,1,0,0
O*NET,31.0,Airdata,airdata,4,4,0,0
O*NET,31.0,Airline global distribution systems GDS software,airline global distribution systems gds software,1,1,0,0
O*NET,31.0,Airline Pilots Daily Aviation Log PPC,airline pilots daily aviation log ppc,2,2,0,0
O*NET,31.0,AirMagnet Enterprise,airmagnet enterprise,1,1,0,0
O*NET,31.0,AIRMaster+,airmaster+,1,1,0,0
O*NET,31.0,AirSmith FlightPrompt,airsmith flightprompt,2,2,0,0
O*NET,31.0,Airtable,airtable,24,24,0,0
O*NET,31.0,AJAX,ajax,25,25,25,0
O*NET,31.0,Aknaf ADVANTAGE Salon Software and Spa Software,aknaf advantage salon software and spa software,1,1,0,0
O*NET,31.0,Alara CRystalView,alara crystalview,1,1,0,0
O*NET,31.0,Alarm management system software,alarm management system software,1,1,0,0
O*NET,31.0,Alarm system software,alarm system software,1,1,0,0
O*NET,31.0,Alcestis,alcestis,1,1,0,0
O*NET,31.0,Alchemy Systems SISTEM,alchemy systems sistem,2,2,0,0
O*NET,31.0,Aldata Warehouse Management,aldata warehouse management,1,1,0,0
O*NET,31.0,Aldelo Systems Aldelo for Restaurants Pro,aldelo systems aldelo for restaurants pro,3,3,0,0
O*NET,31.0,Aldus FreeHand,aldus freehand,1,1,0,0
O*NET,31.0,Alert Technologies OpsCenter,alert technologies opscenter,1,1,0,0
O*NET,31.0,Alerton Ascent Compass,alerton ascent compass,1,1,0,0
O*NET,31.0,Alfresco Software Alfresco,alfresco software alfresco,1,1,0,0
O*NET,31.0,Algae,algae,1,1,0,0
O*NET,31.0,AlgoLab Raster to Vector Conversion Toolkit,algolab raster to vector conversion toolkit,1,1,0,0
O*NET,31.0,Algorithm Compu-Ceph,algorithm compu-ceph,1,1,0,0
O*NET,31.0,Algorithmic language ALGOL,algorithmic language algol,3,3,0,0
O*NET,31.0,Algorithmic software,algorithmic software,1,1,0,0
O*NET,31.0,Alias Wavefront Design Studio,alias wavefront design studio,1,1,0,0
O*NET,31.0,Alibre Design,alibre design,1,1,0,0
O*NET,31.0,Aline GRC,aline grc,1,1,0,0
O*NET,31.0,Aljex Inventory,aljex inventory,1,1,0,0
O*NET,31.0,ALK Technologies FleetSuite,alk technologies fleetsuite,1,1,0,0
O*NET,31.0,ALK Technologies PC*Miler,alk technologies pc*miler,2,2,0,0
O*NET,31.0,Allaire ColdFusion,allaire coldfusion,2,2,0,0
O*NET,31.0,Allegro Landmark,allegro landmark,1,1,0,0
O*NET,31.0,Allen Bradley PanelView,allen bradley panelview,1,1,0,0
O*NET,31.0,Allergenic diet software,allergenic diet software,1,1,0,0
O*NET,31.0,Alliance Automotive Shop Controller,alliance automotive shop controller,1,1,0,0
O*NET,31.0,Allied Financial Software Act4Advisors,allied financial software act4advisors,1,1,0,0
O*NET,31.0,AllNetic Working Time Tracker,allnetic working time tracker,1,1,0,0
O*NET,31.0,Allscripts Canopy,allscripts canopy,1,1,0,0
O*NET,31.0,Allscripts EHR,allscripts ehr,2,2,0,0
O*NET,31.0,Allscripts healthcare automation software,allscripts healthcare automation software,4,4,0,0
O*NET,31.0,Allscripts Payerpath,allscripts payerpath,1,1,0,0
O*NET,31.0,Allscripts PM,allscripts pm,9,9,0,0
O*NET,31.0,Allscripts Professional EHR,allscripts professional ehr,12,12,0,0
O*NET,31.0,Allscripts Professional PM,allscripts professional pm,2,2,0,0
O*NET,31.0,Allscripts Sunrise,allscripts sunrise,4,4,0,0
O*NET,31.0,Allstar Software Systems Kofax,allstar software systems kofax,1,1,0,0
O*NET,31.0,Almaris E-Learning Systems Financial Accounting Tutor,almaris e-learning systems financial accounting tutor,1,1,0,0
O*NET,31.0,Alpha Four,alpha four,1,1,0,0
O*NET,31.0,Alpha Software Alpha Five,alpha software alpha five,3,3,0,0
O*NET,31.0,AlphaDent,alphadent,1,1,0,0
O*NET,31.0,Alstom ESARAD,alstom esarad,1,1,0,0
O*NET,31.0,Alstom ESATAN,alstom esatan,1,1,0,0
O*NET,31.0,Altair Engineering MotionSolve,altair engineering motionsolve,1,1,0,0
O*NET,31.0,AltaPoint Data Systems AltaPoint Dental,altapoint data systems altapoint dental,1,1,0,0
O*NET,31.0,AltaPoint Data Systems AltaPoint Vision,altapoint data systems altapoint vision,1,1,0,0
O*NET,31.0,Alteer Office,alteer office,2,2,0,0
O*NET,31.0,Alteer Premiere,alteer premiere,1,1,0,0
O*NET,31.0,Altera hardware description language AHDL,altera hardware description language ahdl,1,1,0,0
O*NET,31.0,Altera MAX,altera max,1,1,0,0
O*NET,31.0,Altera Quartus II,altera quartus ii,2,2,0,0
O*NET,31.0,Alteryx software,alteryx software,8,8,8,1
O*NET,31.0,Altia Design,altia design,2,2,0,0
O*NET,31.0,Altium Designer,altium designer,1,1,0,0
O*NET,31.0,Altova MapForce,altova mapforce,2,2,0,0
O*NET,31.0,Alua Software Paddock Pro,alua software paddock pro,1,1,0,0
O*NET,31.0,Amadeus Altea Reservation,amadeus altea reservation,1,1,0,0
O*NET,31.0,Amadeus CRS,amadeus crs,1,1,0,1
O*NET,31.0,Amazing Charts,amazing charts,3,3,0,0
O*NET,31.0,Amazon Data Pipeline,amazon data pipeline,2,2,0,0
O*NET,31.0,Amazon DynamoDB,amazon dynamodb,20,20,20,0
O*NET,31.0,Amazon Elastic Compute Cloud EC2,amazon elastic compute cloud ec2,25,25,25,0
O*NET,31.0,Amazon Elastic Container Service ECS,amazon elastic container service ecs,1,1,0,0
O*NET,31.0,Amazon Kinesis,amazon kinesis,8,8,0,0
O*NET,31.0,Amazon Redshift,amazon redshift,27,27,27,1
O*NET,31.0,Amazon Simple Storage Service S3,amazon simple storage service s3,19,19,0,0
O*NET,31.0,Amazon Web Services AWS CloudFormation,amazon web services aws cloudformation,19,19,19,1
O*NET,31.0,Amazon Web Services AWS SageMaker,amazon web services aws sagemaker,2,2,0,1
O*NET,31.0,Amazon Web Services AWS software,amazon web services aws software,52,52,52,23
O*NET,31.0,Amber Road,amber road,1,1,0,0
O*NET,31.0,Ambient Design ArtRage,ambient design artrage,2,2,0,0
O*NET,31.0,Amcom AUTOS2000,amcom autos2000,1,1,0,0
O*NET,31.0,AMCS Platform,amcs platform,1,1,0,0
O*NET,31.0,American Association of Critical Care Nurses AACN Medicopeia,american association of critical care nurses aacn medicopeia,1,1,0,0
O*NET,31.0,American Data Systems PAWS Veterinary Practice Management,american data systems paws veterinary practice management,1,1,0,0
O*NET,31.0,American Glazing Software AGS WindowPricer,american glazing software ags windowpricer,1,1,0,0
O*NET,31.0,American HealthTech Financial,american healthtech financial,1,1,0,0
O*NET,31.0,American Legalnet eDockets,american legalnet edockets,1,1,0,0
O*NET,31.0,American Legalnet Smart Dockets,american legalnet smart dockets,1,1,0,0
O*NET,31.0,American LegalNet USCourtForms,american legalnet uscourtforms,1,1,0,0
O*NET,31.0,American Medical Association CodeManager,american medical association codemanager,3,3,0,0
O*NET,31.0,American Medical Billing Software PMA,american medical billing software pma,1,1,0,0
O*NET,31.0,American National Standards Institute ANSI C,american national standards institute ansi c,3,3,0,0
O*NET,31.0,American Orthodontics Compu-Ceph,american orthodontics compu-ceph,1,1,0,0
O*NET,31.0,American Orthodontics Photo-Eze,american orthodontics photo-eze,1,1,0,0
O*NET,31.0,American Orthotic and Prosthetic Association CodingPro,american orthotic and prosthetic association codingpro,1,1,0,0
O*NET,31.0,American Precision Instruments Regit,american precision instruments regit,2,2,0,0
O*NET,31.0,American Printing House for the Blind Learn Keys,american printing house for the blind learn keys,1,1,0,0
O*NET,31.0,American Printing House for the Blind Talking Typer,american printing house for the blind talking typer,1,1,0,0
O*NET,31.0,American Riviera Magtax,american riviera magtax,1,1,0,0
O*NET,31.0,American Sign Language ASL browser,american sign language asl browser,1,1,0,0
O*NET,31.0,American Sign Language Browser,american sign language browser,3,3,0,0
O*NET,31.0,AMG Teleran SalesInSync,amg teleran salesinsync,2,2,0,0
O*NET,31.0,Amkai AmkaiCharts,amkai amkaicharts,7,7,0,0
O*NET,31.0,AmoK Translator,amok translator,1,1,0,0
O*NET,31.0,Amortization calculation software,amortization calculation software,1,1,0,0
O*NET,31.0,Amortization loan software,amortization loan software,1,1,0,0
O*NET,31.0,AMPL,ampl,1,1,0,0
O*NET,31.0,AMS REALTIME Projects,ams realtime projects,1,1,0,0
O*NET,31.0,AMS Services AMS 360,ams services ams 360,1,1,0,0
O*NET,31.0,AMS Services AMS Sagitta,ams services ams sagitta,2,2,0,0
O*NET,31.0,AMTdirect,amtdirect,1,1,0,0
O*NET,31.0,Amtec Engineering Tecplot,amtec engineering tecplot,1,1,0,0
O*NET,31.0,Anacomp CaseLogistix,anacomp caselogistix,1,1,0,0
O*NET,31.0,Anadigm Designer2 EDA,anadigm designer2 eda,1,1,0,0
O*NET,31.0,Analog Devices VisualDSP++,analog devices visualdsp++,1,1,0,0
O*NET,31.0,Analyse-it,analyse-it,5,5,0,0
O*NET,31.0,Analysis and building software,analysis and building software,1,1,0,0
O*NET,31.0,Analysis and Visualization of Time Sequences AVTS,analysis and visualization of time sequences avts,1,1,0,0
O*NET,31.0,Analysis of Smoke Control Systems ASCOS,analysis of smoke control systems ascos,1,1,0,0
O*NET,31.0,Analytical Graphics STK Expert Edition,analytical graphics stk expert edition,1,1,0,0
O*NET,31.0,Analytical software,analytical software,1,1,0,0
O*NET,31.0,Analyze,analyze,1,1,0,0
O*NET,31.0,AnalyzerXL,analyzerxl,3,3,0,0
O*NET,31.0,Anand Systems ASI FrontDesk,anand systems asi frontdesk,1,1,0,0
O*NET,31.0,Anasazi Software Assessment and Treatment Plan Systems,anasazi software assessment and treatment plan systems,1,1,0,0
O*NET,31.0,Anasazi Software Client Data System,anasazi software client data system,2,2,0,0
O*NET,31.0,Anatomic pathology software,anatomic pathology software,1,1,0,0
O*NET,31.0,ANCA ToolRoom,anca toolroom,1,1,0,0
O*NET,31.0,AndersonBell Abstat,andersonbell abstat,1,1,0,0
O*NET,31.0,Anesthesia machine software,anesthesia machine software,1,1,0,0
O*NET,31.0,Angoss KnowledgeSEEKER,angoss knowledgeseeker,1,1,0,0
O*NET,31.0,Animal Intelligence Software Animal Intelligence,animal intelligence software animal intelligence,1,1,0,0
O*NET,31.0,Animal Shelter Manager,animal shelter manager,1,1,0,0
O*NET,31.0,Animation software,animation software,1,1,0,0
O*NET,31.0,Aninoquisi MesoTRAC,aninoquisi mesotrac,1,1,0,0
O*NET,31.0,ANISN dose assessment computer code,anisn dose assessment computer code,1,1,0,0
O*NET,31.0,Anisotropic Crystalline Etch Simulation ACES,anisotropic crystalline etch simulation aces,1,1,0,0
O*NET,31.0,Annuities analysis software,annuities analysis software,2,2,0,0
O*NET,31.0,Anodas Software Limited Phoenix,anodas software limited phoenix,1,1,0,0
O*NET,31.0,Ansible software,ansible software,29,29,29,4
O*NET,31.0,Ansoft HFSS,ansoft hfss,1,1,0,0
O*NET,31.0,Ansoft Simplorer,ansoft simplorer,2,2,0,0
O*NET,31.0,ANSYS AQWA,ansys aqwa,1,1,0,0
O*NET,31.0,ANSYS ASAS,ansys asas,1,1,0,0
O*NET,31.0,Ansys Fluent,ansys fluent,8,8,0,0
O*NET,31.0,ANSYS LS-DYNA,ansys ls-dyna,2,2,0,0
O*NET,31.0,ANSYS Mechanical,ansys mechanical,1,1,0,0
O*NET,31.0,ANSYS Multiphysics,ansys multiphysics,3,3,0,0
O*NET,31.0,ANSYS simulation software,ansys simulation software,12,12,0,4
O*NET,31.0,Antek HealthWare LabDAQ,antek healthware labdaq,2,2,0,0
O*NET,31.0,Antenna House,antenna house,1,1,0,0
O*NET,31.0,AnthillPro,anthillpro,1,1,0,0
O*NET,31.0,Anthropometric databases,anthropometric databases,1,1,0,0
O*NET,31.0,Anti-phishing software,anti-phishing software,1,1,0,0
O*NET,31.0,Anti-spyware software,anti-spyware software,3,3,0,0
O*NET,31.0,Anti-Trojan software,anti-trojan software,1,1,0,0
O*NET,31.0,Antivirus software,antivirus software,3,3,0,0
O*NET,31.0,Anvil Studio,anvil studio,1,1,0,0
O*NET,31.0,AOL MapQuest,aol mapquest,3,3,0,0
O*NET,31.0,Aonix Software Through Pictures,aonix software through pictures,1,1,0,0
O*NET,31.0,AP ENPS,ap enps,1,1,0,0
O*NET,31.0,Apache Accumulo,apache accumulo,1,1,0,0
O*NET,31.0,Apache Airflow,apache airflow,6,6,6,1
O*NET,31.0,Apache Ant,apache ant,20,20,0,0
O*NET,31.0,Apache Avro,apache avro,4,4,0,0
O*NET,31.0,Apache Cassandra,apache cassandra,29,29,29,0
O*NET,31.0,Apache Continuum,apache continuum,1,1,0,0
O*NET,31.0,Apache Flex,apache flex,1,1,0,0
O*NET,31.0,Apache Flume,apache flume,5,5,0,0
O*NET,31.0,Apache Groovy,apache groovy,24,24,0,0
O*NET,31.0,Apache Gump,apache gump,1,1,0,0
O*NET,31.0,Apache Hadoop,apache hadoop,41,41,41,3
O*NET,31.0,Apache Hadoop YARN,apache hadoop yarn,1,1,0,0
O*NET,31.0,Apache HBase,apache hbase,5,5,0,0
O*NET,31.0,Apache Hive,apache hive,31,31,31,0
O*NET,31.0,Apache HTTP Server,apache http server,28,28,0,0
O*NET,31.0,Apache JMeter,apache jmeter,4,4,0,1
O*NET,31.0,Apache Kafka,apache kafka,27,27,27,5
O*NET,31.0,Apache Mahout,apache mahout,2,2,0,0
O*NET,31.0,Apache Maven,apache maven,21,21,21,0
O*NET,31.0,Apache MXNet,apache mxnet,2,2,0,0
O*NET,31.0,Apache Oozie,apache oozie,4,4,0,0
O*NET,31.0,Apache Pig,apache pig,33,33,0,0
O*NET,31.0,Apache Solr,apache solr,26,26,0,0
O*NET,31.0,Apache Spark,apache spark,23,23,23,4
O*NET,31.0,Apache Sqoop,apache sqoop,4,4,0,0
O*NET,31.0,Apache Struts,apache struts,24,24,0,0
O*NET,31.0,Apache Subversion SVN,apache subversion svn,24,24,24,0
O*NET,31.0,Apache Tomcat,apache tomcat,23,23,23,0
O*NET,31.0,Apatar,apatar,2,2,0,0
O*NET,31.0,ApE A Plasmid Editor,ape a plasmid editor,1,1,0,0
O*NET,31.0,Apex Business Software iBenefits,apex business software ibenefits,1,1,0,0
O*NET,31.0,Apex Business Software iHR,apex business software ihr,1,1,0,0
O*NET,31.0,Apex IV Assessor,apex iv assessor,1,1,0,0
O*NET,31.0,Apex IV Fee Appraiser,apex iv fee appraiser,1,1,0,0
O*NET,31.0,Apex MobileSketch,apex mobilesketch,1,1,0,0
O*NET,31.0,Apfloat,apfloat,1,1,0,0
O*NET,31.0,API Healthcare ActiveStaffer,api healthcare activestaffer,1,1,0,0
O*NET,31.0,API Navigator,api navigator,1,1,0,0
O*NET,31.0,Apian SurveyPro,apian surveypro,1,1,0,0
O*NET,31.0,APLAC,aplac,1,1,0,0
O*NET,31.0,Apollo Photonics APSS,apollo photonics apss,1,1,0,0
O*NET,31.0,Apollo Reservation System,apollo reservation system,1,1,0,0
O*NET,31.0,App Software Associations AppTrak.net,app software associations apptrak.net,1,1,0,0
O*NET,31.0,APPCA Personal Chef Office,appca personal chef office,1,1,0,0
O*NET,31.0,AppFolio Property Manager,appfolio property manager,1,1,0,0
O*NET,31.0,Appium,appium,1,1,0,1
O*NET,31.0,Apple AppleScript,apple applescript,1,1,0,0
O*NET,31.0,Apple AppleWorks,apple appleworks,4,4,0,0
O*NET,31.0,Apple Cocoa,apple cocoa,3,3,0,0
O*NET,31.0,Apple DrawBerry,apple drawberry,1,1,0,0
O*NET,31.0,Apple DVD Studio Pro,apple dvd studio pro,2,2,0,0
O*NET,31.0,Apple Final Cut Express,apple final cut express,2,2,0,0
O*NET,31.0,Apple Final Cut Pro,apple final cut pro,45,45,0,2
O*NET,31.0,Apple Final Cut Studio,apple final cut studio,1,1,0,0
O*NET,31.0,Apple GarageBand,apple garageband,1,1,0,0
O*NET,31.0,Apple iDVD,apple idvd,2,2,0,0
O*NET,31.0,Apple iMovie,apple imovie,9,9,0,0
O*NET,31.0,Apple iOS,apple ios,17,17,17,2
O*NET,31.0,Apple iPhoto,apple iphoto,2,2,0,0
O*NET,31.0,Apple iWork,apple iwork,2,2,0,0
O*NET,31.0,Apple iWork Keynote,apple iwork keynote,7,7,0,0
O*NET,31.0,Apple iWork Numbers,apple iwork numbers,2,2,0,0
O*NET,31.0,Apple iWork Pages,apple iwork pages,5,5,0,0
O*NET,31.0,Apple Keynote,apple keynote,17,17,0,0
O*NET,31.0,Apple Logic Pro,apple logic pro,2,2,0,0
O*NET,31.0,Apple macOS,apple macos,57,57,57,2
O*NET,31.0,Apple MainStage,apple mainstage,1,1,0,0
O*NET,31.0,Apple Numbers for Mac,apple numbers for mac,1,1,0,0
O*NET,31.0,Apple QuickTime,apple quicktime,4,4,0,0
O*NET,31.0,Apple Safari,apple safari,21,21,21,3
O*NET,31.0,Apple Shazam,apple shazam,1,1,0,0
O*NET,31.0,Apple Xsan,apple xsan,1,1,0,0
O*NET,31.0,Appletree,appletree,7,7,0,0
O*NET,31.0,AppliCad Roof Wizard,applicad roof wizard,2,2,0,0
O*NET,31.0,Applicant tracking software,applicant tracking software,6,6,0,3
O*NET,31.0,ApplicantPro iApplicants,applicantpro iapplicants,1,1,0,0
O*NET,31.0,Application management software,application management software,4,4,0,0
O*NET,31.0,Application Software SHEAR,application software shear,1,1,0,0
O*NET,31.0,Application-specific integrated circuit ASIC logic synthesis software,application-specific integrated circuit asic logic synthesis software,1,1,0,0
O*NET,31.0,Applied Biosystems GeneMapper,applied biosystems genemapper,1,1,0,0
O*NET,31.0,Applied Computer Systems JOBPOWER,applied computer systems jobpower,1,1,0,0
O*NET,31.0,Applied Flow Technology AFT Arrow,applied flow technology aft arrow,1,1,0,0
O*NET,31.0,Applied Flow Technology AFT Fathom,applied flow technology aft fathom,1,1,0,0
O*NET,31.0,Applied Imagery Quick Terrain Modeler,applied imagery quick terrain modeler,1,1,0,0
O*NET,31.0,Applied Production ProFab,applied production profab,1,1,0,0
O*NET,31.0,Applied Production ProFold,applied production profold,1,1,0,0
O*NET,31.0,Applied Search Technology CADFind,applied search technology cadfind,1,1,0,0
O*NET,31.0,Applied Software Technologies Asset Maintenance and Materials Management System,applied software technologies asset maintenance and materials management system,1,1,0,0
O*NET,31.0,Applied Systems Associates aSa Rebar,applied systems associates asa rebar,1,1,0,0
O*NET,31.0,Applied Systems The Agency Manager,applied systems the agency manager,1,1,0,0
O*NET,31.0,Applied Systems Vision,applied systems vision,2,2,0,0
O*NET,31.0,Appligent Citation FDFMerge,appligent citation fdfmerge,1,1,0,0
O*NET,31.0,Appointment scheduling software,appointment scheduling software,20,20,0,0
O*NET,31.0,Appointment Search,appointment search,1,1,0,0
O*NET,31.0,AppointmentQuest Online Appointment Manager,appointmentquest online appointment manager,1,1,0,0
O*NET,31.0,AppointmentQuest Online Appointment Scheduler,appointmentquest online appointment scheduler,1,1,0,0
O*NET,31.0,Appraisal software,appraisal software,1,1,0,0
O*NET,31.0,Aprimo Marketing,aprimo marketing,1,1,0,0
O*NET,31.0,Aptean Made2Manage,aptean made2manage,3,3,0,0
O*NET,31.0,Aptean Onyx CRM,aptean onyx crm,1,1,0,0
O*NET,31.0,Aptech Systems GAUSS,aptech systems gauss,7,7,0,0
O*NET,31.0,Apteryx Imaging Suite,apteryx imaging suite,1,1,0,0
O*NET,31.0,Aqsis Renderer,aqsis renderer,1,1,0,0
O*NET,31.0,AquaSoft Farm Manager,aquasoft farm manager,1,1,0,0
O*NET,31.0,Aquatic Plant Information Retrieval System APIRS,aquatic plant information retrieval system apirs,1,1,0,0
O*NET,31.0,Aquifer test software,aquifer test software,1,1,0,0
O*NET,31.0,ArbelSoft TailorMax,arbelsoft tailormax,1,1,0,0
O*NET,31.0,Arbita OnePost,arbita onepost,1,1,0,0
O*NET,31.0,Arbita OneWorld,arbita oneworld,1,1,0,0
O*NET,31.0,Arbor Image Draftsman,arbor image draftsman,1,1,0,0
O*NET,31.0,Arbutus Analyzer,arbutus analyzer,1,1,0,0
O*NET,31.0,ARC Logics Sword,arc logics sword,1,1,0,0
O*NET,31.0,Arc Second PocketCAD,arc second pocketcad,1,1,0,0
O*NET,31.0,ArcGIS Web AppBuilder,arcgis web appbuilder,1,1,0,0
O*NET,31.0,Archeological Sites Management Information System ASMIS,archeological sites management information system asmis,1,1,0,0
O*NET,31.0,Archer Compliance Management,archer compliance management,1,1,0,0
O*NET,31.0,Architectural Energy Corporation ENFORMA Building Diagnostics,architectural energy corporation enforma building diagnostics,2,2,0,0
O*NET,31.0,Architectural Energy Corporation REM/Rate,architectural energy corporation rem/rate,1,1,0,0
O*NET,31.0,Architectural Energy Corporation VisualDOE,architectural energy corporation visualdoe,1,1,0,0
O*NET,31.0,Architecture description language ADL,architecture description language adl,1,1,0,0
O*NET,31.0,Archival databases,archival databases,1,1,0,0
O*NET,31.0,ArchiveGrid,archivegrid,1,1,0,0
O*NET,31.0,Archives Wiki,archives wiki,1,1,0,0
O*NET,31.0,Archivists' Toolkit,archivists' toolkit,1,1,0,1
O*NET,31.0,Archon,archon,1,1,0,0
O*NET,31.0,Arcline ArcFreight,arcline arcfreight,1,1,0,0
O*NET,31.0,ARCOM Masterspec,arcom masterspec,1,1,0,0
O*NET,31.0,ArcSight Enterprise Threat and Risk Management,arcsight enterprise threat and risk management,4,4,0,0
O*NET,31.0,Ardexus Mode,ardexus mode,1,1,0,0
O*NET,31.0,Ardexus TASC,ardexus tasc,1,1,0,0
O*NET,31.0,ArduPilot Mission Planner,ardupilot mission planner,3,3,0,0
O*NET,31.0,Arena Health Systems Phys-X,arena health systems phys-x,1,1,0,0
O*NET,31.0,ArenaSoft Estimating,arenasoft estimating,1,1,0,0
O*NET,31.0,ARES Corporation PRISM Project Estimator,ares corporation prism project estimator,1,1,0,0
O*NET,31.0,ARfit,arfit,1,1,0,0
O*NET,31.0,Argos Software ABECAS Insight,argos software abecas insight,1,1,0,0
O*NET,31.0,Argos Software ABECAS Insight FMS,argos software abecas insight fms,1,1,0,0
O*NET,31.0,Argos Software ABECAS Insight WMS,argos software abecas insight wms,1,1,0,0
O*NET,31.0,Argosy Legal Systems Power Closer,argosy legal systems power closer,2,2,0,0
O*NET,31.0,Argus ONE Open Numerical Environments,argus one open numerical environments,1,1,0,0
O*NET,31.0,Argus Perceptual Mapper,argus perceptual mapper,1,1,0,0
O*NET,31.0,Aris Global Register,aris global register,1,1,0,0
O*NET,31.0,ARK Software Ark Shelter Software,ark software ark shelter software,1,1,0,0
O*NET,31.0,Arkenstone Atlas Speaks,arkenstone atlas speaks,1,1,0,0
O*NET,31.0,Arkitektia Flight Itinerary,arkitektia flight itinerary,1,1,0,0
O*NET,31.0,Armand Morin MultiTrack Generator,armand morin multitrack generator,1,1,0,0
O*NET,31.0,Armchair Machinist software,armchair machinist software,1,1,0,0
O*NET,31.0,ARMON Technologies XLActuary,armon technologies xlactuary,1,1,0,0
O*NET,31.0,Army Food Management Information System,army food management information system,1,1,0,0
O*NET,31.0,Arobas Music Guitar Pro,arobas music guitar pro,1,1,0,0
O*NET,31.0,Arpege Music Pizzicato,arpege music pizzicato,1,1,0,0
O*NET,31.0,Arping,arping,1,1,0,0
O*NET,31.0,Arrival Departure Information System ADIS,arrival departure information system adis,1,1,0,0
O*NET,31.0,Arrow Electronics N/Compass,arrow electronics n/compass,1,1,0,0
O*NET,31.0,ARSoftware WinSMAC,arsoftware winsmac,1,1,0,0
O*NET,31.0,ArticSoft FileAssurity,articsoft fileassurity,1,1,0,0
O*NET,31.0,Articulate 360,articulate 360,1,1,0,0
O*NET,31.0,Articulate Rapid E-Learning Studio,articulate rapid e-learning studio,4,4,0,0
O*NET,31.0,Articulate Storyline,articulate storyline,1,1,0,1
O*NET,31.0,Artifice DesignWorkshop,artifice designworkshop,1,1,0,0
O*NET,31.0,Artificial intelligence software,artificial intelligence software,1,1,0,0
O*NET,31.0,Artisan Studio,artisan studio,1,1,0,0
O*NET,31.0,Arts & Letters Express,arts & letters express,1,1,0,0
O*NET,31.0,Artsco OrthoPro Complete,artsco orthopro complete,1,1,0,0
O*NET,31.0,ArtScope.net eArtist,artscope.net eartist,1,1,0,0
O*NET,31.0,Artsystems Collections,artsystems collections,1,1,0,0
O*NET,31.0,Aruba Networks AirWave,aruba networks airwave,1,1,0,0
O*NET,31.0,AS Software AS-OBGYN,as software as-obgyn,1,1,0,0
O*NET,31.0,AS/400 Database,as/400 database,4,4,0,0
O*NET,31.0,Asana,asana,5,5,5,0
O*NET,31.0,Ascend Property Assessment,ascend property assessment,2,2,0,0
O*NET,31.0,Ascensio Systems TeamLab,ascensio systems teamlab,1,1,0,0
O*NET,31.0,Ascentis Employee Self-Service,ascentis employee self-service,1,1,0,0
O*NET,31.0,Ascentis HR,ascentis hr,2,2,0,0
O*NET,31.0,ASG Technologies ASG-Zeke,asg technologies asg-zeke,2,2,0,0
O*NET,31.0,Ashkon Translation Pad,ashkon translation pad,1,1,0,0
O*NET,31.0,Ashlar-Vellum Cobalt,ashlar-vellum cobalt,1,1,0,0
O*NET,31.0,Ashlar-Vellum Graphite,ashlar-vellum graphite,1,1,0,0
O*NET,31.0,Ashley Software Writer's Blocks,ashley software writer's blocks,1,1,0,0
O*NET,31.0,ASI Client Acquisition Solution,asi client acquisition solution,1,1,0,0
O*NET,31.0,ASI DATAMYTE GageMetrics,asi datamyte gagemetrics,1,1,0,0
O*NET,31.0,ASI DATAMYTE QDA,asi datamyte qda,1,1,0,0
O*NET,31.0,ASI FrontDesk,asi frontdesk,1,1,0,0
O*NET,31.0,ASI Point of Sale,asi point of sale,2,2,0,0
O*NET,31.0,ASIDATAMYTE DataMetrics,asidatamyte datametrics,1,1,0,0
O*NET,31.0,Askia Design,askia design,1,1,0,0
O*NET,31.0,Askia Vista,askia vista,1,1,0,0
O*NET,31.0,Askia Web,askia web,1,1,0,0
O*NET,31.0,Askiaanalyse,askiaanalyse,1,1,0,0
O*NET,31.0,Askiaface,askiaface,1,1,0,0
O*NET,31.0,Askiavoice,askiavoice,1,1,0,0
O*NET,31.0,askSam Systems SurfSaver,asksam systems surfsaver,1,1,0,0
O*NET,31.0,ASL HR Director,asl hr director,1,1,0,0
O*NET,31.0,Aspect Loss Prevention Aspect EliteLP,aspect loss prevention aspect elitelp,1,1,0,0
O*NET,31.0,ASPEN,aspen,1,1,0,0
O*NET,31.0,Aspen Graphics Technical Analysis Software,aspen graphics technical analysis software,3,3,0,0
O*NET,31.0,ASPEN PLUS,aspen plus,1,1,0,0
O*NET,31.0,AspenTech Aspen InfoPlus,aspentech aspen infoplus,1,1,0,0
O*NET,31.0,AspenTech aspenONE,aspentech aspenone,1,1,0,0
O*NET,31.0,AspenTech HYSYS,aspentech hysys,2,2,0,0
O*NET,31.0,Asprova,asprova,1,1,0,0
O*NET,31.0,Aspyra CyberLAB,aspyra cyberlab,2,2,0,0
O*NET,31.0,Aspyra CyberPATH,aspyra cyberpath,1,1,0,0
O*NET,31.0,ASR Software LWC-Plus,asr software lwc-plus,1,1,0,0
O*NET,31.0,ASR Software Taper-Plus,asr software taper-plus,1,1,0,0
O*NET,31.0,ASR Software TopView LE,asr software topview le,1,1,0,0
O*NET,31.0,ASR Software TopView ME,asr software topview me,1,1,0,0
O*NET,31.0,Assembla,assembla,1,1,0,0
O*NET,31.0,Assembly line balancing software,assembly line balancing software,1,1,0,0
O*NET,31.0,Assessment software,assessment software,1,1,0,0
O*NET,31.0,Assessment Systems Corporation XCALIBRE,assessment systems corporation xcalibre,1,1,0,0
O*NET,31.0,Asset allocation software,asset allocation software,1,1,0,0
O*NET,31.0,ASSET JTAG ScanWorks,asset jtag scanworks,1,1,0,0
O*NET,31.0,Asset management administration software,asset management administration software,1,1,0,0
O*NET,31.0,Asset management software,asset management software,2,2,0,0
O*NET,31.0,Assisi Compiler,assisi compiler,2,2,0,0
O*NET,31.0,Assisi Forest,assisi forest,1,1,0,0
O*NET,31.0,Assisi Inventory,assisi inventory,1,1,0,0
O*NET,31.0,Assisi Software Assisi Inventory,assisi software assisi inventory,1,1,0,0
O*NET,31.0,Assisi Software Assisi Manager,assisi software assisi manager,1,1,0,0
O*NET,31.0,Assisi Software Assisi Resource,assisi software assisi resource,1,1,0,0
O*NET,31.0,Assistant Software for Antimicrobial Susceptibility Interpretation ASASI,assistant software for antimicrobial susceptibility interpretation asasi,1,1,0,0
O*NET,31.0,Assisted model building with energy refinement AMBER,assisted model building with energy refinement amber,1,1,0,0
O*NET,31.0,Association for Computing Machinery Digital Library,association for computing machinery digital library,1,1,0,0
O*NET,31.0,Assured Software JPP,assured software jpp,2,2,0,0
O*NET,31.0,AssurX CATSWeb,assurx catsweb,1,1,0,0
O*NET,31.0,AssurX Financial Services Compliance Management System,assurx financial services compliance management system,1,1,0,0
O*NET,31.0,AST Staff Matrix,ast staff matrix,1,1,0,0
O*NET,31.0,Aster Data nCluster,aster data ncluster,1,1,0,0
O*NET,31.0,Astronomical Image Processing for Windows AIP4WIN,astronomical image processing for windows aip4win,1,1,0,0
O*NET,31.0,Astronomical Image Processing System AIPS,astronomical image processing system aips,1,1,0,0
O*NET,31.0,Astronomical information processing system AIPS++,astronomical information processing system aips++,1,1,0,0
O*NET,31.0,Astute Solutions PowerCenter,astute solutions powercenter,1,1,0,0
O*NET,31.0,Asure Software HCM,asure software hcm,2,2,0,0
O*NET,31.0,At Your Service Software At Your Service Repair,at your service software at your service repair,1,1,0,0
O*NET,31.0,At Your Service Software CostGuard,at your service software costguard,1,1,0,0
O*NET,31.0,AT&T Troff,at&t troff,1,1,0,0
O*NET,31.0,ATD protocol,atd protocol,1,1,0,0
O*NET,31.0,Athena Software Penelope Case Management,athena software penelope case management,3,3,0,0
O*NET,31.0,athenahealth athenaCollector,athenahealth athenacollector,9,9,0,0
O*NET,31.0,Atlas Business Solutions Staff Files,atlas business solutions staff files,2,2,0,0
O*NET,31.0,Atlas Construction Business Forms,atlas construction business forms,3,3,0,0
O*NET,31.0,Atlas Search,atlas search,1,1,0,0
O*NET,31.0,ATLAS.ti,atlas.ti,1,1,0,0
O*NET,31.0,Atlassian Bamboo,atlassian bamboo,20,20,0,0
O*NET,31.0,Atlassian Bitbucket,atlassian bitbucket,4,4,4,0
O*NET,31.0,Atlassian Confluence,atlassian confluence,34,34,34,2
O*NET,31.0,Atlassian HipChat,atlassian hipchat,1,1,0,0
O*NET,31.0,Atlassian JIRA,atlassian jira,53,53,53,14
O*NET,31.0,ATMS StockTrack PLUS,atms stocktrack plus,1,1,0,0
O*NET,31.0,Atoll GeoCAD,atoll geocad,1,1,0,0
O*NET,31.0,Atria smoke management engineering tools ASMET,atria smoke management engineering tools asmet,1,1,0,0
O*NET,31.0,Atrion Intelligent Authoring,atrion intelligent authoring,1,1,0,0
O*NET,31.0,AtStaff Physician Scheduler,atstaff physician scheduler,1,1,0,0
O*NET,31.0,AtTask,attask,1,1,0,0
O*NET,31.0,Attendance tracking software,attendance tracking software,1,1,0,0
O*NET,31.0,Atterbury Consultants SuperAce,atterbury consultants superace,1,1,0,0
O*NET,31.0,Atterbury Consultants SuperACE/FLIPS,atterbury consultants superace/flips,1,1,0,0
O*NET,31.0,Attitude POS itive AccuPOS Retail,attitude pos itive accupos retail,2,2,0,0
O*NET,31.0,ATX Total Accounting Office,atx total accounting office,3,3,0,0
O*NET,31.0,ATX Total Engagement Office,atx total engagement office,2,2,0,0
O*NET,31.0,ATX Total Tax Office,atx total tax office,2,2,0,0
O*NET,31.0,Auburn Software Debit Square,auburn software debit square,1,1,0,0
O*NET,31.0,Audacity,audacity,5,5,0,0
O*NET,31.0,AudienceView Ticketing,audienceview ticketing,1,1,0,0
O*NET,31.0,Audio calibration software,audio calibration software,2,2,0,0
O*NET,31.0,Audio Chaos Soundscape Generator,audio chaos soundscape generator,1,1,0,0
O*NET,31.0,Audio editing software,audio editing software,2,2,0,0
O*NET,31.0,Audion Laboratories VoxPro,audion laboratories voxpro,3,3,0,0
O*NET,31.0,AudioScribe SpeechCAT,audioscribe speechcat,1,1,0,0
O*NET,31.0,Audit management software,audit management software,1,1,0,0
O*NET,31.0,Audit planning and control environment software,audit planning and control environment software,1,1,0,0
O*NET,31.0,AUDIT-C,audit-c,1,1,0,0
O*NET,31.0,Audit2 AdaptiveGRC,audit2 adaptivegrc,1,1,0,0
O*NET,31.0,Auditing software,auditing software,2,2,0,0
O*NET,31.0,AuditWare CaseWare Examiner,auditware caseware examiner,1,1,0,0
O*NET,31.0,AuditWare financial reporting and auditing software,auditware financial reporting and auditing software,2,2,0,0
O*NET,31.0,Audiveris,audiveris,1,1,0,0
O*NET,31.0,Augmint,augmint,1,1,0,0
O*NET,31.0,August Systems Visit Wizard,august systems visit wizard,1,1,0,0
O*NET,31.0,Aurora FoodPro,aurora foodpro,2,2,0,0
O*NET,31.0,Aurora HelioScope,aurora helioscope,1,1,0,1
O*NET,31.0,Austin Logistics CallSelect,austin logistics callselect,2,2,0,0
O*NET,31.0,Austin Logistics CallTech,austin logistics calltech,1,1,0,0
O*NET,31.0,Austin Logistics Valeo,austin logistics valeo,1,1,0,0
O*NET,31.0,Author-it,author-it,1,1,0,0
O*NET,31.0,Authoria Adviser,authoria adviser,1,1,0,0
O*NET,31.0,Auto3DEM,auto3dem,1,1,0,0
O*NET,31.0,AutoClaims Direct DirectLink,autoclaims direct directlink,1,1,0,0
O*NET,31.0,Autocoders,autocoders,1,1,0,0
O*NET,31.0,AutoCrit Editing Wizard,autocrit editing wizard,3,3,0,0
O*NET,31.0,Autodesk 3D Studio Design,autodesk 3d studio design,2,2,0,0
O*NET,31.0,Autodesk 3d Studio Viz,autodesk 3d studio viz,2,2,0,0
O*NET,31.0,Autodesk 3ds Max,autodesk 3ds max,8,8,0,0
O*NET,31.0,Autodesk 3ds Max Design,autodesk 3ds max design,5,5,0,0
O*NET,31.0,Autodesk Algor Simulation,autodesk algor simulation,2,2,0,0
O*NET,31.0,Autodesk Alias Automotive,autodesk alias automotive,1,1,0,0
O*NET,31.0,Autodesk Alias Design,autodesk alias design,1,1,0,0
O*NET,31.0,Autodesk Alias Surface,autodesk alias surface,1,1,0,0
O*NET,31.0,Autodesk AliasStudio,autodesk aliasstudio,1,1,0,0
O*NET,31.0,Autodesk Architectural Desktop,autodesk architectural desktop,2,2,0,0
O*NET,31.0,Autodesk Architectural Studio,autodesk architectural studio,1,1,0,0
O*NET,31.0,Autodesk AutoCAD,autodesk autocad,171,171,171,39
O*NET,31.0,Autodesk AutoCAD Blue Sky,autodesk autocad blue sky,2,2,0,0
O*NET,31.0,Autodesk AutoCAD Civil 3D,autodesk autocad civil 3d,30,30,30,9
O*NET,31.0,Autodesk AutoCAD Design Suite,autodesk autocad design suite,1,1,0,0
O*NET,31.0,Autodesk AutoCAD Land Desktop,autodesk autocad land desktop,1,1,0,0
O*NET,31.0,Autodesk AutoCAD LT,autodesk autocad lt,2,2,0,0
O*NET,31.0,Autodesk AutoCAD Map 3D,autodesk autocad map 3d,3,3,0,0
O*NET,31.0,Autodesk AutoCAD Mechanical,autodesk autocad mechanical,4,4,0,0
O*NET,31.0,Autodesk Building Systems,autodesk building systems,1,1,0,0
O*NET,31.0,Autodesk CAiCE Visual Transportation,autodesk caice visual transportation,2,2,0,0
O*NET,31.0,Autodesk Combustion,autodesk combustion,1,1,0,0
O*NET,31.0,Autodesk Ecotect,autodesk ecotect,1,1,0,0
O*NET,31.0,Autodesk Ecotect Analysis,autodesk ecotect analysis,1,1,0,0
O*NET,31.0,Autodesk Fusion 360,autodesk fusion 360,2,2,0,1
O*NET,31.0,Autodesk HSMWorks,autodesk hsmworks,2,2,0,0
O*NET,31.0,Autodesk Inventor,autodesk inventor,9,9,0,1
O*NET,31.0,Autodesk Land Desktop,autodesk land desktop,7,7,0,0
O*NET,31.0,Autodesk MapGuide,autodesk mapguide,1,1,0,0
O*NET,31.0,Autodesk Maya,autodesk maya,14,14,0,3
O*NET,31.0,Autodesk Mechanical,autodesk mechanical,1,1,0,0
O*NET,31.0,Autodesk MotionBuilder,autodesk motionbuilder,2,2,0,0
O*NET,31.0,Autodesk Mudbox,autodesk mudbox,3,3,0,0
O*NET,31.0,Autodesk Navisworks,autodesk navisworks,4,4,0,4
O*NET,31.0,Autodesk PartMaker,autodesk partmaker,1,1,0,0
O*NET,31.0,Autodesk PowerMill,autodesk powermill,1,1,0,0
O*NET,31.0,Autodesk PowerShape,autodesk powershape,1,1,0,0
O*NET,31.0,Autodesk Revit,autodesk revit,40,40,40,14
O*NET,31.0,Autodesk Revit Architecture,autodesk revit architecture,2,2,0,0
O*NET,31.0,Autodesk Scaleform,autodesk scaleform,1,1,0,0
O*NET,31.0,Autodesk SketchBook Pro,autodesk sketchbook pro,3,3,0,0
O*NET,31.0,Autodesk Smoke,autodesk smoke,1,1,0,0
O*NET,31.0,Autodesk Softdesk,autodesk softdesk,2,2,0,0
O*NET,31.0,Autodesk SoftImage,autodesk softimage,1,1,0,0
O*NET,31.0,Autodesk Topobase,autodesk topobase,1,1,0,0
O*NET,31.0,Autodesk VIZ,autodesk viz,2,2,0,0
O*NET,31.0,Autodesk World,autodesk world,1,1,0,0
O*NET,31.0,AutoDesSys form Z,autodessys form z,5,5,0,0
O*NET,31.0,Automate the Schools ATS,automate the schools ats,2,2,0,0
O*NET,31.0,Automated audit trail analysis software,automated audit trail analysis software,1,1,0,0
O*NET,31.0,Automated auditors fraud detector software,automated auditors fraud detector software,1,1,0,0
O*NET,31.0,Automated billing software,automated billing software,1,1,0,0
O*NET,31.0,Automated Biometric Identification System ABIS,automated biometric identification system abis,1,1,0,0
O*NET,31.0,Automated circulation systems,automated circulation systems,1,1,0,0
O*NET,31.0,Automated clinical information systems,automated clinical information systems,1,1,0,0
O*NET,31.0,Automated commercial environment software ACE,automated commercial environment software ace,1,1,0,0
O*NET,31.0,Automated Data Collection System ADCS,automated data collection system adcs,1,1,0,0
O*NET,31.0,Automated document generation software,automated document generation software,1,1,0,0
O*NET,31.0,Automated equipment identification AEI software,automated equipment identification aei software,1,1,0,0
O*NET,31.0,Automated expense reporting system software,automated expense reporting system software,1,1,0,0
O*NET,31.0,Automated financial software,automated financial software,1,1,0,0
O*NET,31.0,Automated Geospatial Watershed Assessment AGWA,automated geospatial watershed assessment agwa,1,1,0,0
O*NET,31.0,Automated information system software,automated information system software,2,2,0,0
O*NET,31.0,Automated installation software,automated installation software,8,8,0,0
O*NET,31.0,Automated inventory software,automated inventory software,4,4,0,0
O*NET,31.0,Automated Manifest System AMS,automated manifest system ams,1,1,0,0
O*NET,31.0,Automated manifest system software,automated manifest system software,1,1,0,0
O*NET,31.0,Automated material handling software,automated material handling software,1,1,0,0
O*NET,31.0,Automated media tracking software,automated media tracking software,1,1,0,0
O*NET,31.0,Automated National Catalog System ANCS,automated national catalog system ancs,1,1,0,0
O*NET,31.0,Automated Neuropsychological Metric Assessments Battery,automated neuropsychological metric assessments battery,2,2,0,0
O*NET,31.0,Automated Package Processing System APPS,automated package processing system apps,1,1,0,0
O*NET,31.0,Automated payroll software,automated payroll software,1,1,0,0
O*NET,31.0,Automated permit system software,automated permit system software,1,1,0,0
O*NET,31.0,Automated purchase order software,automated purchase order software,1,1,0,0
O*NET,31.0,Automated radar terminal systems ARTS,automated radar terminal systems arts,1,1,0,0
O*NET,31.0,Automated system for customs data ASYCUDA,automated system for customs data asycuda,1,1,0,0
O*NET,31.0,Automated systems software,automated systems software,1,1,0,0
O*NET,31.0,Automated Targeting System ATS,automated targeting system ats,1,1,0,0
O*NET,31.0,Automated tax system software,automated tax system software,1,1,0,0
O*NET,31.0,Automated timekeeping software,automated timekeeping software,1,1,0,0
O*NET,31.0,Automated underwriting software,automated underwriting software,1,1,0,0
O*NET,31.0,Automatic call distribution software,automatic call distribution software,1,1,0,0
O*NET,31.0,Automatic Data Processing AdvancedMD EHR,automatic data processing advancedmd ehr,9,9,0,0
O*NET,31.0,Automatic Data Processing Autosource,automatic data processing autosource,1,1,0,0
O*NET,31.0,Automatic Data Processing Claims Manager & Dispatch,automatic data processing claims manager & dispatch,1,1,0,0
O*NET,31.0,Automatic Data Processing Estimating,automatic data processing estimating,1,1,0,0
O*NET,31.0,Automatic Data Processing PC payroll for windows PCPW,automatic data processing pc payroll for windows pcpw,1,1,0,0
O*NET,31.0,Automatic Data Processing ProxyEdge,automatic data processing proxyedge,1,1,0,0
O*NET,31.0,Automatic dynamic incremental nonlinear analysis ADINA,automatic dynamic incremental nonlinear analysis adina,1,1,0,0
O*NET,31.0,Automatic Forecasting Systems Autobox,automatic forecasting systems autobox,1,1,0,0
O*NET,31.0,Automatic routing software,automatic routing software,1,1,0,0
O*NET,31.0,Automatic test program generation ATPG,automatic test program generation atpg,1,1,0,0
O*NET,31.0,Automation Centre Personnel Tracker,automation centre personnel tracker,1,1,0,0
O*NET,31.0,Automation Centre TrackerSuite.Net,automation centre trackersuite.net,1,1,0,0
O*NET,31.0,Automation Counselors municiPAL,automation counselors municipal,2,2,0,0
O*NET,31.0,Automation Studio,automation studio,1,1,0,0
O*NET,31.0,Automotive and Accounting Software by R*KOM Invoice Writer,automotive and accounting software by r*kom invoice writer,1,1,0,0
O*NET,31.0,Autonomy iManage WorkSite,autonomy imanage worksite,1,1,0,0
O*NET,31.0,Autopilot software,autopilot software,1,1,0,0
O*NET,31.0,Autopsy information databases,autopsy information databases,1,1,0,0
O*NET,31.0,AutoQ3D,autoq3d,1,1,0,0
O*NET,31.0,AutoQuant AutoDeblur,autoquant autodeblur,1,1,0,0
O*NET,31.0,Autotask,autotask,1,1,0,0
O*NET,31.0,AutoZone ALLDATA,autozone alldata,2,2,0,0
O*NET,31.0,Auxillium West HRnetSource,auxillium west hrnetsource,1,1,0,0
O*NET,31.0,Avaaz Innovations AphasiaMate,avaaz innovations aphasiamate,1,1,0,0
O*NET,31.0,Avaaz Innovations Computerized Speech Research Environment CSRE,avaaz innovations computerized speech research environment csre,1,1,0,0
O*NET,31.0,Avaaz Innovations Interactive Voice Analysis System IVANS,avaaz innovations interactive voice analysis system ivans,1,1,0,0
O*NET,31.0,Availability prediction modeling software,availability prediction modeling software,2,2,0,0
O*NET,31.0,Available Safe Egress Time ASET,available safe egress time aset,1,1,0,0
O*NET,31.0,Avalara AvaTax ST,avalara avatax st,1,1,0,0
O*NET,31.0,Avaya Identity Engines,avaya identity engines,2,2,0,0
O*NET,31.0,Avenista Table Reservations,avenista table reservations,1,1,0,0
O*NET,31.0,Aveva Group Plant Design Management System PDMS,aveva group plant design management system pdms,1,1,0,0
O*NET,31.0,AVEVA InTouch HMI,aveva intouch hmi,9,9,0,0
O*NET,31.0,Avid Digidesign Pro Tools,avid digidesign pro tools,2,2,0,0
O*NET,31.0,Avid Media Composer,avid media composer,1,1,0,0
O*NET,31.0,Avid Pro Tools,avid pro tools,3,3,0,0
O*NET,31.0,Avid Technology audio visual editing software,avid technology audio visual editing software,5,5,0,0
O*NET,31.0,Avid Technology iNEWS,avid technology inews,4,4,0,0
O*NET,31.0,Avid Technology Media Composer,avid technology media composer,6,6,0,0
O*NET,31.0,Avid Technology NewsCutter,avid technology newscutter,1,1,0,0
O*NET,31.0,Avid Technology Pinnacle Studio,avid technology pinnacle studio,1,1,0,0
O*NET,31.0,Avid Technology Pro Tools,avid technology pro tools,9,9,0,0
O*NET,31.0,Avid Technology Sibelius,avid technology sibelius,3,3,0,0
O*NET,31.0,Avidian Technologies Prophet,avidian technologies prophet,4,4,0,0
O*NET,31.0,Avionics system testing software,avionics system testing software,1,1,0,0
O*NET,31.0,Avis Fits Viewer,avis fits viewer,1,1,0,0
O*NET,31.0,AVL AVL CRUISE,avl avl cruise,1,1,0,0
O*NET,31.0,Avreo Radiology Workflow Solutions,avreo radiology workflow solutions,1,1,0,0
O*NET,31.0,AWK,awk,3,3,0,0
O*NET,31.0,AWS Elastic MapReduce (EMR),aws elastic mapreduce (emr),1,1,0,0
O*NET,31.0,Axentis Compliance Management,axentis compliance management,1,1,0,0
O*NET,31.0,Axios Systems assyst,axios systems assyst,1,1,0,0
O*NET,31.0,Axistive BigShot Screen Magnifier,axistive bigshot screen magnifier,1,1,0,0
O*NET,31.0,Axonwave Fraud and Abuse Management System,axonwave fraud and abuse management system,1,1,0,0
O*NET,31.0,Axure RP,axure rp,1,1,0,0
O*NET,31.0,Axway eSubmissions,axway esubmissions,1,1,0,0
O*NET,31.0,Axxya Systems Nutritionist Pro,axxya systems nutritionist pro,4,4,0,0
O*NET,31.0,Aya Associates Comp-U-Floor,aya associates comp-u-floor,4,4,0,0
O*NET,31.0,Azalea Health Azalea EHR,azalea health azalea ehr,2,2,0,0
O*NET,31.0,Azemus FS,azemus fs,1,1,0,0
O*NET,31.0,Aztec,aztec,1,1,0,0
O*NET,31.0,AzTechSoft GPS2CAD,aztechsoft gps2cad,1,1,0,0
O*NET,31.0,AZZ CardFile,azz cardfile,1,1,0,0
O*NET,31.0,B Sharp Technologies B Care,b sharp technologies b care,1,1,0,0
O*NET,31.0,B&I Computer Consultants Childcare Sage,b&i computer consultants childcare sage,1,1,0,0
O*NET,31.0,B&W Port Scanner,b&w port scanner,1,1,0,0
O*NET,31.0,B-Method,b-method,3,3,0,0
O*NET,31.0,Babcock Winx Pro,babcock winx pro,1,1,0,0
O*NET,31.0,Babylon Online Translator,babylon online translator,1,1,0,0
O*NET,31.0,Backbone.js,backbone.js,15,15,0,0
O*NET,31.0,Background checking software,background checking software,1,1,0,0
O*NET,31.0,Backup and archival software,backup and archival software,3,3,0,0
O*NET,31.0,BAE Systems SOCET GXP,bae systems socet gxp,1,1,0,0
O*NET,31.0,BAE Systems SOCET SET,bae systems socet set,1,1,0,0
O*NET,31.0,Balsamiq Studios Balsamiq Mockups,balsamiq studios balsamiq mockups,1,1,0,0
O*NET,31.0,Bankers Systems Rembrandt Lending System,bankers systems rembrandt lending system,1,1,0,0
O*NET,31.0,Barcode labeling software,barcode labeling software,1,1,0,0
O*NET,31.0,Barcode reader software,barcode reader software,1,1,0,0
O*NET,31.0,Barcode software,barcode software,1,1,0,0
O*NET,31.0,BarControl Enterprise Manager iBEM,barcontrol enterprise manager ibem,1,1,0,0
O*NET,31.0,Bare Bones Software BBEdit,bare bones software bbedit,2,2,0,0
O*NET,31.0,Bargaining Power,bargaining power,1,1,0,0
O*NET,31.0,Baron Services FasTrac,baron services fastrac,1,1,0,0
O*NET,31.0,Baron Volumetric Imaging and Processing of Integrated Radar VIPIR,baron volumetric imaging and processing of integrated radar vipir,1,1,0,0
O*NET,31.0,Barrington Software CookenPro,barrington software cookenpro,1,1,0,0
O*NET,31.0,Barrington Software CookenPro Commercial,barrington software cookenpro commercial,2,2,0,0
O*NET,31.0,Basecamp,basecamp,3,3,0,0
O*NET,31.0,Bash,bash,35,35,35,6
O*NET,31.0,Bashen EEOFedSoft,bashen eeofedsoft,1,1,0,0
O*NET,31.0,Bashen EEOSoft,bashen eeosoft,1,1,0,0
O*NET,31.0,Bashen LinkLine,bashen linkline,1,1,0,0
O*NET,31.0,Basic Local Alignment Search Tool BLAST,basic local alignment search tool blast,6,6,0,0
O*NET,31.0,Basic Music Composer,basic music composer,1,1,0,0
O*NET,31.0,Basis BBx VisualPRO/5,basis bbx visualpro/5,1,1,0,0
O*NET,31.0,BCCORP Burkitt W5,bccorp burkitt w5,1,1,0,0
O*NET,31.0,BCCORP W5 for Adjusters,bccorp w5 for adjusters,1,1,0,0
O*NET,31.0,BCL Landview Systems WinCrop,bcl landview systems wincrop,2,2,0,0
O*NET,31.0,BCS Woodlands Software The Logger Tracker,bcs woodlands software the logger tracker,2,2,0,0
O*NET,31.0,BCS Woodlands Software Woodlands Tracker,bcs woodlands software woodlands tracker,1,1,0,0
O*NET,31.0,BCS Woodlands Systems The Logger Tracker,bcs woodlands systems the logger tracker,1,1,0,0
O*NET,31.0,BD Biosciences CellQuest,bd biosciences cellquest,2,2,0,0
O*NET,31.0,BD Biosciences CloneCyt,bd biosciences clonecyt,1,1,0,0
O*NET,31.0,BEA Tuxedo,bea tuxedo,1,1,0,0
O*NET,31.0,Beam analysis software,beam analysis software,1,1,0,0
O*NET,31.0,BeamChek,beamchek,1,1,0,0
O*NET,31.0,Beaver Creek Software The THERAPIST,beaver creek software the therapist,2,2,0,0
O*NET,31.0,Bechtel Software SETROUTE,bechtel software setroute,1,1,0,0
O*NET,31.0,Beck Anxiety Inventory,beck anxiety inventory,1,1,0,0
O*NET,31.0,Beck Depression Inventory,beck depression inventory,1,1,0,0
O*NET,31.0,Bed Management Suite,bed management suite,1,1,0,0
O*NET,31.0,Beeline Learning Management System LMS,beeline learning management system lms,2,2,0,0
O*NET,31.0,Beginner's all-purpose symbolic instruction code BASIC,beginner's all-purpose symbolic instruction code basic,4,4,0,0
O*NET,31.0,BehavePlus,behaveplus,2,2,0,0
O*NET,31.0,Behavioral Assessment and Research System BARS,behavioral assessment and research system bars,2,2,0,0
O*NET,31.0,Beige Bag Software B2 Spice,beige bag software b2 spice,1,1,0,0
O*NET,31.0,Bella FSM Auto Detailing Service Software,bella fsm auto detailing service software,1,1,0,0
O*NET,31.0,Belmar & Associates Mortware,belmar & associates mortware,3,3,0,0
O*NET,31.0,BEMAS PayDirect,bemas paydirect,1,1,0,0
O*NET,31.0,Ben Meadows Yeoman Expedition,ben meadows yeoman expedition,1,1,0,0
O*NET,31.0,Benaissance COBRApoint,benaissance cobrapoint,1,1,0,0
O*NET,31.0,BenAssist,benassist,1,1,0,0
O*NET,31.0,Benchmark Systems Benchmark Clinical EHR,benchmark systems benchmark clinical ehr,9,9,0,0
O*NET,31.0,Benefit Plan Systems Corporation The Plan Administrator,benefit plan systems corporation the plan administrator,1,1,0,0
O*NET,31.0,Benefit Software Fringe Facts,benefit software fringe facts,1,1,0,0
O*NET,31.0,BenefitFocus HR in Touch,benefitfocus hr in touch,1,1,0,0
O*NET,31.0,Benefits Technology Group SalesLogix,benefits technology group saleslogix,1,1,0,0
O*NET,31.0,BeneLink Connect,benelink connect,1,1,0,0
O*NET,31.0,Benelogic,benelogic,1,1,0,0
O*NET,31.0,Benetech PRA,benetech pra,1,1,0,0
O*NET,31.0,BeneXL Technologies Pension Administration System,benexl technologies pension administration system,1,1,0,0
O*NET,31.0,Benfield ReMetrica,benfield remetrica,1,1,0,0
O*NET,31.0,Bentley AutoPLANT,bentley autoplant,1,1,0,0
O*NET,31.0,Bentley GeoPak Bridge,bentley geopak bridge,4,4,0,0
O*NET,31.0,Bentley GEOPAK Civil Engineering Suite,bentley geopak civil engineering suite,3,3,0,0
O*NET,31.0,Bentley Haestad Methods CivilStorm,bentley haestad methods civilstorm,1,1,0,0
O*NET,31.0,Bentley I/RAS B,bentley i/ras b,1,1,0,0
O*NET,31.0,Bentley InRoads Suite,bentley inroads suite,3,3,0,0
O*NET,31.0,Bentley MicroStation,bentley microstation,48,48,48,10
O*NET,31.0,Bentley Navigator,bentley navigator,1,1,0,0
O*NET,31.0,Bentley PlantSpace SupportModeler,bentley plantspace supportmodeler,1,1,0,0
O*NET,31.0,Bentley SewerCAD,bentley sewercad,1,1,0,0
O*NET,31.0,Bentley STAAD,bentley staad,3,3,0,0
O*NET,31.0,Bentley StormCAD,bentley stormcad,1,1,0,0
O*NET,31.0,Bentley Systems AutoPIPE,bentley systems autopipe,1,1,0,0
O*NET,31.0,Bentley Systems gINT,bentley systems gint,2,2,0,0
O*NET,31.0,Bentley Systems InRoads Suite,bentley systems inroads suite,5,5,0,0
O*NET,31.0,Bentley Systems ProjectWise,bentley systems projectwise,3,3,0,0
O*NET,31.0,Bentley Transportation Data Manager,bentley transportation data manager,1,1,0,0
O*NET,31.0,Bentley WaterCAD,bentley watercad,2,2,0,0
O*NET,31.0,Berkeley Algorithm for Breaking Window Glass in a Compartment Fire BREAK1,berkeley algorithm for breaking window glass in a compartment fire break1,1,1,0,0
O*NET,31.0,Berkeley Internet Domain Name BIND,berkeley internet domain name bind,3,3,0,0
O*NET,31.0,Berkshire Associates BALANCEaap,berkshire associates balanceaap,1,1,0,0
O*NET,31.0,BERMUDA nuclear transport computer codes,bermuda nuclear transport computer codes,1,1,0,0
O*NET,31.0,BESA EEGFocus,besa eegfocus,1,1,0,0
O*NET,31.0,Best Case Solutions Best Case Bankruptcy,best case solutions best case bankruptcy,1,1,0,0
O*NET,31.0,Best Linear Unbiased Prediction BLUP,best linear unbiased prediction blup,1,1,0,0
O*NET,31.0,Best MIP Fund Accounting,best mip fund accounting,2,2,0,0
O*NET,31.0,Best Software CPAPayroll,best software cpapayroll,1,1,0,0
O*NET,31.0,Bi3 Audit Intelligence,bi3 audit intelligence,1,1,0,0
O*NET,31.0,Bi3 Financial Statement Fraud Analysis,bi3 financial statement fraud analysis,1,1,0,0
O*NET,31.0,Bibase 4POS Retail,bibase 4pos retail,2,2,0,0
O*NET,31.0,Bid Assistant,bid assistant,1,1,0,0
O*NET,31.0,Biddle Adverse Impact Toolkit,biddle adverse impact toolkit,1,1,0,0
O*NET,31.0,Biddle AutoAAP,biddle autoaap,1,1,0,0
O*NET,31.0,Bidirectional encoder representations from transformers (BERT),bidirectional encoder representations from transformers (bert),1,1,0,0
O*NET,31.0,BidMaster,bidmaster,1,1,0,0
O*NET,31.0,Bigloo Scheme,bigloo scheme,3,3,0,0
O*NET,31.0,BigQuery,bigquery,1,1,0,0
O*NET,31.0,Bilko,bilko,1,1,0,0
O*NET,31.0,Bill of lading software,bill of lading software,3,3,0,0
O*NET,31.0,Bill of materials software,bill of materials software,3,3,0,0
O*NET,31.0,Bill review software,bill review software,1,1,0,0
O*NET,31.0,Billing and reimbursement software,billing and reimbursement software,1,1,0,0
O*NET,31.0,Billing software,billing software,22,22,0,0
O*NET,31.0,Bills of lading software,bills of lading software,1,1,0,0
O*NET,31.0,Bing,bing,1,1,0,0
O*NET,31.0,Bing Ads,bing ads,2,2,0,1
O*NET,31.0,Bing for Power BI,bing for power bi,1,1,0,0
O*NET,31.0,BIO-key FireRMS,bio-key firerms,1,1,0,0
O*NET,31.0,Bio-logic Systems HINT Pro,bio-logic systems hint pro,1,1,0,0
O*NET,31.0,BioArray Software Environment BASE,bioarray software environment base,1,1,0,0
O*NET,31.0,Bioconductor,bioconductor,2,2,0,0
O*NET,31.0,Bioconductor software,bioconductor software,1,1,0,1
O*NET,31.0,Biodegration flow and transport modeling software,biodegration flow and transport modeling software,1,1,0,0
O*NET,31.0,Biodex Medical Systems Biodex Concussion Manager,biodex medical systems biodex concussion manager,1,1,0,0
O*NET,31.0,BioDiscovery ImaGene,biodiscovery imagene,1,1,0,0
O*NET,31.0,BioEx Systems Exercise Expert,bioex systems exercise expert,1,1,0,0
O*NET,31.0,BioEx Systems Exercise Pro,bioex systems exercise pro,3,3,0,0
O*NET,31.0,BioEx Systems Fitness Maker,bioex systems fitness maker,1,1,0,0
O*NET,31.0,BioEx Systems Nutrition Maker Plus,bioex systems nutrition maker plus,2,2,0,0
O*NET,31.0,Biofeedback software,biofeedback software,2,2,0,0
O*NET,31.0,Bioinformatics databases,bioinformatics databases,1,1,0,0
O*NET,31.0,BioKin PlateKi,biokin plateki,1,1,0,0
O*NET,31.0,Biomatters Geneious,biomatters geneious,1,1,0,0
O*NET,31.0,Biomechanical imaging software,biomechanical imaging software,1,1,0,0
O*NET,31.0,Biomechanical injury risk analysis software,biomechanical injury risk analysis software,1,1,0,0
O*NET,31.0,Biomechanical modeling software,biomechanical modeling software,1,1,0,0
O*NET,31.0,Biomedical Imaging Resource Analyze,biomedical imaging resource analyze,1,1,0,0
O*NET,31.0,Biometric reader software,biometric reader software,1,1,0,0
O*NET,31.0,Biometric Storage System BSS,biometric storage system bss,1,1,0,0
O*NET,31.0,Biometrics video game software,biometrics video game software,1,1,0,0
O*NET,31.0,BioPerl,bioperl,1,1,0,0
O*NET,31.0,Bioreactor Design,bioreactor design,1,1,0,0
O*NET,31.0,Biostatistical software,biostatistical software,1,1,0,0
O*NET,31.0,BIT Corp ProMACS PLC,bit corp promacs plc,1,1,0,0
O*NET,31.0,Bit Debris Solutions Usability Activity Log,bit debris solutions usability activity log,1,1,0,0
O*NET,31.0,Bite analysis software,bite analysis software,1,1,0,0
O*NET,31.0,BitWizard B.V. mtr,bitwizard b.v. mtr,1,1,0,0
O*NET,31.0,BizBench,bizbench,3,3,0,0
O*NET,31.0,Bizlink Salon Manager,bizlink salon manager,1,1,0,0
O*NET,31.0,Bizmatics PrognoCIS EMR,bizmatics prognocis emr,18,18,0,0
O*NET,31.0,BizPricer,bizpricer,2,2,0,0
O*NET,31.0,Biztrak Business Solutions Biztrak,biztrak business solutions biztrak,1,1,0,0
O*NET,31.0,Blackbaud CRM,blackbaud crm,1,1,0,0
O*NET,31.0,Blackbaud eTapestry,blackbaud etapestry,3,3,0,0
O*NET,31.0,Blackbaud Luminate CRM,blackbaud luminate crm,1,1,0,0
O*NET,31.0,Blackbaud The Education Edge,blackbaud the education edge,1,1,0,0
O*NET,31.0,Blackbaud The Financial Edge,blackbaud the financial edge,1,1,0,0
O*NET,31.0,Blackbaud The Raiser's Edge,blackbaud the raiser's edge,44,44,0,2
O*NET,31.0,BlackBerry Enterprise Server,blackberry enterprise server,1,1,0,0
O*NET,31.0,Blackboard Collaborate,blackboard collaborate,1,1,0,0
O*NET,31.0,Blackboard Learn,blackboard learn,40,40,0,0
O*NET,31.0,Blackboard Learning System,blackboard learning system,1,1,0,0
O*NET,31.0,Blackboard software,blackboard software,57,57,0,0
O*NET,31.0,Blackboard Wimba,blackboard wimba,1,1,0,0
O*NET,31.0,Blackdog,blackdog,1,1,0,0
O*NET,31.0,BlackDog Recruiting,blackdog recruiting,1,1,0,0
O*NET,31.0,BlackHawk Canyon Publishers PracticianWorks,blackhawk canyon publishers practicianworks,1,1,0,0
O*NET,31.0,Blast Output Browser BOB,blast output browser bob,1,1,0,0
O*NET,31.0,Blaster's Tool and Supply Company Blaster's Calculator,blaster's tool and supply company blaster's calculator,1,1,0,0
O*NET,31.0,BLAT,blat,2,2,0,0
O*NET,31.0,Blatant Media Absorb LMS,blatant media absorb lms,2,2,0,0
O*NET,31.0,Blender,blender,2,2,0,0
O*NET,31.0,Blink,blink,20,20,0,0
O*NET,31.0,Blinkbid,blinkbid,1,1,0,0
O*NET,31.0,Block diagram software,block diagram software,1,1,0,0
O*NET,31.0,Blogger,blogger,1,1,0,0
O*NET,31.0,Blogging software,blogging software,8,8,0,0
O*NET,31.0,Blood Bank Computer Systems Blood Bank Control System,blood bank computer systems blood bank control system,1,1,0,0
O*NET,31.0,Blood bank information systems,blood bank information systems,1,1,0,0
O*NET,31.0,Bloomberg Professional,bloomberg professional,4,4,0,0
O*NET,31.0,Bloomz,bloomz,6,6,0,0
O*NET,31.0,BLS Software Invoice!,bls software invoice!,1,1,0,0
O*NET,31.0,Blue Chip Computer Consultants HumaNET,blue chip computer consultants humanet,1,1,0,0
O*NET,31.0,Blue Ridge Numerics CFDesign,blue ridge numerics cfdesign,1,1,0,0
O*NET,31.0,Blue Streak Electronics Buell Diagnostic,blue streak electronics buell diagnostic,1,1,0,0
O*NET,31.0,Blue Tractor Software DNADynamo,blue tractor software dnadynamo,1,1,0,0
O*NET,31.0,Blueberry Harbor Software Clinical Record Keeper,blueberry harbor software clinical record keeper,2,2,0,0
O*NET,31.0,Blueprint display software,blueprint display software,2,2,0,0
O*NET,31.0,Bluewater Management Systems BMCASE,bluewater management systems bmcase,1,1,0,0
O*NET,31.0,Blumbeg Drafting Libraries,blumbeg drafting libraries,1,1,0,0
O*NET,31.0,Blumenthal Software PBSW24,blumenthal software pbsw24,1,1,0,0
O*NET,31.0,BMC Software Change Manager,bmc software change manager,2,2,0,0
O*NET,31.0,BMC Software Control-M,bmc software control-m,3,3,0,0
O*NET,31.0,BMC Software Recovery Manager RMAN,bmc software recovery manager rman,2,2,0,0
O*NET,31.0,BMC Software Remedy IT Service Management Suite,bmc software remedy it service management suite,1,1,0,0
O*NET,31.0,BMH Open4 Payroll,bmh open4 payroll,1,1,0,0
O*NET,31.0,bMobile Technology Route Manager,bmobile technology route manager,1,1,0,0
O*NET,31.0,bMobile Technology Sales,bmobile technology sales,1,1,0,0
O*NET,31.0,BNA Corporate Tax Audit Analyzer,bna corporate tax audit analyzer,1,1,0,0
O*NET,31.0,BNA Estate and Gift Tax Suite,bna estate and gift tax suite,1,1,0,0
O*NET,31.0,BNA Income Tax Planning Solutions,bna income tax planning solutions,1,1,0,0
O*NET,31.0,BNA Sales and Use Tax Rates and Forms,bna sales and use tax rates and forms,1,1,0,0
O*NET,31.0,BobCAD-CAM,bobcad-cam,2,2,0,0
O*NET,31.0,Boeing Kork Digital Mapping,boeing kork digital mapping,1,1,0,0
O*NET,31.0,Boeing SoftPlotter,boeing softplotter,1,1,0,0
O*NET,31.0,Bohemian Coding DrawIt,bohemian coding drawit,1,1,0,0
O*NET,31.0,Bond International Adapt Staffing,bond international adapt staffing,1,1,0,0
O*NET,31.0,Bond International Software Bond StaffSuite,bond international software bond staffsuite,1,1,0,0
O*NET,31.0,BondDesk Group Trader WorkStation,bonddesk group trader workstation,1,1,0,0
O*NET,31.0,Booker Software SpaBooker,booker software spabooker,1,1,0,0
O*NET,31.0,BookFresh,bookfresh,1,1,0,0
O*NET,31.0,Bookitlive,bookitlive,1,1,0,0
O*NET,31.0,Bookkeeping software,bookkeeping software,14,14,0,0
O*NET,31.0,Bootstrap,bootstrap,4,4,4,0
O*NET,31.0,Border Gateway Protocol BGP,border gateway protocol bgp,9,9,9,1
O*NET,31.0,Boris FX Continuum Complete,boris fx continuum complete,1,1,0,0
O*NET,31.0,Borland Paradox,borland paradox,1,1,0,0
O*NET,31.0,Borland SilkTest,borland silktest,2,2,0,0
O*NET,31.0,Borland VisiBroker,borland visibroker,1,1,0,0
O*NET,31.0,Bornemann Associates Flight Plan,bornemann associates flight plan,1,1,0,0
O*NET,31.0,Bosch Punch List,bosch punch list,2,2,0,0
O*NET,31.0,BOSS Didger,boss didger,1,1,0,0
O*NET,31.0,BOSS International Visual Groundwater,boss international visual groundwater,1,1,0,0
O*NET,31.0,Boston Bar Systems Corporation Sonnet,boston bar systems corporation sonnet,1,1,0,0
O*NET,31.0,Bostonpost Technology Property Manager,bostonpost technology property manager,1,1,0,0
O*NET,31.0,Bottom Line LoanMaster Loan Servicing,bottom line loanmaster loan servicing,1,1,0,0
O*NET,31.0,Bottomline Technologies Bottomline Sprinter Purchasing Manager,bottomline technologies bottomline sprinter purchasing manager,1,1,0,0
O*NET,31.0,Boundary scan description language BSDL,boundary scan description language bsdl,1,1,0,0
O*NET,31.0,Boundary scan insertion software,boundary scan insertion software,1,1,0,0
O*NET,31.0,Boundary survey software,boundary survey software,1,1,0,0
O*NET,31.0,Bourne Shell,bourne shell,1,1,0,0
O*NET,31.0,Bourque Data Systems YardMaster,bourque data systems yardmaster,1,1,0,0
O*NET,31.0,Bowen & Groves M1 ERP,bowen & groves m1 erp,3,3,0,0
O*NET,31.0,Bowne JFS Litigator's Notebook,bowne jfs litigator's notebook,1,1,0,0
O*NET,31.0,Bowtie,bowtie,2,2,0,0
O*NET,31.0,BoxShade,boxshade,1,1,0,0
O*NET,31.0,BPM_CAD,bpm_cad,1,1,0,0
O*NET,31.0,BPS Compliance,bps compliance,1,1,0,0
O*NET,31.0,BQE Software ArchiOffice,bqe software archioffice,1,1,0,0
O*NET,31.0,BQE Software BillQuick,bqe software billquick,1,1,0,0
O*NET,31.0,Bradford ClickFORMS,bradford clickforms,1,1,0,0
O*NET,31.0,Brady Lockout Pro,brady lockout pro,1,1,0,0
O*NET,31.0,Brady Specimen Labeling System,brady specimen labeling system,2,2,0,0
O*NET,31.0,BrainMetric The Category Test,brainmetric the category test,2,2,0,0
O*NET,31.0,Brainshark Rapid Learning,brainshark rapid learning,2,2,0,0
O*NET,31.0,BrainTrain Captain's Log,braintrain captain's log,3,3,0,0
O*NET,31.0,BrainTrain IVA+Plus,braintrain iva+plus,1,1,0,0
O*NET,31.0,BrainTrain SmartDriver,braintrain smartdriver,1,1,0,0
O*NET,31.0,Brainworks,brainworks,2,2,0,0
O*NET,31.0,Bramerhill ClaimsTech,bramerhill claimstech,1,1,0,0
O*NET,31.0,BRB Software HorizonMIS,brb software horizonmis,1,1,0,0
O*NET,31.0,BRCAPRO,brcapro,1,1,0,0
O*NET,31.0,Breast Cancer Risk Assessment Tool,breast cancer risk assessment tool,1,1,0,0
O*NET,31.0,Breault Research ASAP,breault research asap,1,1,0,0
O*NET,31.0,Breedtrak,breedtrak,1,1,0,0
O*NET,31.0,Brentmark Estate Planning Quickview,brentmark estate planning quickview,1,1,0,0
O*NET,31.0,Brentmark Stock Option Risk Analyzer,brentmark stock option risk analyzer,1,1,0,0
O*NET,31.0,Brickell Research Brickell Medical Office,brickell research brickell medical office,2,2,0,0
O*NET,31.0,Bridge design software,bridge design software,1,1,0,0
O*NET,31.0,Bridgeway eCounsel,bridgeway ecounsel,2,2,0,0
O*NET,31.0,Bridium Claims 3,bridium claims 3,1,1,0,0
O*NET,31.0,Brief Psychiatric Rating Scale BPRS Nursing Modification,brief psychiatric rating scale bprs nursing modification,1,1,0,0
O*NET,31.0,Brightcove,brightcove,1,1,0,0
O*NET,31.0,BrightEdge,brightedge,1,1,0,0
O*NET,31.0,BrightMove Applicant Tracking System,brightmove applicant tracking system,1,1,0,0
O*NET,31.0,Brightwork Alyce Claims Systems,brightwork alyce claims systems,1,1,0,0
O*NET,31.0,BrightWork pmPoint,brightwork pmpoint,1,1,0,0
O*NET,31.0,Brihzon Solutions SMART Dairy Resource Planning,brihzon solutions smart dairy resource planning,1,1,0,0
O*NET,31.0,BrioQuery,brioquery,1,1,0,0
O*NET,31.0,Broadcast Electronics AudioVAULT FleX,broadcast electronics audiovault flex,2,2,0,0
O*NET,31.0,BroadSoft BroadWorks,broadsoft broadworks,1,1,0,0
O*NET,31.0,BroadVision software,broadvision software,1,1,0,0
O*NET,31.0,Brokerage software,brokerage software,1,1,0,0
O*NET,31.0,Bruker AXS EVA,bruker axs eva,1,1,0,0
O*NET,31.0,Bruker AXS LEPTOS,bruker axs leptos,1,1,0,0
O*NET,31.0,Bruker AXS TOPAS,bruker axs topas,1,1,0,0
O*NET,31.0,Bruker BioSpin TopSpin,bruker biospin topspin,1,1,0,0
O*NET,31.0,Bruker Optics OPUS,bruker optics opus,1,1,0,0
O*NET,31.0,Bruno Realty eNeighboorhoods,bruno realty eneighboorhoods,2,2,0,0
O*NET,31.0,BSI ComplianceFactory,bsi compliancefactory,1,1,0,0
O*NET,31.0,BSVC,bsvc,1,1,0,0
O*NET,31.0,BtB Software Mycobacteriology Lab,btb software mycobacteriology lab,1,1,0,0
O*NET,31.0,Budget monitoring systems,budget monitoring systems,1,1,0,0
O*NET,31.0,Budgeting software,budgeting software,6,6,0,0
O*NET,31.0,"Budgeting, forecasting, and planning software","budgeting, forecasting, and planning software",1,1,0,0
O*NET,31.0,Bugzilla,bugzilla,4,4,0,0
O*NET,31.0,Building automation software,building automation software,2,2,0,0
O*NET,31.0,Building management system software,building management system software,1,1,0,0
O*NET,31.0,Building Research Establishment BRE Jasmine,building research establishment bre jasmine,1,1,0,0
O*NET,31.0,Built-in self-test BIST debugging software,built-in self-test bist debugging software,1,1,0,0
O*NET,31.0,Bullhorn Applicant Tracking System,bullhorn applicant tracking system,1,1,0,0
O*NET,31.0,Bungalow Software Aphasia Tutor,bungalow software aphasia tutor,2,2,0,0
O*NET,31.0,Bunkspeed HyperDrive,bunkspeed hyperdrive,1,1,0,0
O*NET,31.0,Bunkspeed HyperMove,bunkspeed hypermove,1,1,0,0
O*NET,31.0,Burli Software Burli Newsroom System,burli software burli newsroom system,1,1,0,0
O*NET,31.0,Burrows-Wheeler Aligner BWA,burrows-wheeler aligner bwa,1,1,0,0
O*NET,31.0,Business accounting software,business accounting software,1,1,0,0
O*NET,31.0,Business analysis software,business analysis software,2,2,0,0
O*NET,31.0,Business continuity software,business continuity software,1,1,0,0
O*NET,31.0,Business Forecast Systems Forecast Pro,business forecast systems forecast pro,3,3,0,0
O*NET,31.0,Business intelligence software,business intelligence software,3,3,0,0
O*NET,31.0,Business intelligence system software,business intelligence system software,1,1,0,0
O*NET,31.0,Business management software,business management software,1,1,0,0
O*NET,31.0,Business Management Systems Municipal Geographic Management System MGMS,business management systems municipal geographic management system mgms,1,1,0,0
O*NET,31.0,Business Objects Data Integrator,business objects data integrator,2,2,0,0
O*NET,31.0,Business performance management BPM software,business performance management bpm software,2,2,0,0
O*NET,31.0,Business process management BPM software,business process management bpm software,1,1,0,0
O*NET,31.0,Business software applications,business software applications,7,7,0,1
O*NET,31.0,BWA,bwa,1,1,0,0
O*NET,31.0,BWise Compliance Management,bwise compliance management,1,1,0,0
O*NET,31.0,Byrne Software Technologies Visual HCS,byrne software technologies visual hcs,1,1,0,0
O*NET,31.0,Bytescribe Development Company WavPlayer,bytescribe development company wavplayer,1,1,0,0
O*NET,31.0,C,c,69,69,69,12
O*NET,31.0,C for Graphics cg,c for graphics cg,1,1,0,0
O*NET,31.0,C shell,c shell,1,1,0,0
O*NET,31.0,C#,c#,55,55,55,11
O*NET,31.0,C++,c++,110,110,110,24
O*NET,31.0,C-DESIGN Fashion,c-design fashion,1,1,0,0
O*NET,31.0,CA Clarity PPM,ca clarity ppm,1,1,0,0
O*NET,31.0,CA Easytrieve Report Generator,ca easytrieve report generator,2,2,0,0
O*NET,31.0,CA eTrust,ca etrust,1,1,0,0
O*NET,31.0,CA IDMS,ca idms,2,2,0,0
O*NET,31.0,CA SiteMinder,ca siteminder,1,1,0,0
O*NET,31.0,CA Technologies CA Clarity PPM for IT Governance,ca technologies ca clarity ppm for it governance,1,1,0,0
O*NET,31.0,CA Technologies ERWin Data Modeler,ca technologies erwin data modeler,1,1,0,0
O*NET,31.0,Cabinet NG CNG-SAFE,cabinet ng cng-safe,2,2,0,0
O*NET,31.0,CableSoft LiveWire Trader,cablesoft livewire trader,1,1,0,0
O*NET,31.0,CAD Zone Insurance,cad zone insurance,1,1,0,0
O*NET,31.0,CADAFIS,cadafis,1,1,0,0
O*NET,31.0,Cadcorp desktop GIS,cadcorp desktop gis,1,1,0,0
O*NET,31.0,Cadem CAPSMill,cadem capsmill,1,1,0,0
O*NET,31.0,Cadem CAPSTurn,cadem capsturn,1,1,0,0
O*NET,31.0,Cadem NCnet,cadem ncnet,1,1,0,0
O*NET,31.0,Cadem seeNC Mill,cadem seenc mill,1,1,0,0
O*NET,31.0,Cadence Allegro Design Entry Capture and Capture CIS,cadence allegro design entry capture and capture cis,2,2,0,0
O*NET,31.0,Cadence Allegro PCB Designer,cadence allegro pcb designer,1,1,0,0
O*NET,31.0,Cadence Concept,cadence concept,1,1,0,0
O*NET,31.0,Cadence Dracula,cadence dracula,1,1,0,0
O*NET,31.0,Cadence Encounter RTL Compiler,cadence encounter rtl compiler,1,1,0,0
O*NET,31.0,Cadence Encounter Test,cadence encounter test,2,2,0,0
O*NET,31.0,Cadence Incisive Enterprise Simulator,cadence incisive enterprise simulator,1,1,0,0
O*NET,31.0,Cadence Incisive Enterprise Specman Elite Testbench,cadence incisive enterprise specman elite testbench,1,1,0,0
O*NET,31.0,Cadence Opus,cadence opus,1,1,0,0
O*NET,31.0,Cadence OrCAD PSpice,cadence orcad pspice,1,1,0,0
O*NET,31.0,Cadence OrCAD software,cadence orcad software,2,2,0,0
O*NET,31.0,Cadence PSpice,cadence pspice,6,6,0,0
O*NET,31.0,Cadence Schematic Composer,cadence schematic composer,1,1,0,0
O*NET,31.0,Cadence Solutions extendedReach,cadence solutions extendedreach,1,1,0,0
O*NET,31.0,Cadence Virtuoso Layout Suite,cadence virtuoso layout suite,2,2,0,0
O*NET,31.0,Cadence Virtuoso Spectre Circuit Simulator,cadence virtuoso spectre circuit simulator,1,1,0,0
O*NET,31.0,CADRE Analytic,cadre analytic,1,1,0,0
O*NET,31.0,Cadre Technologies Accuplus Integrated Distribution Logistics System,cadre technologies accuplus integrated distribution logistics system,2,2,0,0
O*NET,31.0,Cadre Technologies Cadence Transportation Management System,cadre technologies cadence transportation management system,1,1,0,0
O*NET,31.0,Cadre Technologies Cadence Warehouse Management System,cadre technologies cadence warehouse management system,1,1,0,0
O*NET,31.0,Cadsoft Design/Build,cadsoft design/build,1,1,0,0
O*NET,31.0,Cadwell Laboratories Easy,cadwell laboratories easy,1,1,0,0
O*NET,31.0,Cafe Cartel Systems,cafe cartel systems,1,1,0,0
O*NET,31.0,CAI Software Seasoft,cai software seasoft,1,1,0,0
O*NET,31.0,Cakewalk SONAR,cakewalk sonar,1,1,0,0
O*NET,31.0,Calculating optimum maintenance parameters COMPARE,calculating optimum maintenance parameters compare,1,1,0,0
O*NET,31.0,Calendar management software,calendar management software,1,1,0,0
O*NET,31.0,Calendar software,calendar software,4,4,0,0
O*NET,31.0,Caliban Mindwear HyperGASP,caliban mindwear hypergasp,1,1,0,0
O*NET,31.0,Calibration software,calibration software,5,5,0,0
O*NET,31.0,California Infinite LPS,california infinite lps,1,1,0,0
O*NET,31.0,California Verbal Learning Test,california verbal learning test,1,1,0,0
O*NET,31.0,Caligari Corporation trueSpace,caligari corporation truespace,1,1,0,0
O*NET,31.0,Caliper Maptitude,caliper maptitude,3,3,0,0
O*NET,31.0,Caliper TransCAD,caliper transcad,2,2,0,0
O*NET,31.0,Call accounting software,call accounting software,1,1,0,0
O*NET,31.0,Call center software,call center software,1,1,0,0
O*NET,31.0,Call tracking software,call tracking software,1,1,0,0
O*NET,31.0,Call-processing language CPL,call-processing language cpl,3,3,0,0
O*NET,31.0,Callidus TrueComp,callidus truecomp,1,1,0,0
O*NET,31.0,Calypso Technology Calypso Asset Management,calypso technology calypso asset management,1,1,0,0
O*NET,31.0,Calyx Point,calyx point,1,1,0,0
O*NET,31.0,CAM Commerce Solutions Retail STAR Point of Sale POS,cam commerce solutions retail star point of sale pos,1,1,0,0
O*NET,31.0,CAMA Software Quality Collaboration By Design QCBD,cama software quality collaboration by design qcbd,1,1,0,0
O*NET,31.0,CambridgeSoft ChemOffice Ultra,cambridgesoft chemoffice ultra,1,1,0,0
O*NET,31.0,Camera Bits Photo Mechanic,camera bits photo mechanic,1,1,0,0
O*NET,31.0,Camfit Data Limited Microfit,camfit data limited microfit,3,3,0,0
O*NET,31.0,Cammack Computations Inter-Est,cammack computations inter-est,1,1,0,0
O*NET,31.0,Camp Software Art Licensing Manager,camp software art licensing manager,1,1,0,0
O*NET,31.0,Campaign Monitor,campaign monitor,1,1,0,0
O*NET,31.0,Camstar Manufacturing Execution System MES,camstar manufacturing execution system mes,1,1,0,0
O*NET,31.0,Camstar Systems Camstar Semiconductor Suite,camstar systems camstar semiconductor suite,1,1,0,0
O*NET,31.0,CancerGene,cancergene,1,1,0,0
O*NET,31.0,Candidate screening software,candidate screening software,1,1,0,0
O*NET,31.0,Candidate tracking software,candidate tracking software,1,1,0,0
O*NET,31.0,Canonical Launchpad,canonical launchpad,1,1,0,0
O*NET,31.0,Canorus,canorus,1,1,0,0
O*NET,31.0,Cantovation Sing & See,cantovation sing & see,1,1,0,0
O*NET,31.0,Canu,canu,8,8,0,0
O*NET,31.0,Canva,canva,11,11,11,6
O*NET,31.0,Canyon Solutions Jcats,canyon solutions jcats,2,2,0,0
O*NET,31.0,CAP Automation SellWise,cap automation sellwise,2,2,0,0
O*NET,31.0,CAP88-PC,cap88-pc,1,1,0,0
O*NET,31.0,Capacity planning software,capacity planning software,1,1,0,0
O*NET,31.0,CAPE Systems CAPE PACK,cape systems cape pack,1,1,0,0
O*NET,31.0,CAPE Systems TRUCKFILL,cape systems truckfill,1,1,0,0
O*NET,31.0,Capital Codeworks MenuMax,capital codeworks menumax,1,1,0,0
O*NET,31.0,CAPSHER Technology SureTec,capsher technology suretec,1,1,0,0
O*NET,31.0,CAPSYS Capture,capsys capture,1,1,0,0
O*NET,31.0,Captaris Alchemy,captaris alchemy,1,1,0,0
O*NET,31.0,Capterra Enterprise Resource Planning,capterra enterprise resource planning,1,1,0,0
O*NET,31.0,Captiva InputAccel,captiva inputaccel,1,1,0,0
O*NET,31.0,Card key management software,card key management software,1,1,0,0
O*NET,31.0,Care Paths eRecord,care paths erecord,1,1,0,0
O*NET,31.0,CareCentric MestaMed,carecentric mestamed,1,1,0,0
O*NET,31.0,CareCloud Central,carecloud central,9,9,0,0
O*NET,31.0,Career Cruising,career cruising,1,1,0,0
O*NET,31.0,Career decision-making programs,career decision-making programs,1,1,0,0
O*NET,31.0,Career Dimensions Focus 2,career dimensions focus 2,1,1,0,0
O*NET,31.0,Career management systems CMS,career management systems cms,2,2,0,0
O*NET,31.0,Career Zone,career zone,1,1,0,0
O*NET,31.0,Careerbuilder.com,careerbuilder.com,1,1,0,0
O*NET,31.0,CareOne CareEnsure,careone careensure,1,1,0,0
O*NET,31.0,Cargo tracking system software,cargo tracking system software,1,1,0,0
O*NET,31.0,CargoWise ediEnterprise,cargowise edienterprise,1,1,0,0
O*NET,31.0,CARIS HIPS,caris hips,1,1,0,0
O*NET,31.0,CARIS SIPS,caris sips,1,1,0,0
O*NET,31.0,Carlson Civil Suite,carlson civil suite,1,1,0,0
O*NET,31.0,Carlson Simplicity Sight Survey,carlson simplicity sight survey,1,1,0,0
O*NET,31.0,Carlson SurvCADD,carlson survcadd,4,4,0,0
O*NET,31.0,Carlson SurvCE,carlson survce,1,1,0,0
O*NET,31.0,Carlson Survey,carlson survey,2,2,0,0
O*NET,31.0,Carpet Dealer Management System CDMS,carpet dealer management system cdms,1,1,0,0
O*NET,31.0,Carrier Hourly Analysis Program HAP,carrier hourly analysis program hap,1,1,0,0
O*NET,31.0,Carrier-mediated transport software,carrier-mediated transport software,1,1,0,0
O*NET,31.0,Cartesis ES Magnitude,cartesis es magnitude,2,2,0,0
O*NET,31.0,Cartesis Magnitude iAnalysis,cartesis magnitude ianalysis,1,1,0,0
O*NET,31.0,Cartography software,cartography software,2,2,0,0
O*NET,31.0,Casamba Smart,casamba smart,2,2,0,0
O*NET,31.0,Cascading style sheets CSS,cascading style sheets css,35,35,35,8
O*NET,31.0,Case analysis software,case analysis software,1,1,0,0
O*NET,31.0,Case management software,case management software,5,5,0,0
O*NET,31.0,Case management system software,case management system software,2,2,0,0
O*NET,31.0,CaseBank SpotLight,casebank spotlight,1,1,0,0
O*NET,31.0,CaseManagement.com E-Reports,casemanagement.com e-reports,1,1,0,0
O*NET,31.0,CaseSoft DepPrep,casesoft depprep,1,1,0,0
O*NET,31.0,CaseSoft TextMap,casesoft textmap,1,1,0,0
O*NET,31.0,CaseSoft TimeMap,casesoft timemap,1,1,0,0
O*NET,31.0,CaseWare International IDEA,caseware international idea,1,1,0,0
O*NET,31.0,CaseWare International IDEA SmartAnalyzer,caseware international idea smartanalyzer,1,1,0,0
O*NET,31.0,CaseWare Working Papers,caseware working papers,1,1,0,0
O*NET,31.0,Cash flow software,cash flow software,1,1,0,0
O*NET,31.0,CashFlow Guardian,cashflow guardian,1,1,0,0
O*NET,31.0,CAST SQL Builder,cast sql builder,1,1,0,0
O*NET,31.0,Castek Insure3 Claims,castek insure3 claims,1,1,0,0
O*NET,31.0,Catalog navigation software,catalog navigation software,2,2,0,0
O*NET,31.0,Cataloging software,cataloging software,1,1,0,0
O*NET,31.0,Catalyst International CatalystConnect,catalyst international catalystconnect,1,1,0,0
O*NET,31.0,Catalyst Repository Systems CatalystCR,catalyst repository systems catalystcr,1,1,0,0
O*NET,31.0,Catalyst Repository Systems CatalystDR,catalyst repository systems catalystdr,1,1,0,0
O*NET,31.0,Catalyst Repository Systems CatalystXE,catalyst repository systems catalystxe,1,1,0,0
O*NET,31.0,Catapult Software iPower SCADA,catapult software ipower scada,1,1,0,0
O*NET,31.0,Catchlog Trading Catchlog,catchlog trading catchlog,1,1,0,0
O*NET,31.0,CatchTheWeb,catchtheweb,1,1,0,0
O*NET,31.0,Category Fluency Test,category fluency test,1,1,0,0
O*NET,31.0,Caterpillar Cat MineStar System,caterpillar cat minestar system,1,1,0,0
O*NET,31.0,Caterpillar Command,caterpillar command,1,1,0,0
O*NET,31.0,CaterPro,caterpro,1,1,0,0
O*NET,31.0,CATNYP,catnyp,1,1,0,0
O*NET,31.0,Cattlesoft CattleMax,cattlesoft cattlemax,2,2,0,0
O*NET,31.0,CattleWorks,cattleworks,1,1,0,0
O*NET,31.0,Cave5D,cave5d,1,1,0,0
O*NET,31.0,CAzM,cazm,1,1,0,0
O*NET,31.0,CBORD Foodservice Suite,cbord foodservice suite,2,2,0,0
O*NET,31.0,CBORD Group Menu Management System,cbord group menu management system,1,1,0,0
O*NET,31.0,CBORD NetRecipe,cbord netrecipe,1,1,0,0
O*NET,31.0,CBORD Nutrition Service Suite,cbord nutrition service suite,2,2,0,0
O*NET,31.0,CBS ProLog Manager,cbs prolog manager,1,1,0,0
O*NET,31.0,CCBill,ccbill,1,1,0,0
O*NET,31.0,CCC EZNet electronic communications network,ccc eznet electronic communications network,1,1,0,0
O*NET,31.0,CCC GuidePost Decision Support,ccc guidepost decision support,1,1,0,0
O*NET,31.0,CCC Pathways Appraisal Quality Solution,ccc pathways appraisal quality solution,1,1,0,0
O*NET,31.0,CCC Pathways Image Management Solution,ccc pathways image management solution,1,1,0,0
O*NET,31.0,CCC TL2000 Solution,ccc tl2000 solution,1,1,0,0
O*NET,31.0,CCH ProSystem fx TAX,cch prosystem fx tax,2,2,0,0
O*NET,31.0,CCI NewsGate,cci newsgate,1,1,0,0
O*NET,31.0,CCIS AccountAbility,ccis accountability,2,2,0,0
O*NET,31.0,CCP4,ccp4,1,1,0,0
O*NET,31.0,CD-adapco STAR-CAD,cd-adapco star-cad,1,1,0,0
O*NET,31.0,CDA International Manifold System,cda international manifold system,2,2,0,0
O*NET,31.0,CDC Supply Chain,cdc supply chain,1,1,0,0
O*NET,31.0,CDI Electronics M.E.D.S.,cdi electronics m.e.d.s.,1,1,0,0
O*NET,31.0,CE SURVEYOR III,ce surveyor iii,1,1,0,0
O*NET,31.0,Cebos MQ1 Audit System,cebos mq1 audit system,1,1,0,0
O*NET,31.0,CEBOS MQ1 software,cebos mq1 software,1,1,0,0
O*NET,31.0,Cedaron Dexter Evaluation & Impairment Rating,cedaron dexter evaluation & impairment rating,1,1,0,0
O*NET,31.0,CEDAS Gateway,cedas gateway,1,1,0,0
O*NET,31.0,Cedrus SuperLab Pro,cedrus superlab pro,1,1,0,0
O*NET,31.0,CEEJS The Pet Groomer's Secretary,ceejs the pet groomer's secretary,1,1,0,0
O*NET,31.0,Cegedim Target Software Target SFA Pharmaceutical Suite,cegedim target software target sfa pharmaceutical suite,1,1,0,0
O*NET,31.0,Celeritive Technologies VoluMill,celeritive technologies volumill,1,1,0,0
O*NET,31.0,Cell Bioscience Automated Image Capture,cell bioscience automated image capture,1,1,0,0
O*NET,31.0,Celsys RETAS,celsys retas,1,1,0,0
O*NET,31.0,Cengage Learning Sniffy the Virtual Rat,cengage learning sniffy the virtual rat,1,1,0,0
O*NET,31.0,Cenon,cenon,1,1,0,0
O*NET,31.0,Centaur Systems Centaur Travel Business Management System TBMS,centaur systems centaur travel business management system tbms,1,1,0,0
O*NET,31.0,Center for Computer-Assisted Legal Instruction CALI Author,center for computer-assisted legal instruction cali author,1,1,0,0
O*NET,31.0,Center for Computer-Assisted Legal Instruction CALI Classcaster,center for computer-assisted legal instruction cali classcaster,1,1,0,0
O*NET,31.0,Center TRACON automation systems CTAS,center tracon automation systems ctas,1,1,0,0
O*NET,31.0,Centers for Disease Control and Prevention CDC WONDER,centers for disease control and prevention cdc wonder,3,3,0,0
O*NET,31.0,Centers for Disease Control and Prevention Epi Info,centers for disease control and prevention epi info,4,4,0,0
O*NET,31.0,Central Desktop,central desktop,2,2,0,0
O*NET,31.0,Centre for Multilevel Modeling MLwiN,centre for multilevel modeling mlwin,1,1,0,0
O*NET,31.0,Centris Group IEP Direct,centris group iep direct,1,1,0,0
O*NET,31.0,Centris Group RTIm Direct,centris group rtim direct,1,1,0,0
O*NET,31.0,Cents,cents,1,1,0,0
O*NET,31.0,CERC EMIT,cerc emit,1,1,0,0
O*NET,31.0,Cerebro CerebroMix,cerebro cerebromix,1,1,0,0
O*NET,31.0,Ceridian Dayforce enterprise HCM,ceridian dayforce enterprise hcm,4,4,0,0
O*NET,31.0,CERN Physics Analysis Workstation PAW,cern physics analysis workstation paw,1,1,0,0
O*NET,31.0,CERN ROOT,cern root,1,1,0,0
O*NET,31.0,Cerner CoPathPlus,cerner copathplus,1,1,0,0
O*NET,31.0,Cerner Millennium,cerner millennium,9,9,0,0
O*NET,31.0,Cerner Millennium PathNet,cerner millennium pathnet,2,2,0,0
O*NET,31.0,Cerner Millennium PathNet Blood Bank Transfusion,cerner millennium pathnet blood bank transfusion,1,1,0,0
O*NET,31.0,Cerner Millennium ProFit,cerner millennium profit,1,1,0,0
O*NET,31.0,Cerner PowerChart,cerner powerchart,1,1,0,0
O*NET,31.0,Cerner PowerWorks Practice Management,cerner powerworks practice management,9,9,0,0
O*NET,31.0,Cerner ProFile,cerner profile,3,3,0,0
O*NET,31.0,CESARE Risk,cesare risk,1,1,0,0
O*NET,31.0,CfMC COSI,cfmc cosi,1,1,0,0
O*NET,31.0,CfMC SoundSurvent,cfmc soundsurvent,1,1,0,0
O*NET,31.0,CGG HampsonRussell,cgg hampsonrussell,1,1,0,0
O*NET,31.0,CGI INSideOUT,cgi insideout,1,1,0,0
O*NET,31.0,CGI-AMS BureauLink Enterprise,cgi-ams bureaulink enterprise,3,3,0,0
O*NET,31.0,CGI-AMS CACS Enterprise,cgi-ams cacs enterprise,2,2,0,0
O*NET,31.0,CGI-AMS Strata,cgi-ams strata,2,2,0,0
O*NET,31.0,CGTech Vericut CNC,cgtech vericut cnc,2,2,0,0
O*NET,31.0,Chalkware Education Solutions IEPPro,chalkware education solutions ieppro,1,1,0,0
O*NET,31.0,Chang Bioscience ToolKit,chang bioscience toolkit,1,1,0,0
O*NET,31.0,Chaos Enscape,chaos enscape,2,2,0,2
O*NET,31.0,Chaos Group V-Ray,chaos group v-ray,2,2,0,0
O*NET,31.0,Character generator software,character generator software,2,2,0,0
O*NET,31.0,Character Studio,character studio,1,1,0,0
O*NET,31.0,Charles River Development Charles River Investment Management System,charles river development charles river investment management system,1,1,0,0
O*NET,31.0,Charm++,charm++,1,1,0,0
O*NET,31.0,Chart Links,chart links,2,2,0,0
O*NET,31.0,ChartWare EMR,chartware emr,11,11,0,0
O*NET,31.0,Chase Software Solutions Court Reporting Software,chase software solutions court reporting software,1,1,0,0
O*NET,31.0,Chat software,chat software,2,2,0,0
O*NET,31.0,Chatbot software,chatbot software,5,5,0,1
O*NET,31.0,Check imaging software,check imaging software,1,1,0,0
O*NET,31.0,Check Point Next Generation Secure Web Gateway,check point next generation secure web gateway,1,1,0,0
O*NET,31.0,Check processing software,check processing software,1,1,0,0
O*NET,31.0,Check sorting control software,check sorting control software,1,1,0,0
O*NET,31.0,Cheetah International SmartCAT,cheetah international smartcat,1,1,0,0
O*NET,31.0,Cheetah3D,cheetah3d,1,1,0,0
O*NET,31.0,Chef,chef,21,21,21,0
O*NET,31.0,ChefDesk Chef's Calculators,chefdesk chef's calculators,1,1,0,0
O*NET,31.0,Chem2Pac,chem2pac,1,1,0,0
O*NET,31.0,Chemical kinetics software,chemical kinetics software,1,1,0,0
O*NET,31.0,Chemical management tracking software,chemical management tracking software,1,1,0,0
O*NET,31.0,ChemicaLogic SteamTab,chemicalogic steamtab,1,1,0,0
O*NET,31.0,Chemicals and Irrigation CANDI,chemicals and irrigation candi,1,1,0,0
O*NET,31.0,ChemInnovation Software Chem 4-D,cheminnovation software chem 4-d,2,2,0,0
O*NET,31.0,Chemistry at Harvard Molecular Mechanics CHARMm,chemistry at harvard molecular mechanics charmm,1,1,0,0
O*NET,31.0,Chempute Software ChemDraw,chempute software chemdraw,1,1,0,0
O*NET,31.0,Chempute Software Engineer's Aide SINET,chempute software engineer's aide sinet,1,1,0,0
O*NET,31.0,Chempute Software EstPro,chempute software estpro,1,1,0,0
O*NET,31.0,Chempute Software HSC Chemistry,chempute software hsc chemistry,1,1,0,0
O*NET,31.0,Chempute Software SuperPro Designer,chempute software superpro designer,1,1,0,0
O*NET,31.0,Chempute Software VisiMix,chempute software visimix,1,1,0,0
O*NET,31.0,ChemStat,chemstat,2,2,0,0
O*NET,31.0,Chemstations CHEMCAD,chemstations chemcad,1,1,0,0
O*NET,31.0,ChemSW Buffer Maker,chemsw buffer maker,1,1,0,0
O*NET,31.0,ChemSW Calibration Pro,chemsw calibration pro,1,1,0,0
O*NET,31.0,ChemSW Chemical Inventory System CIS,chemsw chemical inventory system cis,1,1,0,0
O*NET,31.0,ChemSW Laboratory Document Control System LDCS,chemsw laboratory document control system ldcs,1,1,0,0
O*NET,31.0,ChemSW Mass Spec Tools,chemsw mass spec tools,1,1,0,0
O*NET,31.0,ChemSW Molecular Modeling Pro,chemsw molecular modeling pro,1,1,0,0
O*NET,31.0,ChemSW Uncertainty Pro,chemsw uncertainty pro,1,1,0,0
O*NET,31.0,Chesapeake Interlink Needles,chesapeake interlink needles,1,1,0,0
O*NET,31.0,Cheshire Financial Planning Suite,cheshire financial planning suite,1,1,0,0
O*NET,31.0,Children's Depression Inventory,children's depression inventory,1,1,0,0
O*NET,31.0,Children's educational software,children's educational software,9,9,0,0
O*NET,31.0,Chilled Water System Analysis Tool CWSAT,chilled water system analysis tool cwsat,1,1,0,0
O*NET,31.0,Chinotec Technologies Paros,chinotec technologies paros,1,1,0,0
O*NET,31.0,Chip design software,chip design software,1,1,0,0
O*NET,31.0,ChiroSoft,chirosoft,1,1,0,0
O*NET,31.0,ChiroTouch EHR,chirotouch ehr,1,1,0,0
O*NET,31.0,Choice Job Cost,choice job cost,2,2,0,0
O*NET,31.0,Choice Technologies PowerBill +,choice technologies powerbill +,1,1,0,0
O*NET,31.0,ChordWizard Software Soundtrix Gold,chordwizard software soundtrix gold,1,1,0,0
O*NET,31.0,Chorel Technology Dance Designer,chorel technology dance designer,1,1,0,0
O*NET,31.0,Choreography software,choreography software,1,1,0,0
O*NET,31.0,Chrome River Expense,chrome river expense,1,1,0,0
O*NET,31.0,Chyron CAMIO,chyron camio,1,1,0,0
O*NET,31.0,Cimatron CimatronE,cimatron cimatrone,1,1,0,0
O*NET,31.0,Cimatron CimatronE Master,cimatron cimatrone master,1,1,0,0
O*NET,31.0,Cimatron computer-aided design and manufacturing software,cimatron computer-aided design and manufacturing software,1,1,0,0
O*NET,31.0,Circle Systems Stat/Transfer,circle systems stat/transfer,2,2,0,0
O*NET,31.0,Circuit evaluation software,circuit evaluation software,1,1,0,0
O*NET,31.0,Circuit simulation software,circuit simulation software,5,5,0,0
O*NET,31.0,Cirrus Group Daycare Works,cirrus group daycare works,1,1,0,0
O*NET,31.0,Cisco AnyConnect,cisco anyconnect,1,1,0,0
O*NET,31.0,Cisco IOS,cisco ios,16,16,0,0
O*NET,31.0,CISCO Software ACS Animal Control System,cisco software acs animal control system,1,1,0,0
O*NET,31.0,Cisco Systems Cisco NetFlow Collection Engine,cisco systems cisco netflow collection engine,2,2,0,0
O*NET,31.0,Cisco Systems Cisco Traffic Analyzer,cisco systems cisco traffic analyzer,2,2,0,0
O*NET,31.0,Cisco Systems Cisco Web Cache Communication Protocol WCCP,cisco systems cisco web cache communication protocol wccp,1,1,0,0
O*NET,31.0,Cisco Systems CiscoWorks,cisco systems ciscoworks,7,7,0,0
O*NET,31.0,Cisco Systems CiscoWorks LAN Management Solution,cisco systems ciscoworks lan management solution,2,2,0,0
O*NET,31.0,Cisco Systems Gateway Load Balancing Protocol GLBP,cisco systems gateway load balancing protocol glbp,1,1,0,0
O*NET,31.0,Cisco Systems Hot Standby Router Protocol HSRP,cisco systems hot standby router protocol hsrp,1,1,0,0
O*NET,31.0,Cisco Systems VPN Client,cisco systems vpn client,2,2,0,0
O*NET,31.0,Cisco Systems WAN Manager,cisco systems wan manager,1,1,0,0
O*NET,31.0,Cisco Systems Wireless Control System WCS,cisco systems wireless control system wcs,1,1,0,0
O*NET,31.0,Cisco Webex,cisco webex,27,27,27,0
O*NET,31.0,Cision CisionPoint,cision cisionpoint,1,1,0,0
O*NET,31.0,Citect IIM,citect iim,1,1,0,0
O*NET,31.0,CitectSCADA Reports,citectscada reports,1,1,0,0
O*NET,31.0,Citi The Yield Book Calculator,citi the yield book calculator,1,1,0,0
O*NET,31.0,Citilabs Cube,citilabs cube,2,2,0,0
O*NET,31.0,Citilabs TRANPLAN,citilabs tranplan,1,1,0,0
O*NET,31.0,Citrix cloud computing software,citrix cloud computing software,32,32,0,0
O*NET,31.0,Citrix XenApp,citrix xenapp,2,2,0,0
O*NET,31.0,Claim processing system software,claim processing system software,2,2,0,0
O*NET,31.0,Claims processing administration and management software,claims processing administration and management software,1,1,0,0
O*NET,31.0,Clarified Networks Clarified Analyzer,clarified networks clarified analyzer,1,1,0,0
O*NET,31.0,Claritas ConsumerPoint,claritas consumerpoint,1,1,0,0
O*NET,31.0,Claritas PRIZM NE,claritas prizm ne,1,1,0,0
O*NET,31.0,Clarity Systems IBM Clarity,clarity systems ibm clarity,2,2,0,0
O*NET,31.0,Clarizen,clarizen,1,1,0,0
O*NET,31.0,Clark Labs CartaLinx,clark labs cartalinx,1,1,0,0
O*NET,31.0,Clark Labs IDRISI,clark labs idrisi,1,1,0,0
O*NET,31.0,Clark Labs IDRISI Andes,clark labs idrisi andes,2,2,0,0
O*NET,31.0,Clark Labs IDRISI Selva,clark labs idrisi selva,1,1,0,0
O*NET,31.0,ClassApps SelectSurveyASP,classapps selectsurveyasp,1,1,0,0
O*NET,31.0,ClassDojo,classdojo,6,6,0,0
O*NET,31.0,Classification Web,classification web,1,1,0,0
O*NET,31.0,ClassTag,classtag,2,2,0,0
O*NET,31.0,Clayton Wallis CompGeo Online Professional Forecast Library,clayton wallis compgeo online professional forecast library,1,1,0,0
O*NET,31.0,Clear Books,clear books,1,1,0,0
O*NET,31.0,Clear Technology Tranzax,clear technology tranzax,1,1,0,0
O*NET,31.0,ClearEDGE,clearedge,1,1,0,0
O*NET,31.0,ClearTrial,cleartrial,2,2,0,0
O*NET,31.0,Click MusicalKEYS,click musicalkeys,1,1,0,0
O*NET,31.0,Click1003 Online Mortgage Application,click1003 online mortgage application,1,1,0,0
O*NET,31.0,Client assessment software,client assessment software,1,1,0,0
O*NET,31.0,Client billing software,client billing software,1,1,0,0
O*NET,31.0,Client caseload management software,client caseload management software,2,2,0,0
O*NET,31.0,Client databases,client databases,2,2,0,0
O*NET,31.0,Client information database software,client information database software,1,1,0,0
O*NET,31.0,Client information database systems,client information database systems,1,1,0,0
O*NET,31.0,Client information databases,client information databases,1,1,0,0
O*NET,31.0,Client Profiles Case Management,client profiles case management,1,1,0,0
O*NET,31.0,Client records software,client records software,1,1,0,0
O*NET,31.0,Client System,client system,1,1,0,0
O*NET,31.0,ClienTrak!,clientrak!,1,1,0,0
O*NET,31.0,ClimateMaster GeoDesigner,climatemaster geodesigner,1,1,0,0
O*NET,31.0,Clinical data management system CDMS,clinical data management system cdms,1,1,0,0
O*NET,31.0,Clinical Information Systems CISLab CPS,clinical information systems cislab cps,1,1,0,0
O*NET,31.0,Clinical Software Solutions CLIN1 Suite,clinical software solutions clin1 suite,2,2,0,0
O*NET,31.0,Clinical trial management software,clinical trial management software,3,3,0,1
O*NET,31.0,Clinical trials database software,clinical trials database software,1,1,0,0
O*NET,31.0,Clinicient Insight,clinicient insight,1,1,0,0
O*NET,31.0,CliniTrend,clinitrend,1,1,0,0
O*NET,31.0,Clinivate Clinitrak,clinivate clinitrak,1,1,0,0
O*NET,31.0,ClinLab LIS,clinlab lis,2,2,0,0
O*NET,31.0,Clipper,clipper,1,1,0,0
O*NET,31.0,CLO Virtual Fashion Marvelous Designer,clo virtual fashion marvelous designer,1,1,0,0
O*NET,31.0,Clockware,clockware,1,1,0,0
O*NET,31.0,CloudCompare,cloudcompare,4,4,0,0
O*NET,31.0,Cloudera Impala,cloudera impala,2,2,0,0
O*NET,31.0,CloudWorks,cloudworks,1,1,0,0
O*NET,31.0,Clover Technology GALENA,clover technology galena,3,3,0,0
O*NET,31.0,CloverETL,cloveretl,2,2,0,0
O*NET,31.0,ClubSoft Food & Beverage Point of Sale,clubsoft food & beverage point of sale,1,1,0,0
O*NET,31.0,Cluen Encore,cluen encore,1,1,0,0
O*NET,31.0,Cluen executive recruitment software,cluen executive recruitment software,1,1,0,0
O*NET,31.0,ClustalW,clustalw,5,5,0,0
O*NET,31.0,Cluster server software,cluster server software,2,2,0,0
O*NET,31.0,Clustermatic,clustermatic,1,1,0,0
O*NET,31.0,CMA Stuffers,cma stuffers,1,1,0,0
O*NET,31.0,CMake,cmake,1,1,0,0
O*NET,31.0,CMO Compliance Regulatory Compliance Solution,cmo compliance regulatory compliance solution,1,1,0,0
O*NET,31.0,CMS Consultants WorldLink,cms consultants worldlink,1,1,0,0
O*NET,31.0,CMSN FieldPAK,cmsn fieldpak,2,2,0,0
O*NET,31.0,CMT CogoCAD,cmt cogocad,1,1,0,0
O*NET,31.0,CMT Incorporated CogoCAD,cmt incorporated cogocad,1,1,0,0
O*NET,31.0,CNC Consulting Machinists' Calculator,cnc consulting machinists' calculator,2,2,0,0
O*NET,31.0,CNC Mastercam,cnc mastercam,8,8,0,0
O*NET,31.0,CNC Software Mastercam,cnc software mastercam,2,2,0,0
O*NET,31.0,COADE CADWorx P&ID,coade cadworx p&id,1,1,0,0
O*NET,31.0,COADE CAESAR II,coade caesar ii,1,1,0,0
O*NET,31.0,COATSsql,coatssql,1,1,0,0
O*NET,31.0,Cobblestone Systems Contract Insight,cobblestone systems contract insight,1,1,0,0
O*NET,31.0,Cobent Learning and Compliance Suite LCS,cobent learning and compliance suite lcs,2,2,0,0
O*NET,31.0,CODA Engine Analysis System,coda engine analysis system,1,1,0,0
O*NET,31.0,Code database software,code database software,1,1,0,0
O*NET,31.0,Code generator software,code generator software,1,1,0,0
O*NET,31.0,Code hosting software,code hosting software,1,1,0,0
O*NET,31.0,Code libraries,code libraries,1,1,0,0
O*NET,31.0,Code Line Art Files,code line art files,1,1,0,0
O*NET,31.0,Code munger software,code munger software,1,1,0,0
O*NET,31.0,Code profilers,code profilers,1,1,0,0
O*NET,31.0,CodedColor,codedcolor,1,1,0,0
O*NET,31.0,CodeFutures dbShards,codefutures dbshards,1,1,0,0
O*NET,31.0,CodeJam MemoriesOnTV,codejam memoriesontv,1,1,0,0
O*NET,31.0,CODESYS,codesys,2,2,0,0
O*NET,31.0,Coding database software,coding database software,2,2,0,0
O*NET,31.0,Codon Usage Database,codon usage database,1,1,0,0
O*NET,31.0,Coeus,coeus,1,1,0,0
O*NET,31.0,CoffeeCup The HTML Editor,coffeecup the html editor,1,1,0,0
O*NET,31.0,Coglin Mill RODIN,coglin mill rodin,2,2,0,0
O*NET,31.0,CogniSyst Computerized Assessment of Response Bias CARB,cognisyst computerized assessment of response bias carb,2,2,0,0
O*NET,31.0,Coin Educational Products Climb K-5 Online,coin educational products climb k-5 online,1,1,0,0
O*NET,31.0,Coin Educational Products Coin Jr.,coin educational products coin jr.,1,1,0,0
O*NET,31.0,Colasoft Capsa Enterprise,colasoft capsa enterprise,1,1,0,0
O*NET,31.0,Colasoft Capsa Free,colasoft capsa free,1,1,0,0
O*NET,31.0,Colibripms Software Colibri,colibripms software colibri,1,1,0,0
O*NET,31.0,Collaborative application lifecycle management ALM software,collaborative application lifecycle management alm software,1,1,0,0
O*NET,31.0,Collaborative Application Markup Language CAML,collaborative application markup language caml,3,3,0,0
O*NET,31.0,Collaborative editing software,collaborative editing software,39,39,0,0
O*NET,31.0,Collateral Consequences Calculator,collateral consequences calculator,1,1,0,0
O*NET,31.0,Collection Data Systems CollectOne-Tiger,collection data systems collectone-tiger,1,1,0,0
O*NET,31.0,Collection Point Management System CPMS,collection point management system cpms,1,1,0,0
O*NET,31.0,College Central Network Career Services Central,college central network career services central,1,1,0,0
O*NET,31.0,CollegeNET Schedule 25,collegenet schedule 25,1,1,0,0
O*NET,31.0,Collier Research HyperSizer,collier research hypersizer,1,1,0,0
O*NET,31.0,Collision damage estimation software,collision damage estimation software,1,1,0,0
O*NET,31.0,Collision damage measurement software,collision damage measurement software,1,1,0,0
O*NET,31.0,Color management software,color management software,1,1,0,0
O*NET,31.0,ColorSoft AutoMatch,colorsoft automatch,1,1,0,0
O*NET,31.0,Columbia Ultimate Archive,columbia ultimate archive,1,1,0,0
O*NET,31.0,Columbia Ultimate Remit,columbia ultimate remit,1,1,0,0
O*NET,31.0,Columbia Ultimate RPCS,columbia ultimate rpcs,1,1,0,0
O*NET,31.0,ComBase,combase,2,2,0,0
O*NET,31.0,Combined DNA Index System CODIS,combined dna index system codis,1,1,0,0
O*NET,31.0,Combined Heat and Power Application Tool CHP,combined heat and power application tool chp,1,1,0,0
O*NET,31.0,Comcash ERP,comcash erp,2,2,0,0
O*NET,31.0,ComChart EMR,comchart emr,2,2,0,0
O*NET,31.0,COMCON DataFriend,comcon datafriend,1,1,0,0
O*NET,31.0,Command Alkon COMMANDconcrete,command alkon commandconcrete,1,1,0,0
O*NET,31.0,Command interpreters,command interpreters,2,2,0,0
O*NET,31.0,Command Systems ComServe,command systems comserve,1,1,0,0
O*NET,31.0,Commence Application Suite,commence application suite,1,1,0,0
O*NET,31.0,Commercial and industrial development project cost analysis software,commercial and industrial development project cost analysis software,1,1,0,0
O*NET,31.0,Commercial driver's license information system CDLIS,commercial driver's license information system cdlis,2,2,0,0
O*NET,31.0,Commercial plate reader software,commercial plate reader software,2,2,0,0
O*NET,31.0,Commercial vehicle operations CVO software,commercial vehicle operations cvo software,2,2,0,0
O*NET,31.0,Common business oriented language COBOL,common business oriented language cobol,20,20,0,0
O*NET,31.0,Common cause failure assessment software,common cause failure assessment software,1,1,0,0
O*NET,31.0,Common Curriculum,common curriculum,14,14,0,0
O*NET,31.0,Common gateway interface CGI,common gateway interface cgi,3,3,0,0
O*NET,31.0,Common Lisp Object System CLOS,common lisp object system clos,3,3,0,0
O*NET,31.0,Common MASINT Exploitation Tool COMET,common masint exploitation tool comet,1,1,0,0
O*NET,31.0,Community Climate System Model CCSM,community climate system model ccsm,1,1,0,0
O*NET,31.0,CommunityViz,communityviz,1,1,0,0
O*NET,31.0,Commutator profiling software,commutator profiling software,1,1,0,0
O*NET,31.0,Comp Pro Med Polytech,comp pro med polytech,2,2,0,0
O*NET,31.0,Compaq Insight Manager,compaq insight manager,1,1,0,0
O*NET,31.0,Compass Municipal Services CAMAlot,compass municipal services camalot,1,1,0,0
O*NET,31.0,Compass software,compass software,2,2,0,0
O*NET,31.0,Compatibility testing software,compatibility testing software,1,1,0,0
O*NET,31.0,Compeat Restaurant Accounting Systems,compeat restaurant accounting systems,1,1,0,0
O*NET,31.0,Compilers,compilers,2,2,0,0
O*NET,31.0,Complaint management software,complaint management software,1,1,0,0
O*NET,31.0,Complementary-symmetry/metal-oxide semiconductor CMOS layout software,complementary-symmetry/metal-oxide semiconductor cmos layout software,1,1,0,0
O*NET,31.0,Complete Clinic,complete clinic,1,1,0,0
O*NET,31.0,Compliance 360,compliance 360,1,1,0,0
O*NET,31.0,Compliance testing software,compliance testing software,1,1,0,0
O*NET,31.0,Compliance11 Supervisory Suite,compliance11 supervisory suite,1,1,0,0
O*NET,31.0,ComplianceBridge Total Compliance,compliancebridge total compliance,1,1,0,0
O*NET,31.0,ComplianceMAX,compliancemax,1,1,0,0
O*NET,31.0,Complus Data Innovations FastTrack,complus data innovations fasttrack,1,1,0,0
O*NET,31.0,Component libraries,component libraries,1,1,0,0
O*NET,31.0,Component object model COM software,component object model com software,3,3,0,0
O*NET,31.0,Component-based Scalable Logical Architecture CSLA,component-based scalable logical architecture csla,2,2,0,0
O*NET,31.0,Compounder software,compounder software,1,1,0,0
O*NET,31.0,Comprehensive Affect Testing System CATS,comprehensive affect testing system cats,1,1,0,0
O*NET,31.0,Compris Advanced Manager's Workstation,compris advanced manager's workstation,2,2,0,0
O*NET,31.0,Compris software,compris software,4,4,0,0
O*NET,31.0,Compu-Cal Nutrition Assistant,compu-cal nutrition assistant,1,1,0,0
O*NET,31.0,Compugov DocketView,compugov docketview,2,2,0,0
O*NET,31.0,CompuLaw Vision,compulaw vision,1,1,0,0
O*NET,31.0,Compulink Business Systems Eyecare Advantage,compulink business systems eyecare advantage,1,1,0,0
O*NET,31.0,Compulink Eyecare Advantage,compulink eyecare advantage,1,1,0,0
O*NET,31.0,Comput-Ability Mechanical Insulation Key Estimator,comput-ability mechanical insulation key estimator,2,2,0,0
O*NET,31.0,CompuTant CounterPoint,computant counterpoint,2,2,0,0
O*NET,31.0,Computational Dynamics STAR-CD,computational dynamics star-cd,1,1,0,0
O*NET,31.0,Computational fluid dynamics CFD software,computational fluid dynamics cfd software,6,6,0,0
O*NET,31.0,Computational modeling software,computational modeling software,1,1,0,0
O*NET,31.0,Computational statistics software,computational statistics software,1,1,0,0
O*NET,31.0,Computer access catalog software,computer access catalog software,1,1,0,0
O*NET,31.0,Computer aided composite drawing software,computer aided composite drawing software,4,4,0,0
O*NET,31.0,Computer aided design and computer aided manufacturing CAD/CAM engraving software,computer aided design and computer aided manufacturing cad/cam engraving software,1,1,0,0
O*NET,31.0,Computer aided design and drafting CADD software,computer aided design and drafting cadd software,27,27,0,0
O*NET,31.0,Computer aided design and drafting software CADD,computer aided design and drafting software cadd,22,22,0,0
O*NET,31.0,Computer aided dispatch software,computer aided dispatch software,8,8,0,0
O*NET,31.0,Computer aided dispatching auto routing software,computer aided dispatching auto routing software,1,1,0,0
O*NET,31.0,Computer aided image analysis software,computer aided image analysis software,1,1,0,0
O*NET,31.0,Computer aided software engineering CASE tools,computer aided software engineering case tools,3,3,0,0
O*NET,31.0,Computer Aided Vision Therapy CAVT,computer aided vision therapy cavt,1,1,0,0
O*NET,31.0,Computer Algebra System for Algebraic Geometry CASA,computer algebra system for algebraic geometry casa,1,1,0,0
O*NET,31.0,Computer assisted design software,computer assisted design software,3,3,0,0
O*NET,31.0,Computer Assisted Diagnostic Interview CADI software,computer assisted diagnostic interview cadi software,1,1,0,0
O*NET,31.0,Computer assisted jewelry design CAD software,computer assisted jewelry design cad software,1,1,0,0
O*NET,31.0,Computer assisted language learning CALL software,computer assisted language learning call software,1,1,0,0
O*NET,31.0,Computer assisted mass appraisal CAMA software,computer assisted mass appraisal cama software,2,2,0,0
O*NET,31.0,Computer assisted software engineering CASE software,computer assisted software engineering case software,1,1,0,0
O*NET,31.0,Computer assisted telephone interviewing CATI software,computer assisted telephone interviewing cati software,1,1,0,0
O*NET,31.0,Computer Associates ArcServ Backup,computer associates arcserv backup,1,1,0,0
O*NET,31.0,Computer Associates integrated data management system CA-IDMS,computer associates integrated data management system ca-idms,3,3,0,0
O*NET,31.0,Computer Associates Log Analyzer,computer associates log analyzer,2,2,0,0
O*NET,31.0,Computer diagnostic software,computer diagnostic software,2,2,0,0
O*NET,31.0,Computer Directions Route Sales Tracker,computer directions route sales tracker,1,1,0,0
O*NET,31.0,Computer drawing software,computer drawing software,1,1,0,0
O*NET,31.0,Computer estimation software,computer estimation software,1,1,0,0
O*NET,31.0,Computer forensic software,computer forensic software,2,2,0,0
O*NET,31.0,Computer Generated Solutions Learning Management System,computer generated solutions learning management system,2,2,0,0
O*NET,31.0,Computer graphics software,computer graphics software,2,2,0,0
O*NET,31.0,Computer imaging software,computer imaging software,4,4,0,0
O*NET,31.0,Computer integrated manufacturing CIM software,computer integrated manufacturing cim software,1,1,0,0
O*NET,31.0,Computer integrated manufacturing CIM time manager software,computer integrated manufacturing cim time manager software,1,1,0,0
O*NET,31.0,Computer integrated manufacturing CIM warehouse shipping manager software,computer integrated manufacturing cim warehouse shipping manager software,1,1,0,0
O*NET,31.0,Computer intrusion detection systems,computer intrusion detection systems,1,1,0,0
O*NET,31.0,Computer Linked Application Information Management System CLAIMS,computer linked application information management system claims,1,1,0,0
O*NET,31.0,Computer modeling software,computer modeling software,1,1,0,0
O*NET,31.0,Computer Modelling Group CMG STARS,computer modelling group cmg stars,1,1,0,0
O*NET,31.0,Computer numerical control CNC editor software,computer numerical control cnc editor software,1,1,0,0
O*NET,31.0,Computer numerical control CNC software,computer numerical control cnc software,4,4,0,0
O*NET,31.0,Computer On-line Real-time Applications Language CORAL 66,computer on-line real-time applications language coral 66,3,3,0,0
O*NET,31.0,Computer operating systems,computer operating systems,1,1,0,0
O*NET,31.0,Computer perceptual processing software,computer perceptual processing software,1,1,0,0
O*NET,31.0,Computer reading software,computer reading software,1,1,0,0
O*NET,31.0,Computer records systems,computer records systems,1,1,0,0
O*NET,31.0,Computer reservation system CRS software,computer reservation system crs software,1,1,0,0
O*NET,31.0,Computer Resources MMS,computer resources mms,1,1,0,0
O*NET,31.0,Computer Sciences Corporation Legal Solutions Suite,computer sciences corporation legal solutions suite,1,1,0,0
O*NET,31.0,Computer Service & Support CLS-2000 Laboratory System,computer service & support cls-2000 laboratory system,1,1,0,0
O*NET,31.0,Computer Service and Support AR 2000 Laboratory Billing System,computer service and support ar 2000 laboratory billing system,1,1,0,0
O*NET,31.0,Computer simulation software,computer simulation software,1,1,0,0
O*NET,31.0,Computer system diagnostics software,computer system diagnostics software,1,1,0,0
O*NET,31.0,Computer Systems Company R4 ACERT,computer systems company r4 acert,1,1,0,0
O*NET,31.0,Computer Trust WinSurge,computer trust winsurge,1,1,0,0
O*NET,31.0,Computer-aided drafting or design software,computer-aided drafting or design software,3,3,0,0
O*NET,31.0,Computer-aided engineering CAE software,computer-aided engineering cae software,3,3,0,0
O*NET,31.0,Computer-aided inspection software,computer-aided inspection software,1,1,0,0
O*NET,31.0,Computer-assisted career guidance software,computer-assisted career guidance software,1,1,0,0
O*NET,31.0,Computer-assisted live supervision,computer-assisted live supervision,1,1,0,0
O*NET,31.0,Computer-assisted testing software,computer-assisted testing software,1,1,0,0
O*NET,31.0,ComputerEase construction accounting software,computerease construction accounting software,3,3,0,0
O*NET,31.0,Computerized aircraft log manager CALM,computerized aircraft log manager calm,2,2,0,0
O*NET,31.0,Computerized bed control system software,computerized bed control system software,2,2,0,0
O*NET,31.0,Computerized call calendars,computerized call calendars,1,1,0,0
O*NET,31.0,Computerized diagnostic programs,computerized diagnostic programs,1,1,0,0
O*NET,31.0,Computerized diagnostic software,computerized diagnostic software,2,2,0,0
O*NET,31.0,Computerized indexing systems,computerized indexing systems,2,2,0,0
O*NET,31.0,Computerized inventory tracking software,computerized inventory tracking software,2,2,0,0
O*NET,31.0,Computerized maintenance management system CMMS,computerized maintenance management system cmms,30,30,0,0
O*NET,31.0,Computerized maintenance management system software CMMS,computerized maintenance management system software cmms,3,3,0,0
O*NET,31.0,Computerized numerical control CNC machine software,computerized numerical control cnc machine software,1,1,0,0
O*NET,31.0,Computerized numerical control CNC programming software,computerized numerical control cnc programming software,1,1,0,0
O*NET,31.0,Computerized numerical control CNC software,computerized numerical control cnc software,6,6,0,0
O*NET,31.0,Computerized physician order entry CPOE software,computerized physician order entry cpoe software,2,2,0,0
O*NET,31.0,Computerized statistical packages,computerized statistical packages,1,1,0,0
O*NET,31.0,Computerized testing programs,computerized testing programs,1,1,0,0
O*NET,31.0,Computerized testing software,computerized testing software,1,1,0,0
O*NET,31.0,Computerized time management systems,computerized time management systems,2,2,0,0
O*NET,31.0,Computerized voice stress analyzer CVSA software,computerized voice stress analyzer cvsa software,1,1,0,0
O*NET,31.0,Computers Unlimited TIMS for Audiology,computers unlimited tims for audiology,1,1,0,0
O*NET,31.0,Computhink ViewWise,computhink viewwise,1,1,0,0
O*NET,31.0,Computing Solutions LabSoft LIMS,computing solutions labsoft lims,1,1,0,0
O*NET,31.0,Computing Solutions LabSoft LIMS Micro,computing solutions labsoft lims micro,1,1,0,0
O*NET,31.0,Computrition Nutrition Care Management NCM Select,computrition nutrition care management ncm select,1,1,0,0
O*NET,31.0,Compuware ClientVantage Agentless Monitoring,compuware clientvantage agentless monitoring,1,1,0,0
O*NET,31.0,CompuWeigh GMS,compuweigh gms,1,1,0,0
O*NET,31.0,COMSOL Multiphysics,comsol multiphysics,2,2,0,0
O*NET,31.0,Conarc iChannel,conarc ichannel,1,1,0,0
O*NET,31.0,ConceptDraw,conceptdraw,1,1,0,0
O*NET,31.0,Concierge Systems Report Concierge,concierge systems report concierge,1,1,0,0
O*NET,31.0,Concurrency control software,concurrency control software,2,2,0,0
O*NET,31.0,Concurrent Versions Systems,concurrent versions systems,1,1,0,0
O*NET,31.0,Conductor Searchlight,conductor searchlight,1,1,0,0
O*NET,31.0,ConEst BidTrac,conest bidtrac,1,1,0,0
O*NET,31.0,ConEst Electrical Formulas,conest electrical formulas,1,1,0,0
O*NET,31.0,ConEst Intellibid,conest intellibid,1,1,0,0
O*NET,31.0,ConEst IntelliBid Design Build,conest intellibid design build,1,1,0,0
O*NET,31.0,ConEst JobTrac,conest jobtrac,1,1,0,0
O*NET,31.0,ConEst Permit Trac,conest permit trac,1,1,0,0
O*NET,31.0,ConEst SureCount,conest surecount,1,1,0,0
O*NET,31.0,ConEst T&M Billing Manager,conest t&m billing manager,1,1,0,0
O*NET,31.0,Conformance and validation testing software,conformance and validation testing software,1,1,0,0
O*NET,31.0,Congruity Technologies Inspector,congruity technologies inspector,1,1,0,0
O*NET,31.0,Connectivity software,connectivity software,2,2,0,0
O*NET,31.0,Conners' Continuous Performance Test II,conners' continuous performance test ii,2,2,0,0
O*NET,31.0,Consilience Software Maven Insurance Automation Suite,consilience software maven insurance automation suite,1,1,0,0
O*NET,31.0,Consolidated compartment fire model CCFM,consolidated compartment fire model ccfm,1,1,0,0
O*NET,31.0,Consolidated fire and smoke transport model CFAST,consolidated fire and smoke transport model cfast,1,1,0,0
O*NET,31.0,Consolidated Model of Fire and Smoke Transport CFAST,consolidated model of fire and smoke transport cfast,1,1,0,0
O*NET,31.0,Constant Contact,constant contact,3,3,0,0
O*NET,31.0,Constellation Justice Systems CourtView,constellation justice systems courtview,1,1,0,0
O*NET,31.0,ConstructConnect PlanSwift,constructconnect planswift,1,1,0,1
O*NET,31.0,Construction Management Software ProEst,construction management software proest,6,6,0,0
O*NET,31.0,Construction Master Pro,construction master pro,1,1,0,0
O*NET,31.0,Construction Software Center EasyEst,construction software center easyest,5,5,0,0
O*NET,31.0,Consular Consolidated Database CCD,consular consolidated database ccd,1,1,0,0
O*NET,31.0,Consult-PRO,consult-pro,1,1,0,0
O*NET,31.0,Consultants in Data Processing HRnet,consultants in data processing hrnet,1,1,0,0
O*NET,31.0,Contact management software,contact management software,4,4,0,0
O*NET,31.0,Contact management systems,contact management systems,2,2,0,0
O*NET,31.0,Content filter software,content filter software,1,1,0,0
O*NET,31.0,Content management systems CMS,content management systems cms,6,6,0,3
O*NET,31.0,ContextMiner,contextminer,1,1,0,0
O*NET,31.0,Continuous emission management software,continuous emission management software,2,2,0,0
O*NET,31.0,Continuous emissions monitoring systems CEMS,continuous emissions monitoring systems cems,1,1,0,0
O*NET,31.0,Continuous integration software,continuous integration software,1,1,0,0
O*NET,31.0,Contour Storyteller,contour storyteller,1,1,0,0
O*NET,31.0,Contract Central,contract central,1,1,0,0
O*NET,31.0,Contract management software,contract management software,2,2,0,0
O*NET,31.0,Contract tracking software,contract tracking software,1,1,0,0
O*NET,31.0,Control Station ENGINEER,control station engineer,1,1,0,0
O*NET,31.0,Control system software,control system software,1,1,0,0
O*NET,31.0,ControlCase Compliance Manager,controlcase compliance manager,1,1,0,0
O*NET,31.0,Controlled Oral Word Association Task,controlled oral word association task,1,1,0,0
O*NET,31.0,Convention Industry Council CIC APEX Toolbox,convention industry council cic apex toolbox,1,1,0,0
O*NET,31.0,Conversion tools software,conversion tools software,1,1,0,0
O*NET,31.0,Convex FactLogic,convex factlogic,1,1,0,0
O*NET,31.0,Conveyor control software,conveyor control software,1,1,0,0
O*NET,31.0,Cooking e-books,cooking e-books,1,1,0,0
O*NET,31.0,Cool Roof Calculator,cool roof calculator,2,2,0,0
O*NET,31.0,COOP Systems myCOOP,coop systems mycoop,1,1,0,0
O*NET,31.0,Cooperative Processing Resources DMS Professional Suite,cooperative processing resources dms professional suite,1,1,0,0
O*NET,31.0,Coordinate geometry COGO software,coordinate geometry cogo software,3,3,0,0
O*NET,31.0,Coordinate measuring machine software,coordinate measuring machine software,1,1,0,0
O*NET,31.0,Coordinated incident management system CIMS software,coordinated incident management system cims software,1,1,0,0
O*NET,31.0,CoPilot Flight Planning & E6B,copilot flight planning & e6b,1,1,0,0
O*NET,31.0,CoPilot Truck,copilot truck,1,1,0,0
O*NET,31.0,Coptimal Logics AutoLoad Pro,coptimal logics autoload pro,1,1,0,0
O*NET,31.0,Core Informatics Laboratory Information Management System LIMS,core informatics laboratory information management system lims,1,1,0,0
O*NET,31.0,Core Solutions Care Enterprise,core solutions care enterprise,1,1,0,0
O*NET,31.0,Corel CorelDraw Graphics Suite,corel coreldraw graphics suite,24,24,0,0
O*NET,31.0,Corel CorelScan,corel corelscan,1,1,0,0
O*NET,31.0,Corel OCR-Trace 8,corel ocr-trace 8,1,1,0,0
O*NET,31.0,Corel Paint Shop Pro,corel paint shop pro,9,9,0,0
O*NET,31.0,Corel Painter,corel painter,9,9,0,0
O*NET,31.0,Corel Painter Sketch Pad,corel painter sketch pad,1,1,0,0
O*NET,31.0,Corel Paradox,corel paradox,1,1,0,0
O*NET,31.0,Corel Photo-Paint,corel photo-paint,2,2,0,0
O*NET,31.0,Corel Presentation,corel presentation,2,2,0,0
O*NET,31.0,Corel QuattroPro,corel quattropro,8,8,0,0
O*NET,31.0,Corel Ulead DVD Workshop,corel ulead dvd workshop,1,1,0,0
O*NET,31.0,Corel Ventura,corel ventura,2,2,0,0
O*NET,31.0,Corel WebDraw,corel webdraw,1,1,0,0
O*NET,31.0,Corel WinZip,corel winzip,1,1,0,0
O*NET,31.0,Corel WordPerfect Office Suite,corel wordperfect office suite,63,63,0,0
O*NET,31.0,CoreLogic DebtorTrace,corelogic debtortrace,1,1,0,0
O*NET,31.0,CorePark Valet,corepark valet,1,1,0,0
O*NET,31.0,Cornerstone OnDemand Cornerstone Learning,cornerstone ondemand cornerstone learning,2,2,0,0
O*NET,31.0,Cornucopia Software Practice MAGIC,cornucopia software practice magic,1,1,0,0
O*NET,31.0,Corporate Focus Solium Shareworks,corporate focus solium shareworks,2,2,0,0
O*NET,31.0,Corporate Information Factory CIF,corporate information factory cif,1,1,0,0
O*NET,31.0,Corporate Montage CADScript,corporate montage cadscript,1,1,0,0
O*NET,31.0,Corporate Responsibility System Technologies Limited Compliance Positioning System,corporate responsibility system technologies limited compliance positioning system,1,1,0,0
O*NET,31.0,Corporate Responsibility System Technologies Limited CRSTL Compliance Positioning System,corporate responsibility system technologies limited crstl compliance positioning system,1,1,0,0
O*NET,31.0,Corporate Systems ClaimsPro,corporate systems claimspro,1,1,0,0
O*NET,31.0,Corporatek EnAct Platinum,corporatek enact platinum,1,1,0,0
O*NET,31.0,Corpscon,corpscon,1,1,0,0
O*NET,31.0,Corrections housing software,corrections housing software,1,1,0,0
O*NET,31.0,CorridorDesigner,corridordesigner,1,1,0,0
O*NET,31.0,Corte Certo,corte certo,1,1,0,0
O*NET,31.0,Cortex Medical Management Systems Cortex Medical Billing,cortex medical management systems cortex medical billing,1,1,0,0
O*NET,31.0,Cortex Medical Management Systems The Gold Standard,cortex medical management systems the gold standard,1,1,0,0
O*NET,31.0,Cosmo Software Cosmo World,cosmo software cosmo world,1,1,0,0
O*NET,31.0,Cost accounting software,cost accounting software,5,5,0,0
O*NET,31.0,Cost estimating software,cost estimating software,16,16,0,0
O*NET,31.0,Cost tracking software,cost tracking software,1,1,0,0
O*NET,31.0,CostGuard,costguard,2,2,0,0
O*NET,31.0,Couchbase Server,couchbase server,2,2,0,0
O*NET,31.0,Counseling software,counseling software,1,1,0,0
O*NET,31.0,Countersoft Gemini,countersoft gemini,1,1,0,0
O*NET,31.0,Countryside Data Ag Payroll,countryside data ag payroll,1,1,0,0
O*NET,31.0,Course management system software,course management system software,38,38,0,0
O*NET,31.0,Court docket management software,court docket management software,1,1,0,0
O*NET,31.0,Court records databases,court records databases,1,1,0,0
O*NET,31.0,Courtpages,courtpages,1,1,0,0
O*NET,31.0,Courtroom Data Solutions Techlennium,courtroom data solutions techlennium,1,1,0,0
O*NET,31.0,Courtroom scheduling software,courtroom scheduling software,2,2,0,0
O*NET,31.0,Covansys ClaimConnect,covansys claimconnect,1,1,0,0
O*NET,31.0,Coventor ARCHITECT3D,coventor architect3d,1,1,0,0
O*NET,31.0,Coventor CoventorWare,coventor coventorware,1,1,0,0
O*NET,31.0,CoVirt VirtGate,covirt virtgate,1,1,0,0
O*NET,31.0,Cowculator,cowculator,1,1,0,0
O*NET,31.0,COWGAME,cowgame,1,1,0,0
O*NET,31.0,Coyote Software DynaSCAPE Design,coyote software dynascape design,1,1,0,0
O*NET,31.0,CP2K,cp2k,1,1,0,0
O*NET,31.0,CPMD,cpmd,1,1,0,0
O*NET,31.0,CppUnit,cppunit,1,1,0,0
O*NET,31.0,CPR International GeneralCOST Estimator,cpr international generalcost estimator,4,4,0,0
O*NET,31.0,CPR Software FloorCOST Estimator for Excel,cpr software floorcost estimator for excel,1,1,0,0
O*NET,31.0,CPR Visual Estimator,cpr visual estimator,8,8,0,0
O*NET,31.0,CPSI CPSI System,cpsi cpsi system,3,3,0,0
O*NET,31.0,CPSI EHR System,cpsi ehr system,1,1,0,0
O*NET,31.0,CPU Tracker Software CPU Tracker,cpu tracker software cpu tracker,1,1,0,0
O*NET,31.0,CQ Press Political Reference Suite,cq press political reference suite,1,1,0,0
O*NET,31.0,CQG Integrated Client,cqg integrated client,1,1,0,0
O*NET,31.0,Cradoc fotoBiz,cradoc fotobiz,1,1,0,0
O*NET,31.0,Craftsman CD Estimator,craftsman cd estimator,4,4,0,0
O*NET,31.0,Crane operation control software,crane operation control software,1,1,0,0
O*NET,31.0,Crash Mapping Analysis Tool CMAT,crash mapping analysis tool cmat,1,1,0,0
O*NET,31.0,Creative Data Solutions DuProcess,creative data solutions duprocess,1,1,0,0
O*NET,31.0,Creative Research Survey System,creative research survey system,1,1,0,0
O*NET,31.0,Creative Research Systems The Survey System,creative research systems the survey system,1,1,0,0
O*NET,31.0,Creative Solutions CPA Depreciation,creative solutions cpa depreciation,1,1,0,0
O*NET,31.0,Creative Solutions UltraTax 1040,creative solutions ultratax 1040,1,1,0,0
O*NET,31.0,Creative Solutions UltraTax CS,creative solutions ultratax cs,1,1,0,0
O*NET,31.0,Creative System GHS,creative system ghs,1,1,0,0
O*NET,31.0,Creative Systems Corporation Freight-Link System,creative systems corporation freight-link system,1,1,0,0
O*NET,31.0,Credit adjudication and lending management system CALMS,credit adjudication and lending management system calms,1,1,0,0
O*NET,31.0,Credit and risk analysis software,credit and risk analysis software,2,2,0,0
O*NET,31.0,Credit card processing software,credit card processing software,2,2,0,0
O*NET,31.0,Credit fraud detection software,credit fraud detection software,2,2,0,0
O*NET,31.0,Credit management software,credit management software,1,1,0,0
O*NET,31.0,Credit reporting software,credit reporting software,1,1,0,0
O*NET,31.0,Credit underwriting software,credit underwriting software,1,1,0,0
O*NET,31.0,Credo Interactive DanceForms,credo interactive danceforms,1,1,0,0
O*NET,31.0,Creo Synapse Upfront,creo synapse upfront,1,1,0,0
O*NET,31.0,Crescendo Systems Corporation MedRite-XL,crescendo systems corporation medrite-xl,1,1,0,0
O*NET,31.0,Crescendo Systems DigiScribe-XL,crescendo systems digiscribe-xl,1,1,0,0
O*NET,31.0,CRI-MAP,cri-map,1,1,0,0
O*NET,31.0,Crick Software Clicker 4,crick software clicker 4,1,1,0,0
O*NET,31.0,Crime mapping software,crime mapping software,4,4,0,0
O*NET,31.0,CrimeCog Technologies E*Justice,crimecog technologies e*justice,1,1,0,0
O*NET,31.0,CRIMPERS Management Software CRIMPERS Salon Software,crimpers management software crimpers salon software,1,1,0,0
O*NET,31.0,Criss Software XRF11,criss software xrf11,1,1,0,0
O*NET,31.0,Criterion Planners INDEX,criterion planners index,1,1,0,0
O*NET,31.0,Criticality analysis software,criticality analysis software,1,1,0,0
O*NET,31.0,Crocodile Consulting Traffic Control,crocodile consulting traffic control,1,1,0,0
O*NET,31.0,Crones & Associations Project Tracker Pro,crones & associations project tracker pro,1,1,0,0
O*NET,31.0,Cronometer,cronometer,1,1,0,0
O*NET,31.0,CroPMan,cropman,1,1,0,0
O*NET,31.0,CropSyst Suite,cropsyst suite,1,1,0,0
O*NET,31.0,CrossTec NetOp Remote Control,crosstec netop remote control,2,2,0,0
O*NET,31.0,Crowell Systems Medformix,crowell systems medformix,1,1,0,0
O*NET,31.0,Crows Dynamics Simulex,crows dynamics simulex,1,1,0,0
O*NET,31.0,CruiseControl,cruisecontrol,2,2,0,0
O*NET,31.0,Cryptographic key management software,cryptographic key management software,1,1,0,0
O*NET,31.0,Crystallography & NMR System (CNS),crystallography & nmr system (cns),1,1,0,0
O*NET,31.0,Crystallography software,crystallography software,2,2,0,0
O*NET,31.0,CrystalMaker,crystalmaker,3,3,0,0
O*NET,31.0,Crytek CryEngine,crytek cryengine,1,1,0,0
O*NET,31.0,CS Odessa ConceptDraw Project,cs odessa conceptdraw project,1,1,0,0
O*NET,31.0,CSC Automated Work Distributor AWD,csc automated work distributor awd,1,1,0,0
O*NET,31.0,CSC Colossus,csc colossus,1,1,0,0
O*NET,31.0,CSC Elmer,csc elmer,1,1,0,0
O*NET,31.0,CSC Fault Evaluator,csc fault evaluator,1,1,0,0
O*NET,31.0,CSC nbAccelerator,csc nbaccelerator,1,1,0,0
O*NET,31.0,CSI Complex Systems ClientTrade,csi complex systems clienttrade,1,1,0,0
O*NET,31.0,CSI Software Spa Management,csi software spa management,1,1,0,0
O*NET,31.0,CSI WSE CodeBuddy,csi wse codebuddy,1,1,0,0
O*NET,31.0,CSR Consultants Cemetery Management SC,csr consultants cemetery management sc,1,1,0,0
O*NET,31.0,CSS CLS-2000,css cls-2000,2,2,0,0
O*NET,31.0,CST Microwave Studio,cst microwave studio,1,1,0,0
O*NET,31.0,CT hCue,ct hcue,1,1,0,0
O*NET,31.0,CT Summation iBlaze,ct summation iblaze,2,2,0,0
O*NET,31.0,CU Connect processing software,cu connect processing software,1,1,0,0
O*NET,31.0,Cuadra Associates STAR/Museums,cuadra associates star/museums,1,1,0,0
O*NET,31.0,CUBIC,cubic,1,1,0,0
O*NET,31.0,Cubic Synchro Studio,cubic synchro studio,1,1,0,1
O*NET,31.0,Cufflinks,cufflinks,2,2,0,0
O*NET,31.0,Culinary Software Services ChefTec,culinary software services cheftec,4,4,0,0
O*NET,31.0,Cullimore & Ring Technologies SINDA/FLUINT,cullimore & ring technologies sinda/fluint,1,1,0,0
O*NET,31.0,Cullimore & Ring Technologies Thermal Desktop,cullimore & ring technologies thermal desktop,1,1,0,0
O*NET,31.0,Cummins INSITE,cummins insite,1,1,0,0
O*NET,31.0,Cura Software Solutions Cura for Compliance Management,cura software solutions cura for compliance management,1,1,0,0
O*NET,31.0,Curbside Laundries Wash and Fold POS Software,curbside laundries wash and fold pos software,1,1,0,0
O*NET,31.0,Current procedural terminology CPT software,current procedural terminology cpt software,1,1,0,0
O*NET,31.0,Curtis Management Resources Training Management System,curtis management resources training management system,1,1,0,0
O*NET,31.0,Curto Drum,curto drum,1,1,0,0
O*NET,31.0,Custom Data Systems Sterling Management Software,custom data systems sterling management software,2,2,0,0
O*NET,31.0,Custom Software Group CSG AgroSys,custom software group csg agrosys,1,1,0,0
O*NET,31.0,Custom Software Systems StarLab,custom software systems starlab,2,2,0,0
O*NET,31.0,Customer account management software,customer account management software,1,1,0,0
O*NET,31.0,Customer complaint ticketing management software,customer complaint ticketing management software,1,1,0,0
O*NET,31.0,Customer database software,customer database software,1,1,0,0
O*NET,31.0,Customer Expressions i-Sight,customer expressions i-sight,2,2,0,0
O*NET,31.0,Customer information control system CICS,customer information control system cics,29,29,0,0
O*NET,31.0,Customer information databases,customer information databases,8,8,0,0
O*NET,31.0,Customer service and support software,customer service and support software,1,1,0,0
O*NET,31.0,Customer service knowledge generation software,customer service knowledge generation software,1,1,0,0
O*NET,31.0,Customs records databases,customs records databases,1,1,0,0
O*NET,31.0,Cutlist Plus fx,cutlist plus fx,1,1,0,0
O*NET,31.0,CVTracer,cvtracer,1,1,0,0
O*NET,31.0,Cworks CMMS,cworks cmms,1,1,0,0
O*NET,31.0,Cyber Records MediChart Express,cyber records medichart express,2,2,0,0
O*NET,31.0,CyberArk,cyberark,2,2,0,0
O*NET,31.0,CyberDyne Industries CaseWizard,cyberdyne industries casewizard,1,1,0,0
O*NET,31.0,CyberMatrix,cybermatrix,1,1,0,0
O*NET,31.0,CyberMatrix POS,cybermatrix pos,1,1,0,0
O*NET,31.0,Cybermetrics GAGETrak,cybermetrics gagetrak,1,1,0,0
O*NET,31.0,Cybermotion 3D Designer,cybermotion 3d designer,1,1,0,0
O*NET,31.0,CyberShift Workforce Management 3G Time and Attendance,cybershift workforce management 3g time and attendance,1,1,0,0
O*NET,31.0,CyberSoft NutriBase,cybersoft nutribase,2,2,0,0
O*NET,31.0,Cybersoft Primero Software Suite,cybersoft primero software suite,1,1,0,0
O*NET,31.0,Cyclone,cyclone,1,1,0,0
O*NET,31.0,Cygnet Infotech Optifocus,cygnet infotech optifocus,1,1,0,0
O*NET,31.0,Cygnus IncomeMax,cygnus incomemax,1,1,0,0
O*NET,31.0,Cygnus Software IncomeMax,cygnus software incomemax,1,1,0,0
O*NET,31.0,Cygwin,cygwin,1,1,0,0
O*NET,31.0,CYMA IV Accounting for Windows,cyma iv accounting for windows,2,2,0,0
O*NET,31.0,CyrillicSoftware Cyrillic,cyrillicsoftware cyrillic,1,1,0,0
O*NET,31.0,Cytel Egret,cytel egret,1,1,0,0
O*NET,31.0,Cytel LogXact,cytel logxact,1,1,0,0
O*NET,31.0,Cytel Software XLMiner,cytel software xlminer,1,1,0,0
O*NET,31.0,Cytel StatXact,cytel statxact,2,2,0,0
O*NET,31.0,D'accord Music Software iChords,d'accord music software ichords,1,1,0,0
O*NET,31.0,D'Arcangelo Galileo,d'arcangelo galileo,1,1,0,0
O*NET,31.0,D-CALC FACADE 4000,d-calc facade 4000,1,1,0,0
O*NET,31.0,DAGRIS,dagris,1,1,0,0
O*NET,31.0,Daily Manager,daily manager,1,1,0,0
O*NET,31.0,dailyVest Investment Personalization Platform,dailyvest investment personalization platform,2,2,0,0
O*NET,31.0,Dalet Digital Media Systems Dalet Media Life,dalet digital media systems dalet media life,1,1,0,0
O*NET,31.0,Damen DAMOS,damen damos,1,1,0,0
O*NET,31.0,danic Technology,danic technology,1,1,0,0
O*NET,31.0,Daptiv PPM,daptiv ppm,1,1,0,0
O*NET,31.0,Dartfish ProSuite,dartfish prosuite,2,2,0,0
O*NET,31.0,Dartware InterMapper,dartware intermapper,4,4,0,0
O*NET,31.0,Darwin information typing architecture DITA,darwin information typing architecture dita,1,1,0,0
O*NET,31.0,Dassault Systemes Abaqus,dassault systemes abaqus,7,7,0,0
O*NET,31.0,Dassault Systemes CATIA,dassault systemes catia,60,60,0,2
O*NET,31.0,Dassault Systemes Dymola,dassault systemes dymola,1,1,0,0
O*NET,31.0,Dassault Systemes Simulia Abaqus FEA,dassault systemes simulia abaqus fea,1,1,0,0
O*NET,31.0,Dassault Systemes SolidWorks,dassault systemes solidworks,58,58,58,12
O*NET,31.0,Data acquisition software,data acquisition software,10,10,0,0
O*NET,31.0,Data acquisition systems,data acquisition systems,3,3,0,0
O*NET,31.0,Data analysis software,data analysis software,5,5,0,0
O*NET,31.0,Data definition language DDL,data definition language ddl,5,5,0,0
O*NET,31.0,Data dictionary software,data dictionary software,2,2,0,0
O*NET,31.0,Data entry software,data entry software,27,27,0,0
O*NET,31.0,Data extraction software,data extraction software,1,1,0,0
O*NET,31.0,Data Frenzy,data frenzy,1,1,0,0
O*NET,31.0,Data input software,data input software,1,1,0,0
O*NET,31.0,Data logger software,data logger software,2,2,0,0
O*NET,31.0,Data logging software,data logging software,7,7,0,0
O*NET,31.0,data M Software COPRA MetalBender,data m software copra metalbender,1,1,0,0
O*NET,31.0,Data management software,data management software,1,1,0,0
O*NET,31.0,Data Management TimeClock Plus,data management timeclock plus,1,1,0,0
O*NET,31.0,Data manipulation language DML,data manipulation language dml,5,5,0,0
O*NET,31.0,Data mapping software,data mapping software,2,2,0,0
O*NET,31.0,Data mining software,data mining software,1,1,0,0
O*NET,31.0,Data modeling software,data modeling software,3,3,0,0
O*NET,31.0,Data Recovery Software SQL Server Data Recovery,data recovery software sql server data recovery,1,1,0,0
O*NET,31.0,Data reduction software,data reduction software,1,1,0,0
O*NET,31.0,Data Team DDS,data team dds,1,1,0,0
O*NET,31.0,Data Technologies Summit,data technologies summit,1,1,0,0
O*NET,31.0,Data Trace Title IQ,data trace title iq,1,1,0,0
O*NET,31.0,Data transfer software,data transfer software,1,1,0,0
O*NET,31.0,Data transformation services DTS software,data transformation services dts software,2,2,0,0
O*NET,31.0,Data Translation quickDAQ,data translation quickdaq,1,1,0,0
O*NET,31.0,Data validation software,data validation software,2,2,0,0
O*NET,31.0,Data visualization software,data visualization software,22,22,0,0
O*NET,31.0,Data warehouse software,data warehouse software,2,2,0,0
O*NET,31.0,Data warehousing software,data warehousing software,1,1,0,0
O*NET,31.0,Data-Tel Ceasar,data-tel ceasar,1,1,0,0
O*NET,31.0,Database application software,database application software,2,2,0,0
O*NET,31.0,Database capacity planning software,database capacity planning software,2,2,0,0
O*NET,31.0,Database cloning software,database cloning software,2,2,0,0
O*NET,31.0,Database design software,database design software,2,2,0,0
O*NET,31.0,Database management software,database management software,8,8,0,0
O*NET,31.0,Database management system DBMS,database management system dbms,1,1,0,0
O*NET,31.0,Database management system software,database management system software,1,1,0,0
O*NET,31.0,Database management systems,database management systems,5,5,0,0
O*NET,31.0,Database reporting software,database reporting software,3,3,0,0
O*NET,31.0,Database security software,database security software,2,2,0,0
O*NET,31.0,Database software,database software,166,166,0,0
O*NET,31.0,Database Systems Corp Telemation,database systems corp telemation,1,1,0,0
O*NET,31.0,Database testing software,database testing software,2,2,0,0
O*NET,31.0,DataBasix Technologies Lead Commander,databasix technologies lead commander,1,1,0,0
O*NET,31.0,Databox,databox,2,2,0,0
O*NET,31.0,DataCom Software Business Products M.I.S. Clinic,datacom software business products m.i.s. clinic,1,1,0,0
O*NET,31.0,DataDescription DataDesk,datadescription datadesk,2,2,0,0
O*NET,31.0,Datafarm a-Pulse,datafarm a-pulse,1,1,0,0
O*NET,31.0,Datafarm eCTDGatekeeper,datafarm ectdgatekeeper,1,1,0,0
O*NET,31.0,Datafarm eCTDViewer,datafarm ectdviewer,1,1,0,0
O*NET,31.0,Datafarm S-Cubed,datafarm s-cubed,1,1,0,0
O*NET,31.0,Dataflight Opticon,dataflight opticon,1,1,0,0
O*NET,31.0,Datagroup ElectroFile 1040,datagroup electrofile 1040,1,1,0,0
O*NET,31.0,Datagroup ElectroFile ELF,datagroup electrofile elf,1,1,0,0
O*NET,31.0,Datagroup ElectroFile ST,datagroup electrofile st,1,1,0,0
O*NET,31.0,Datair Employee Benefits Systems,datair employee benefits systems,1,1,0,0
O*NET,31.0,Datalog with guidance DLWG software,datalog with guidance dlwg software,1,1,0,0
O*NET,31.0,Datamatics V-Core HR,datamatics v-core hr,1,1,0,0
O*NET,31.0,DataMystic TextPipe Pro,datamystic textpipe pro,1,1,0,0
O*NET,31.0,DATAN Merlin Fastab,datan merlin fastab,1,1,0,0
O*NET,31.0,Datanex ClaimTrac,datanex claimtrac,1,1,0,0
O*NET,31.0,DataPath dpiSuite,datapath dpisuite,1,1,0,0
O*NET,31.0,DataPipe EHS,datapipe ehs,1,1,0,0
O*NET,31.0,DATAssimilate Systems DATAssimilator,datassimilate systems datassimilator,1,1,0,0
O*NET,31.0,Datasurge GEOPRO,datasurge geopro,2,2,0,0
O*NET,31.0,DataSwell,dataswell,1,1,0,0
O*NET,31.0,Datasym SYMFINITE,datasym symfinite,2,2,0,0
O*NET,31.0,DataTeam Lunch Express,datateam lunch express,1,1,0,0
O*NET,31.0,Datatech The Farmer's Office,datatech the farmer's office,1,1,0,0
O*NET,31.0,Datatel Colleague,datatel colleague,1,1,0,0
O*NET,31.0,Datavantage,datavantage,1,1,0,0
O*NET,31.0,Datavis DBS Designer,datavis dbs designer,1,1,0,0
O*NET,31.0,DataVision,datavision,3,3,0,0
O*NET,31.0,DataViz Beyond Contacts,dataviz beyond contacts,1,1,0,0
O*NET,31.0,Datawatch Monarch,datawatch monarch,1,1,0,0
O*NET,31.0,DataWorks Plus Digital CrimeScene,dataworks plus digital crimescene,3,3,0,0
O*NET,31.0,Dataxiom StatMost,dataxiom statmost,2,2,0,0
O*NET,31.0,Dataxiom Xpro,dataxiom xpro,1,1,0,0
O*NET,31.0,DatcoMedia EBis,datcomedia ebis,1,1,0,0
O*NET,31.0,DatInf DigiMakeup,datinf digimakeup,1,1,0,0
O*NET,31.0,DaVinci Resolve,davinci resolve,2,2,0,1
O*NET,31.0,Day Software CQ5 Web Content Management,day software cq5 web content management,1,1,0,0
O*NET,31.0,DaySmart Software 123Pet,daysmart software 123pet,1,1,0,0
O*NET,31.0,DaySmart Software Appointment-Plus,daysmart software appointment-plus,3,3,0,0
O*NET,31.0,DaySmart Software Salon Iris,daysmart software salon iris,2,2,0,0
O*NET,31.0,Daystar iStructural.com,daystar istructural.com,2,2,0,0
O*NET,31.0,DAZ Productions Bryce,daz productions bryce,1,1,0,0
O*NET,31.0,DAZ Productions Carrara,daz productions carrara,1,1,0,0
O*NET,31.0,Dazzlersoft DazzlerMax,dazzlersoft dazzlermax,1,1,0,0
O*NET,31.0,DB Tech RAS,db tech ras,1,1,0,0
O*NET,31.0,dBASE,dbase,7,7,0,0
O*NET,31.0,dBASE Plus,dbase plus,4,4,0,0
O*NET,31.0,dbSNP,dbsnp,1,1,0,0
O*NET,31.0,DBTools Software DBManager Professional,dbtools software dbmanager professional,1,1,0,0
O*NET,31.0,DCI iCore,dci icore,1,1,0,0
O*NET,31.0,ddlsoftware.com drivers daily log program DDL,ddlsoftware.com drivers daily log program ddl,1,1,0,0
O*NET,31.0,De Novo Systems De Novo CaseMgr,de novo systems de novo casemgr,1,1,0,0
O*NET,31.0,Deacom ERP,deacom erp,1,1,0,0
O*NET,31.0,DealerTrax ShopOrder,dealertrax shoporder,1,1,0,0
O*NET,31.0,DealMaven Comparable Company Valuation Analysis,dealmaven comparable company valuation analysis,2,2,0,0
O*NET,31.0,DealMaven M&A Accretion/Dilution One-Pager,dealmaven m&a accretion/dilution one-pager,2,2,0,0
O*NET,31.0,DealMaven Modeling ToolPack for Excel,dealmaven modeling toolpack for excel,2,2,0,0
O*NET,31.0,DealMaven PresLink for PowerPoint and Word,dealmaven preslink for powerpoint and word,2,2,0,0
O*NET,31.0,Dean Evans & Associates EMS Professional,dean evans & associates ems professional,1,1,0,0
O*NET,31.0,Debt account management and collection software,debt account management and collection software,1,1,0,0
O*NET,31.0,Debuggers,debuggers,2,2,0,0
O*NET,31.0,Debugging software,debugging software,13,13,0,0
O*NET,31.0,Debugview,debugview,1,1,0,0
O*NET,31.0,DeChant Consulting Services iWitness,dechant consulting services iwitness,2,2,0,0
O*NET,31.0,Decision support software,decision support software,1,1,0,0
O*NET,31.0,Decision Support Technologies Propworks,decision support technologies propworks,1,1,0,0
O*NET,31.0,DecisionBase TiME for OMS,decisionbase time for oms,1,1,0,0
O*NET,31.0,Decisioneering Crystal Ball,decisioneering crystal ball,3,3,0,0
O*NET,31.0,Decompilers,decompilers,1,1,0,0
O*NET,31.0,Decorative Software Online Visualizers,decorative software online visualizers,1,1,0,0
O*NET,31.0,Deep Forest Systems OnCite,deep forest systems oncite,1,1,0,0
O*NET,31.0,DeerDays,deerdays,1,1,0,0
O*NET,31.0,Defect tracking software,defect tracking software,6,6,0,0
O*NET,31.0,Defense Travel System,defense travel system,1,1,0,0
O*NET,31.0,Definiens Developer,definiens developer,1,1,0,0
O*NET,31.0,Delcam ArtCAM Express,delcam artcam express,1,1,0,0
O*NET,31.0,Delcam computer-aided design and manufacturing software,delcam computer-aided design and manufacturing software,1,1,0,0
O*NET,31.0,Delcam FeatureCAM,delcam featurecam,1,1,0,0
O*NET,31.0,Delcam PartMaker,delcam partmaker,1,1,0,0
O*NET,31.0,Delcam PowerMILL,delcam powermill,5,5,0,0
O*NET,31.0,Delft GeoSystems MStab,delft geosystems mstab,2,2,0,0
O*NET,31.0,Delila,delila,1,1,0,0
O*NET,31.0,Delivery operations information system DOIS,delivery operations information system dois,3,3,0,0
O*NET,31.0,Delivery Routing System DRS,delivery routing system drs,2,2,0,0
O*NET,31.0,DeLorme Topo USA,delorme topo usa,1,1,0,0
O*NET,31.0,Delphi Discovery,delphi discovery,4,4,0,0
O*NET,31.0,Delphi Technology,delphi technology,43,43,0,0
O*NET,31.0,Delta Controls inteliWEB,delta controls inteliweb,1,1,0,0
O*NET,31.0,Delta Data Systems AGIS,delta data systems agis,1,1,0,0
O*NET,31.0,Deltek Costpoint,deltek costpoint,4,4,0,0
O*NET,31.0,Deltek professional services software,deltek professional services software,1,1,0,0
O*NET,31.0,Deltek Vision,deltek vision,1,1,0,0
O*NET,31.0,Denemo,denemo,1,1,0,0
O*NET,31.0,DenoSys HRiStragegy,denosys hristragegy,1,1,0,0
O*NET,31.0,Density functional theory DFT software,density functional theory dft software,1,1,0,0
O*NET,31.0,Dental billing software,dental billing software,1,1,0,0
O*NET,31.0,Dental charting software,dental charting software,2,2,0,0
O*NET,31.0,Dental clinical records software,dental clinical records software,2,2,0,0
O*NET,31.0,Dental Common Access System DENCAS,dental common access system dencas,1,1,0,0
O*NET,31.0,Dental digital radiology software,dental digital radiology software,2,2,0,0
O*NET,31.0,Dental imaging software,dental imaging software,2,2,0,0
O*NET,31.0,Dental intra-oral imaging software,dental intra-oral imaging software,2,2,0,0
O*NET,31.0,Dental office management software,dental office management software,1,1,0,0
O*NET,31.0,Dental product design software,dental product design software,1,1,0,0
O*NET,31.0,Dental product manufacturing software,dental product manufacturing software,1,1,0,0
O*NET,31.0,Dental software,dental software,1,1,0,0
O*NET,31.0,DentalEye,dentaleye,1,1,0,0
O*NET,31.0,DentiMax,dentimax,1,1,0,0
O*NET,31.0,Deoxyribonucleic acid DNA libraries,deoxyribonucleic acid dna libraries,1,1,0,0
O*NET,31.0,Deoxyribonucleic acid DNA sequence analysis software,deoxyribonucleic acid dna sequence analysis software,3,3,0,0
O*NET,31.0,Depiction Software Deco-Con,depiction software deco-con,1,1,0,0
O*NET,31.0,Depiction Software Deco-Con Estimator,depiction software deco-con estimator,1,1,0,0
O*NET,31.0,Depiction Software Hardscape Imaging,depiction software hardscape imaging,1,1,0,0
O*NET,31.0,Deployment software,deployment software,5,5,0,0
O*NET,31.0,Derivatives Imagine Trading System,derivatives imagine trading system,2,2,0,0
O*NET,31.0,Derivicom FinOptions XL,derivicom finoptions xl,3,3,0,0
O*NET,31.0,dESCO ESC,desco esc,2,2,0,0
O*NET,31.0,Design of experiments DOE software,design of experiments doe software,3,3,0,0
O*NET,31.0,Design Safety Engineering Designsafe,design safety engineering designsafe,1,1,0,0
O*NET,31.0,Design specification database software,design specification database software,1,1,0,0
O*NET,31.0,Design-for-testability DFT insertion software,design-for-testability dft insertion software,1,1,0,0
O*NET,31.0,DesignBuilder Software DesignBuilder,designbuilder software designbuilder,2,2,0,0
O*NET,31.0,DesignWare 3D EyeWitness,designware 3d eyewitness,5,5,0,0
O*NET,31.0,Desire2Learn LMS software,desire2learn lms software,39,39,0,0
O*NET,31.0,Desktop digital photogrammetry system DDPS,desktop digital photogrammetry system ddps,1,1,0,0
O*NET,31.0,Desktop partitioning software,desktop partitioning software,1,1,0,0
O*NET,31.0,Desktop Piano and Drums,desktop piano and drums,1,1,0,0
O*NET,31.0,Desktop Technologies NewsBoss,desktop technologies newsboss,1,1,0,0
O*NET,31.0,Desmos,desmos,6,6,0,0
O*NET,31.0,Detector Actuation Quasi Steady DETACT-QS,detector actuation quasi steady detact-qs,1,1,0,0
O*NET,31.0,DetNet ViewShot,detnet viewshot,1,1,0,0
O*NET,31.0,Device driver software,device driver software,1,1,0,0
O*NET,31.0,DevWave Estimate Works,devwave estimate works,2,2,0,0
O*NET,31.0,Dex Warehouse,dex warehouse,1,1,0,0
O*NET,31.0,Dexter + Cheney Spectrum Construction Software,dexter + cheney spectrum construction software,1,1,0,0
O*NET,31.0,DFA Capital Management GEMS,dfa capital management gems,1,1,0,0
O*NET,31.0,DGCC.com RecruitTrack,dgcc.com recruittrack,1,1,0,0
O*NET,31.0,DHI MIKE URBAN,dhi mike urban,2,2,0,0
O*NET,31.0,DHI Water and Environment MIKE SHE,dhi water and environment mike she,2,2,0,0
O*NET,31.0,Diagnostic and procedural coding software,diagnostic and procedural coding software,5,5,0,0
O*NET,31.0,Diagnostic image review software,diagnostic image review software,2,2,0,0
O*NET,31.0,Diagnostic scanner software,diagnostic scanner software,1,1,0,0
O*NET,31.0,Diagramming software,diagramming software,4,4,0,0
O*NET,31.0,Dialog DialogLink,dialog dialoglink,1,1,0,0
O*NET,31.0,Diameter,diameter,1,1,0,0
O*NET,31.0,Diarymaster,diarymaster,1,1,0,0
O*NET,31.0,Dictation software,dictation software,1,1,0,0
O*NET,31.0,DietMaster Systems Clinical Nutrition,dietmaster systems clinical nutrition,1,1,0,0
O*NET,31.0,DietMaster Systems DietMaster,dietmaster systems dietmaster,2,2,0,0
O*NET,31.0,DifEqu,difequ,1,1,0,0
O*NET,31.0,Diffraction Limited MaxIm DL,diffraction limited maxim dl,1,1,0,0
O*NET,31.0,Dig,dig,1,1,0,0
O*NET,31.0,digiChart OB-GYN,digichart ob-gyn,2,2,0,0
O*NET,31.0,DigiPiano,digipiano,1,1,0,0
O*NET,31.0,Digital analysis tests and statistics DATAS for Excel,digital analysis tests and statistics datas for excel,1,1,0,0
O*NET,31.0,Digital analysis tests and statistics DATAS for SAS,digital analysis tests and statistics datas for sas,1,1,0,0
O*NET,31.0,Digital Coach AthleticTrainer,digital coach athletictrainer,1,1,0,0
O*NET,31.0,Digital contract software,digital contract software,2,2,0,0
O*NET,31.0,Digital control systems DCS,digital control systems dcs,1,1,0,0
O*NET,31.0,Digital Crew Teamwork Project Manager,digital crew teamwork project manager,1,1,0,0
O*NET,31.0,Digital databases,digital databases,1,1,0,0
O*NET,31.0,Digital direct control DDC energy management software,digital direct control ddc energy management software,1,1,0,0
O*NET,31.0,Digital Dispatch,digital dispatch,2,2,0,0
O*NET,31.0,Digital elevation model DEM software,digital elevation model dem software,1,1,0,0
O*NET,31.0,Digital Engineering Corporation E-MAPS,digital engineering corporation e-maps,1,1,0,0
O*NET,31.0,Digital Equipment Corporation DIGITAL Fortran 90,digital equipment corporation digital fortran 90,2,2,0,0
O*NET,31.0,Digital Gateway e-automate,digital gateway e-automate,1,1,0,0
O*NET,31.0,Digital Healthcare OptoMize,digital healthcare optomize,1,1,0,0
O*NET,31.0,Digital image collections,digital image collections,1,1,0,0
O*NET,31.0,Digital image correlation DIC software,digital image correlation dic software,1,1,0,0
O*NET,31.0,Digital image databases,digital image databases,1,1,0,0
O*NET,31.0,Digital Image Management Solutions Crime Scene,digital image management solutions crime scene,2,2,0,0
O*NET,31.0,Digital image processing software,digital image processing software,1,1,0,0
O*NET,31.0,Digital Imaging Communications in Medicine DICOM medical imaging software,digital imaging communications in medicine dicom medical imaging software,3,3,0,0
O*NET,31.0,Digital Imaging Communications in Medicine DICOM software/modality management software,digital imaging communications in medicine dicom software/modality management software,1,1,0,0
O*NET,31.0,Digital Imaging Communications in Medicine DICOM-compatible image acquisition and integration software products,digital imaging communications in medicine dicom-compatible image acquisition and integration software products,1,1,0,0
O*NET,31.0,Digital imaging software,digital imaging software,1,1,0,0
O*NET,31.0,Digital imaging system software,digital imaging system software,1,1,0,0
O*NET,31.0,Digital karyotyping software,digital karyotyping software,1,1,0,0
O*NET,31.0,Digital mapping software,digital mapping software,2,2,0,0
O*NET,31.0,Digital terrain modeling software,digital terrain modeling software,1,1,0,0
O*NET,31.0,Digital timing diagram editing software,digital timing diagram editing software,1,1,0,0
O*NET,31.0,Digitizing and photogrammetric software,digitizing and photogrammetric software,1,1,0,0
O*NET,31.0,Digitizing software,digitizing software,1,1,0,0
O*NET,31.0,DigiTools Roof CAD,digitools roof cad,2,2,0,0
O*NET,31.0,Digivey software (expert system feature),digivey software (expert system feature),1,1,0,0
O*NET,31.0,Digivey software (point of sale feature),digivey software (point of sale feature),1,1,0,0
O*NET,31.0,DIgSILENT PowerFactory,digsilent powerfactory,1,1,0,0
O*NET,31.0,DiMeMa CONTENTdm,dimema contentdm,1,1,0,0
O*NET,31.0,Dinerware Intuitive Restaurant,dinerware intuitive restaurant,1,1,0,0
O*NET,31.0,Direct Hit Systems THREADS,direct hit systems threads,1,1,0,0
O*NET,31.0,Direct motion computer numerically controlled CNC software,direct motion computer numerically controlled cnc software,1,1,0,0
O*NET,31.0,Direct-to-tool software,direct-to-tool software,1,1,0,0
O*NET,31.0,Directory software,directory software,1,1,0,0
O*NET,31.0,Disarea 5pm,disarea 5pm,1,1,0,0
O*NET,31.0,Disassembler software,disassembler software,3,3,0,2
O*NET,31.0,Disaster recovery software,disaster recovery software,1,1,0,0
O*NET,31.0,Discrete Dynamics Lab DDLab,discrete dynamics lab ddlab,1,1,0,0
O*NET,31.0,Discrete event simulation software,discrete event simulation software,2,2,0,0
O*NET,31.0,Discrete Fourier transform DFT analysis software,discrete fourier transform dft analysis software,1,1,0,0
O*NET,31.0,Discrete ordinates DORT dose assessment computer codes,discrete ordinates dort dose assessment computer codes,1,1,0,0
O*NET,31.0,Disease Mapping and Analysis Program DMAP,disease mapping and analysis program dmap,1,1,0,0
O*NET,31.0,Disk file systems,disk file systems,1,1,0,0
O*NET,31.0,Disk operating system DOS,disk operating system dos,2,2,0,0
O*NET,31.0,Distance learning software,distance learning software,1,1,0,0
O*NET,31.0,Distributed component object model DCOM software,distributed component object model dcom software,3,3,0,0
O*NET,31.0,Distributed control system DCS,distributed control system dcs,10,10,0,0
O*NET,31.0,Distributed database management software,distributed database management software,2,2,0,0
O*NET,31.0,Distribution automation system software,distribution automation system software,1,1,0,0
O*NET,31.0,Distribution management system DMS,distribution management system dms,1,1,0,0
O*NET,31.0,DIVA-GIS,diva-gis,1,1,0,0
O*NET,31.0,Diversified Ophthalmics Practice Maximus,diversified ophthalmics practice maximus,1,1,0,0
O*NET,31.0,Diving logbook software,diving logbook software,1,1,0,0
O*NET,31.0,Diving table software,diving table software,1,1,0,0
O*NET,31.0,Django,django,21,21,21,0
O*NET,31.0,DL_POLY,dl_poly,1,1,0,0
O*NET,31.0,DM2 Bills of Lading,dm2 bills of lading,4,4,0,0
O*NET,31.0,DNA sequencing software,dna sequencing software,1,1,0,0
O*NET,31.0,DOC Cop,doc cop,38,38,0,0
O*NET,31.0,Doc.It DM,doc.it dm,1,1,0,0
O*NET,31.0,doc2MD,doc2md,1,1,0,0
O*NET,31.0,Docker,docker,28,28,28,7
O*NET,31.0,Docking and ligand binding software,docking and ligand binding software,1,1,0,0
O*NET,31.0,DocSite Registry,docsite registry,1,1,0,0
O*NET,31.0,DoctorsPartner EMR,doctorspartner emr,1,1,0,0
O*NET,31.0,DocTranslate,doctranslate,1,1,0,0
O*NET,31.0,Document creation software,document creation software,1,1,0,0
O*NET,31.0,Document imaging software,document imaging software,1,1,0,0
O*NET,31.0,Document indexing software,document indexing software,1,1,0,0
O*NET,31.0,Document management system software,document management system software,16,16,0,0
O*NET,31.0,Document Object Model DOM Scripting,document object model dom scripting,3,3,0,0
O*NET,31.0,Document publishing software,document publishing software,1,1,0,0
O*NET,31.0,Document scanning software,document scanning software,1,1,0,0
O*NET,31.0,DocumentPlus,documentplus,1,1,0,0
O*NET,31.0,DocuSign eSignature,docusign esignature,2,2,0,0
O*NET,31.0,DocuTrac QuicDoc,docutrac quicdoc,2,2,0,0
O*NET,31.0,DOE-2,doe-2,1,1,0,0
O*NET,31.0,Dolphin CAD/CAM,dolphin cad/cam,1,1,0,0
O*NET,31.0,Dolphin Imaging & Management Solutions Dolphin Management,dolphin imaging & management solutions dolphin management,2,2,0,0
O*NET,31.0,Dolphin Integration SMASH,dolphin integration smash,1,1,0,0
O*NET,31.0,Dolphin Lunar,dolphin lunar,1,1,0,0
O*NET,31.0,Domain name system DNS,domain name system dns,4,4,0,0
O*NET,31.0,Domestic Animal Diversity Information Service DAD-IS,domestic animal diversity information service dad-is,1,1,0,0
O*NET,31.0,Domin-8 Enterprise Solutions RentRight,domin-8 enterprise solutions rentright,1,1,0,0
O*NET,31.0,Domin-8 Enterprise Solutions Tenant Pro,domin-8 enterprise solutions tenant pro,2,2,0,0
O*NET,31.0,dominKnow Learning Center,dominknow learning center,2,2,0,0
O*NET,31.0,Donor management system software,donor management system software,1,1,0,0
O*NET,31.0,DORIS FILESERVERonline,doris fileserveronline,1,1,0,0
O*NET,31.0,DOS shell script,dos shell script,2,2,0,0
O*NET,31.0,Dose modeling software,dose modeling software,1,1,0,0
O*NET,31.0,Dose unit calculation software,dose unit calculation software,1,1,0,0
O*NET,31.0,Dossier software,dossier software,1,1,0,0
O*NET,31.0,dotProject,dotproject,1,1,0,0
O*NET,31.0,DoubleBridge ROSETTA Phoenix eCTD Viewer,doublebridge rosetta phoenix ectd viewer,1,1,0,0
O*NET,31.0,DoubleBridge ROSETTA Pyramid,doublebridge rosetta pyramid,1,1,0,0
O*NET,31.0,DoubleBridge ROSETTA Sceptre,doublebridge rosetta sceptre,1,1,0,0
O*NET,31.0,DoubleBridge ROSETTA Scribe,doublebridge rosetta scribe,1,1,0,0
O*NET,31.0,DoubleCheck GRC&T Platform,doublecheck grc&t platform,1,1,0,0
O*NET,31.0,Douglas Associates Forensic Filer,douglas associates forensic filer,1,1,0,0
O*NET,31.0,Dowling Associates TRAFFIX,dowling associates traffix,2,2,0,0
O*NET,31.0,doXstor Flight Level Logbook,doxstor flight level logbook,2,2,0,0
O*NET,31.0,Doxygen,doxygen,1,1,0,0
O*NET,31.0,DP Technology ESPRIT,dp technology esprit,3,3,0,0
O*NET,31.0,DPS Software General Litigation,dps software general litigation,1,1,0,0
O*NET,31.0,DQO ELIPGRID-PC,dqo elipgrid-pc,1,1,0,0
O*NET,31.0,DQO-PRO,dqo-pro,1,1,0,0
O*NET,31.0,Dr. Dispatch,dr. dispatch,1,1,0,0
O*NET,31.0,Drafting software,drafting software,1,1,0,0
O*NET,31.0,Drawing and drafting software,drawing and drafting software,4,4,0,0
O*NET,31.0,Drawing software,drawing software,4,4,0,0
O*NET,31.0,DRAWSTITCH Artistic Sewing Suite,drawstitch artistic sewing suite,1,1,0,0
O*NET,31.0,Drcauto Smart Architect LT Pro,drcauto smart architect lt pro,1,1,0,0
O*NET,31.0,Dream Computer Piano,dream computer piano,1,1,0,0
O*NET,31.0,DRG grouping software,drg grouping software,2,2,0,0
O*NET,31.0,Drillingsoftware DrillPro,drillingsoftware drillpro,1,1,0,0
O*NET,31.0,Drillingsoftware Tubular Database,drillingsoftware tubular database,1,1,0,0
O*NET,31.0,Driving simulators,driving simulators,1,1,0,0
O*NET,31.0,Drone image capturing software,drone image capturing software,1,1,0,0
O*NET,31.0,Dropbox,dropbox,25,25,0,0
O*NET,31.0,Drug coding software,drug coding software,2,2,0,0
O*NET,31.0,Drug compatibility software,drug compatibility software,1,1,0,0
O*NET,31.0,Drug database software,drug database software,2,2,0,0
O*NET,31.0,Drug guide software,drug guide software,1,1,0,0
O*NET,31.0,Drug reference software,drug reference software,1,1,0,0
O*NET,31.0,Drupal,drupal,39,39,0,1
O*NET,31.0,DSA Foxware Warehouse Management,dsa foxware warehouse management,1,1,0,0
O*NET,31.0,DSC Pacer Interactive Voice Response System,dsc pacer interactive voice response system,1,1,0,0
O*NET,31.0,DSN Software Dental-Exec,dsn software dental-exec,1,1,0,0
O*NET,31.0,DSN Software Oral Surgery-Exec,dsn software oral surgery-exec,2,2,0,0
O*NET,31.0,DSN Software Perio-Exec,dsn software perio-exec,1,1,0,0
O*NET,31.0,DSP Development DADiSP,dsp development dadisp,1,1,0,0
O*NET,31.0,dSPACE,dspace,1,1,0,0
O*NET,31.0,dtSearch,dtsearch,1,1,0,0
O*NET,31.0,Dun and Bradstreet Global DecisionMaker,dun and bradstreet global decisionmaker,2,2,0,0
O*NET,31.0,DuPont ColorNet,dupont colornet,1,1,0,0
O*NET,31.0,DuPont Spies Hecker Wizard,dupont spies hecker wizard,1,1,0,0
O*NET,31.0,Duxbury Braille Translator,duxbury braille translator,1,1,0,0
O*NET,31.0,DX Studio,dx studio,1,1,0,0
O*NET,31.0,DxCG RiskSmart,dxcg risksmart,1,1,0,0
O*NET,31.0,Dyadem FMEA Pro-6,dyadem fmea pro-6,1,1,0,0
O*NET,31.0,Dydacomp Mail Order Manager,dydacomp mail order manager,1,1,0,0
O*NET,31.0,Dynamic analysis software,dynamic analysis software,3,3,0,0
O*NET,31.0,Dynamic Energy Systems MedAct,dynamic energy systems medact,1,1,0,0
O*NET,31.0,Dynamic Graphics EarthVision,dynamic graphics earthvision,1,1,0,0
O*NET,31.0,Dynamic host configuration protocol DHCP,dynamic host configuration protocol dhcp,2,2,0,0
O*NET,31.0,Dynamic hypertext markup language DHTML,dynamic hypertext markup language dhtml,28,28,0,0
O*NET,31.0,Dynamic Loanledger,dynamic loanledger,1,1,0,0
O*NET,31.0,Dynamic modeling software,dynamic modeling software,2,2,0,0
O*NET,31.0,Dynamic object-oriented requirements system DOORS,dynamic object-oriented requirements system doors,1,1,0,0
O*NET,31.0,Dynamic positioning DP software,dynamic positioning dp software,1,1,0,0
O*NET,31.0,Dynatrace,dynatrace,1,1,0,0
O*NET,31.0,Dynix Digital Library,dynix digital library,2,2,0,0
O*NET,31.0,DZS Software Solutions ClinPlus,dzs software solutions clinplus,2,2,0,0
O*NET,31.0,E++ pattern language,e++ pattern language,3,3,0,0
O*NET,31.0,e-check software,e-check software,1,1,0,0
O*NET,31.0,e-MDs Bill,e-mds bill,2,2,0,0
O*NET,31.0,e-MDs Chart,e-mds chart,1,1,0,0
O*NET,31.0,e-MDs DocMan,e-mds docman,1,1,0,0
O*NET,31.0,e-MDs Schedule,e-mds schedule,1,1,0,0
O*NET,31.0,e-MDs software,e-mds software,12,12,0,0
O*NET,31.0,e-MDs topsChart,e-mds topschart,2,2,0,0
O*NET,31.0,e-MDs topsE&M Coder,e-mds topse&m coder,2,2,0,0
O*NET,31.0,e-MedRecords CompuKID,e-medrecords compukid,1,1,0,0
O*NET,31.0,e-on software Vue,e-on software vue,1,1,0,0
O*NET,31.0,e-on VUE,e-on vue,1,1,0,0
O*NET,31.0,E-Verify,e-verify,1,1,0,0
O*NET,31.0,E-Z BIS Office,e-z bis office,1,1,0,0
O*NET,31.0,E-Z Data SmartOffice,e-z data smartoffice,1,1,0,0
O*NET,31.0,Eagle Point LANDCADD,eagle point landcadd,2,2,0,0
O*NET,31.0,Eagle Point Site Design,eagle point site design,1,1,0,0
O*NET,31.0,Ear measurement software,ear measurement software,1,1,0,0
O*NET,31.0,Ear Works,ear works,1,1,0,0
O*NET,31.0,EarthSoft EQuIS Geology,earthsoft equis geology,3,3,0,0
O*NET,31.0,EarthVision,earthvision,1,1,0,0
O*NET,31.0,EarthWorks Downhole Explorer,earthworks downhole explorer,1,1,0,0
O*NET,31.0,Earthworks MaxiPit,earthworks maxipit,1,1,0,0
O*NET,31.0,Easy Dispatch,easy dispatch,2,2,0,0
O*NET,31.0,Easy Music Composer Free,easy music composer free,1,1,0,0
O*NET,31.0,Easy Solutions Easy Lab,easy solutions easy lab,1,1,0,0
O*NET,31.0,EasyCAD Iris 2D,easycad iris 2d,2,2,0,0
O*NET,31.0,EasyCBM,easycbm,8,8,0,0
O*NET,31.0,easyCIS,easycis,1,1,0,0
O*NET,31.0,Easypano Tourweaver,easypano tourweaver,1,1,0,0
O*NET,31.0,EasyPath Software Pathology Assistant,easypath software pathology assistant,1,1,0,0
O*NET,31.0,EasySolve Software SizePerm,easysolve software sizeperm,1,1,0,0
O*NET,31.0,Eaton Fleet Advisor,eaton fleet advisor,1,1,0,0
O*NET,31.0,Eazy Application Systems QuickEMR,eazy application systems quickemr,1,1,0,0
O*NET,31.0,Ebenefits Solutions Benefits Management,ebenefits solutions benefits management,1,1,0,0
O*NET,31.0,EBS On Line InstaPay,ebs on line instapay,1,1,0,0
O*NET,31.0,EBSCO Information Services Academic Search Premier,ebsco information services academic search premier,1,1,0,0
O*NET,31.0,EBSCO Information Services Library Literature and Information Science Index,ebsco information services library literature and information science index,1,1,0,0
O*NET,31.0,"EBSCO Library, Information Science, and Technology Abstracts LISTSA","ebsco library, information science, and technology abstracts listsa",1,1,0,0
O*NET,31.0,EBSCO OmniFile FullText Mega,ebsco omnifile fulltext mega,1,1,0,0
O*NET,31.0,EBSCO Publishing Academic Search Premier,ebsco publishing academic search premier,1,1,0,0
O*NET,31.0,EBSCO Publishing Political Science Complete,ebsco publishing political science complete,1,1,0,0
O*NET,31.0,eBuy,ebuy,1,1,0,0
O*NET,31.0,ECHIP,echip,1,1,0,0
O*NET,31.0,Echo sounder software,echo sounder software,1,1,0,0
O*NET,31.0,eChurch.com SchoolPerfect,echurch.com schoolperfect,1,1,0,0
O*NET,31.0,eClinicalWorks EHR software,eclinicalworks ehr software,48,48,48,0
O*NET,31.0,Eclipse IDE,eclipse ide,31,31,31,2
O*NET,31.0,Eclipse Jersey,eclipse jersey,1,1,0,0
O*NET,31.0,Eclipse Legal Systems Proclaim,eclipse legal systems proclaim,1,1,0,0
O*NET,31.0,EcoLogic ADAM Indoor Air Quality and Analytical Data Management,ecologic adam indoor air quality and analytical data management,2,2,0,0
O*NET,31.0,Ecological risk assessment software,ecological risk assessment software,2,2,0,0
O*NET,31.0,Econometric Software LIMDEP,econometric software limdep,5,5,0,0
O*NET,31.0,Economic Analysis Group EAG CaseTrack,economic analysis group eag casetrack,2,2,0,0
O*NET,31.0,Economic forecasting software,economic forecasting software,2,2,0,0
O*NET,31.0,Economic Input-Output Life Cycle Assessment EIO-LCA,economic input-output life cycle assessment eio-lca,1,1,0,0
O*NET,31.0,Econport,econport,1,1,0,0
O*NET,31.0,Ecotech WinAQMS,ecotech winaqms,1,1,0,0
O*NET,31.0,Ecotech WinCollect,ecotech wincollect,1,1,0,0
O*NET,31.0,eCredit Enterprise,ecredit enterprise,2,2,0,0
O*NET,31.0,ECT International Raceway Multi-Pack,ect international raceway multi-pack,1,1,0,0
O*NET,31.0,Eden Sales Manager,eden sales manager,1,1,0,0
O*NET,31.0,EDExpress,edexpress,1,1,0,0
O*NET,31.0,Edgewell Trac,edgewell trac,1,1,0,0
O*NET,31.0,Edible Software,edible software,1,1,0,0
O*NET,31.0,EDImis Anesthesia Manager,edimis anesthesia manager,2,2,0,0
O*NET,31.0,eDistrict Internet Solutions eDistrict Unified,edistrict internet solutions edistrict unified,1,1,0,0
O*NET,31.0,EditCNC,editcnc,3,3,0,0
O*NET,31.0,Editing software,editing software,1,1,0,0
O*NET,31.0,Editor Software Stylewriter,editor software stylewriter,1,1,0,0
O*NET,31.0,Edmodo,edmodo,10,10,0,0
O*NET,31.0,Edpuzzle,edpuzzle,7,7,0,0
O*NET,31.0,Education planning software,education planning software,1,1,0,0
O*NET,31.0,Educational software,educational software,4,4,0,0
O*NET,31.0,Edulastic,edulastic,3,3,0,0
O*NET,31.0,Eedo Knowledgeware Eedo Force Ten,eedo knowledgeware eedo force ten,2,2,0,0
O*NET,31.0,EEG Portaview,eeg portaview,1,1,0,0
O*NET,31.0,EEO Made Simple AAPMaker,eeo made simple aapmaker,1,1,0,0
O*NET,31.0,EEO Made Simple AppTrac,eeo made simple apptrac,1,1,0,0
O*NET,31.0,Effexoft EASI,effexoft easi,1,1,0,0
O*NET,31.0,EffTec EffTrack,efftec efftrack,2,2,0,0
O*NET,31.0,EFI Hagen OA,efi hagen oa,1,1,0,0
O*NET,31.0,eGrabber ListGrabber,egrabber listgrabber,1,1,0,0
O*NET,31.0,Egress Allsafe,egress allsafe,1,1,0,0
O*NET,31.0,Egress EVACS,egress evacs,1,1,0,0
O*NET,31.0,EGS CALCMENU,egs calcmenu,3,3,0,0
O*NET,31.0,EGS FeatureCAM,egs featurecam,1,1,0,0
O*NET,31.0,EHS CareRevolution,ehs carerevolution,2,2,0,0
O*NET,31.0,Eiffel,eiffel,5,5,0,0
O*NET,31.0,EISI NaviPlan,eisi naviplan,1,1,0,0
O*NET,31.0,ej-technologies JProfiler,ej-technologies jprofiler,1,1,0,0
O*NET,31.0,Eklin Information Systems VIA,eklin information systems via,1,1,0,0
O*NET,31.0,Eko,eko,33,33,0,0
O*NET,31.0,Ekotrope RATER,ekotrope rater,1,1,0,0
O*NET,31.0,Elasticsearch,elasticsearch,25,25,25,0
O*NET,31.0,eLawSoftware,elawsoftware,1,1,0,0
O*NET,31.0,ElearningForce JoomlaLMS,elearningforce joomlalms,2,2,0,0
O*NET,31.0,Electric Quilt Quilt Design Wizard,electric quilt quilt design wizard,1,1,0,0
O*NET,31.0,Electric Rain Swift 3D,electric rain swift 3d,1,1,0,0
O*NET,31.0,Electric Rain Swift 3D Xpress,electric rain swift 3d xpress,1,1,0,0
O*NET,31.0,Electrical power management system software,electrical power management system software,1,1,0,0
O*NET,31.0,ElectricCloud ElectricCommander,electriccloud electriccommander,1,1,0,0
O*NET,31.0,Electro Meridian Imaging EMI,electro meridian imaging emi,1,1,0,0
O*NET,31.0,Electroconvulsive therapy equipment,electroconvulsive therapy equipment,1,1,0,0
O*NET,31.0,Electromagnetic analysis software,electromagnetic analysis software,1,1,0,0
O*NET,31.0,Electromechanical testing analysis software,electromechanical testing analysis software,1,1,0,0
O*NET,31.0,Electromyograph analysis software,electromyograph analysis software,1,1,0,0
O*NET,31.0,Electronic adjudication management systems EAM,electronic adjudication management systems eam,1,1,0,0
O*NET,31.0,Electronic aircraft information databases,electronic aircraft information databases,2,2,0,0
O*NET,31.0,Electronic breadboard software,electronic breadboard software,1,1,0,0
O*NET,31.0,Electronic calendar management software,electronic calendar management software,1,1,0,0
O*NET,31.0,Electronic common technical document eCTD software,electronic common technical document ectd software,1,1,0,0
O*NET,31.0,Electronic common technical document eCTD validating software,electronic common technical document ectd validating software,1,1,0,0
O*NET,31.0,Electronic common technical document eCTD viewing software,electronic common technical document ectd viewing software,1,1,0,0
O*NET,31.0,Electronic data capture EDC software,electronic data capture edc software,2,2,0,0
O*NET,31.0,Electronic data interchange EDI software,electronic data interchange edi software,7,7,0,0
O*NET,31.0,Electronic Data Interchange EDI systems,electronic data interchange edi systems,2,2,0,0
O*NET,31.0,Electronic design automation EDA software,electronic design automation eda software,5,5,0,0
O*NET,31.0,Electronic diary software,electronic diary software,1,1,0,0
O*NET,31.0,Electronic dictionaries,electronic dictionaries,1,1,0,0
O*NET,31.0,Electronic discovery software,electronic discovery software,1,1,0,0
O*NET,31.0,Electronic document management system EDMS,electronic document management system edms,1,1,0,0
O*NET,31.0,Electronic engineering calculator,electronic engineering calculator,1,1,0,0
O*NET,31.0,Electronic filing software,electronic filing software,1,1,0,0
O*NET,31.0,Electronic health record EHR software,electronic health record ehr software,10,10,0,0
O*NET,31.0,Electronic lab notebook software,electronic lab notebook software,1,1,0,1
O*NET,31.0,Electronic medical administration record eMAR software,electronic medical administration record emar software,1,1,0,0
O*NET,31.0,Electronic medical record EMR software,electronic medical record emr software,32,32,0,0
O*NET,31.0,Electronic medical record EMR systems,electronic medical record emr systems,3,3,0,0
O*NET,31.0,Electronic Medical Records and Electronic Health Records Software IMS for Allergists,electronic medical records and electronic health records software ims for allergists,1,1,0,0
O*NET,31.0,Electronic Online Systems International EOS.Web,electronic online systems international eos.web,1,1,0,0
O*NET,31.0,Electronic Systems of Wisconsin Motor Test System software,electronic systems of wisconsin motor test system software,1,1,0,0
O*NET,31.0,Electronic Time Clock ETC,electronic time clock etc,3,3,0,0
O*NET,31.0,Electronic ToolKit for Tax Preparers,electronic toolkit for tax preparers,1,1,0,0
O*NET,31.0,Electronic tracking device software,electronic tracking device software,1,1,0,0
O*NET,31.0,Electronic train management system software,electronic train management system software,1,1,0,0
O*NET,31.0,Electronic train management systems ETMS,electronic train management systems etms,2,2,0,0
O*NET,31.0,Electronic Transcript Software ProTEXT,electronic transcript software protext,1,1,0,0
O*NET,31.0,Electronic transcription management software,electronic transcription management software,1,1,0,0
O*NET,31.0,Electronics for Imaging EFI Monarch,electronics for imaging efi monarch,1,1,0,0
O*NET,31.0,Electronics for Imaging EFI Pace,electronics for imaging efi pace,1,1,0,0
O*NET,31.0,Electrosoft FlashWorks,electrosoft flashworks,1,1,0,0
O*NET,31.0,Elekta Impac Software IntelliLab,elekta impac software intellilab,2,2,0,0
O*NET,31.0,Elekta Impac Software PowerPath,elekta impac software powerpath,1,1,0,0
O*NET,31.0,Elekta METRIQ,elekta metriq,1,1,0,0
O*NET,31.0,Element management software,element management software,4,4,0,0
O*NET,31.0,Element Software Copper,element software copper,1,1,0,0
O*NET,31.0,EleSoft Research,elesoft research,1,1,0,0
O*NET,31.0,Elevator Controls INTERACT,elevator controls interact,1,1,0,0
O*NET,31.0,Elevator evacuation ELVAC software,elevator evacuation elvac software,1,1,0,0
O*NET,31.0,Elite Minds RightWriter,elite minds rightwriter,2,2,0,0
O*NET,31.0,Elite Software DPIPE,elite software dpipe,1,1,0,0
O*NET,31.0,Elite Software E-Coord,elite software e-coord,1,1,0,0
O*NET,31.0,Elite Software Elite Salon & Spa Management,elite software elite salon & spa management,1,1,0,0
O*NET,31.0,Elite Software Elite Salon & Spa Payroll,elite software elite salon & spa payroll,1,1,0,0
O*NET,31.0,Elite Software Energy Audit,elite software energy audit,1,1,0,0
O*NET,31.0,Elite Software FIRE,elite software fire,1,1,0,0
O*NET,31.0,Elite Software HSYM,elite software hsym,1,1,0,0
O*NET,31.0,Elite Software Inpoint,elite software inpoint,1,1,0,0
O*NET,31.0,Elite Software Outpoint,elite software outpoint,1,1,0,0
O*NET,31.0,Elite Software Plumbing CAD,elite software plumbing cad,1,1,0,0
O*NET,31.0,Elite Software Short,elite software short,1,1,0,0
O*NET,31.0,Elite Software Spipe,elite software spipe,1,1,0,0
O*NET,31.0,Elite Software Sprinkler CAD,elite software sprinkler cad,1,1,0,0
O*NET,31.0,Elite Software VDROP,elite software vdrop,1,1,0,0
O*NET,31.0,Ellie Mae Contour,ellie mae contour,1,1,0,0
O*NET,31.0,Ellie Mae Genesis,ellie mae genesis,1,1,0,0
O*NET,31.0,Ellucian Banner ERP,ellucian banner erp,2,2,0,0
O*NET,31.0,Ellucian Banner Human Resources,ellucian banner human resources,1,1,0,0
O*NET,31.0,Ellucian Colleague,ellucian colleague,1,1,0,0
O*NET,31.0,Ellucian Degree Works,ellucian degree works,1,1,0,0
O*NET,31.0,ELM Resources ELM,elm resources elm,1,1,0,0
O*NET,31.0,Eloquent Systems Eloquent,eloquent systems eloquent,1,1,0,0
O*NET,31.0,ELR Software eLr Extra Language Resources,elr software elr extra language resources,2,2,0,0
O*NET,31.0,Elsevier MDL ISIS/Draw,elsevier mdl isis/draw,1,1,0,0
O*NET,31.0,Elsevier ScienceDirect,elsevier sciencedirect,1,1,0,0
O*NET,31.0,Elucidat,elucidat,1,1,0,0
O*NET,31.0,EMA TimingDesigner,ema timingdesigner,1,1,0,0
O*NET,31.0,Email management software,email management software,1,1,0,0
O*NET,31.0,Email software,email software,276,276,0,0
O*NET,31.0,eMASS,emass,1,1,0,1
O*NET,31.0,Embarcadero Delphi,embarcadero delphi,6,6,0,0
O*NET,31.0,Embarcadero ER/Studio XE,embarcadero er/studio xe,1,1,0,0
O*NET,31.0,Embarcadero JBuilder,embarcadero jbuilder,4,4,0,0
O*NET,31.0,Embarcadero Technologies DBArtisan,embarcadero technologies dbartisan,2,2,0,0
O*NET,31.0,Embedded systems development software,embedded systems development software,4,4,0,1
O*NET,31.0,Embedded systems testing software,embedded systems testing software,2,2,0,0
O*NET,31.0,EMBOSS,emboss,1,1,0,0
O*NET,31.0,Embroidery design software,embroidery design software,2,2,0,0
O*NET,31.0,EMC Captiva,emc captiva,1,1,0,0
O*NET,31.0,EMC Document Sciences xPression,emc document sciences xpression,1,1,0,0
O*NET,31.0,EMC Documentum,emc documentum,4,4,0,0
O*NET,31.0,EMC Ionix Network Configuration Manager,emc ionix network configuration manager,1,1,0,0
O*NET,31.0,EMC NetWorker,emc networker,3,3,0,0
O*NET,31.0,EMC RSA Archer Business Continuity Management,emc rsa archer business continuity management,1,1,0,0
O*NET,31.0,EMC Smarts Network Protocol Manager,emc smarts network protocol manager,1,1,0,0
O*NET,31.0,EMC Symmetrix DMX,emc symmetrix dmx,1,1,0,0
O*NET,31.0,EMD International WindPRO,emd international windpro,1,1,0,0
O*NET,31.0,Emdeon HealthPro,emdeon healthpro,1,1,0,0
O*NET,31.0,eMDs Medisoft,emds medisoft,3,3,0,0
O*NET,31.0,eMDs Practice Partner,emds practice partner,2,2,0,0
O*NET,31.0,Emerald Data Deed-Chek,emerald data deed-chek,1,1,0,0
O*NET,31.0,Emerald Insight Emerald Management Xtra,emerald insight emerald management xtra,1,1,0,0
O*NET,31.0,Emerald Software Group Emerald Green Office,emerald software group emerald green office,3,3,0,0
O*NET,31.0,Emergency Managers Weather Information Network EMWIN,emergency managers weather information network emwin,1,1,0,0
O*NET,31.0,Emergency notification system software,emergency notification system software,2,2,0,0
O*NET,31.0,Emergency Services Integrators ESi WebEOC,emergency services integrators esi webeoc,1,1,0,0
O*NET,31.0,Emerging Technologies Office Center,emerging technologies office center,1,1,0,0
O*NET,31.0,Emerson FIRSTVUE Value Sizing,emerson firstvue value sizing,1,1,0,0
O*NET,31.0,Emerson Ovation,emerson ovation,1,1,0,0
O*NET,31.0,Emissions tracking software,emissions tracking software,1,1,0,0
O*NET,31.0,Emmaus MPWord,emmaus mpword,1,1,0,0
O*NET,31.0,eMoneyAdvisor AdvisorPlatform,emoneyadvisor advisorplatform,1,1,0,0
O*NET,31.0,Empirisoft DirectRT,empirisoft directrt,1,1,0,0
O*NET,31.0,Empirisoft MediaLab,empirisoft medialab,2,2,0,0
O*NET,31.0,Employee performance management system,employee performance management system,2,2,0,0
O*NET,31.0,Employee scheduling software,employee scheduling software,8,8,0,0
O*NET,31.0,Employee self-service software,employee self-service software,2,2,0,0
O*NET,31.0,EMR Experts Pediatric EMR,emr experts pediatric emr,1,1,0,0
O*NET,31.0,EMRlogic Systems ENTERPRISE Visions,emrlogic systems enterprise visions,1,1,0,0
O*NET,31.0,EMT Applications CounselorMax,emt applications counselormax,1,1,0,0
O*NET,31.0,Emulators,emulators,1,1,0,0
O*NET,31.0,En route descent advisor EDA,en route descent advisor eda,1,1,0,0
O*NET,31.0,Enabl-u Technologies APIS,enabl-u technologies apis,1,1,0,0
O*NET,31.0,Enablez ResortSuite,enablez resortsuite,1,1,0,0
O*NET,31.0,Encite Dermatology Electronic Health Records EHR Software,encite dermatology electronic health records ehr software,1,1,0,0
O*NET,31.0,Encoded archival system EAD,encoded archival system ead,3,3,0,0
O*NET,31.0,Encoder software,encoder software,2,2,0,0
O*NET,31.0,Encompass software,encompass software,1,1,0,0
O*NET,31.0,Encompix ERP,encompix erp,1,1,0,0
O*NET,31.0,Encryption software,encryption software,10,10,0,0
O*NET,31.0,End of Run Report EOR,end of run report eor,1,1,0,0
O*NET,31.0,End-to-end encryption software,end-to-end encryption software,1,1,0,0
O*NET,31.0,Endeavour Agile ALM,endeavour agile alm,1,1,0,0
O*NET,31.0,Endicia Internet Postage,endicia internet postage,1,1,0,0
O*NET,31.0,EndoSoft,endosoft,2,2,0,0
O*NET,31.0,ENERCALC FastFrame,enercalc fastframe,1,1,0,0
O*NET,31.0,Enercom Energy Depot for Business,enercom energy depot for business,1,1,0,0
O*NET,31.0,Enercom Energy Depot for Homes,enercom energy depot for homes,1,1,0,0
O*NET,31.0,Energy analysis software,energy analysis software,1,1,0,0
O*NET,31.0,Energy auditing software,energy auditing software,1,1,0,0
O*NET,31.0,Energy cost evaluation software,energy cost evaluation software,2,2,0,0
O*NET,31.0,Energy Efficient Rehab Advisor,energy efficient rehab advisor,2,2,0,0
O*NET,31.0,Energy expenditure prediction EEP software,energy expenditure prediction eep software,1,1,0,0
O*NET,31.0,Energy management system EMS,energy management system ems,1,1,0,0
O*NET,31.0,Energy use ratings databases,energy use ratings databases,1,1,0,0
O*NET,31.0,Energy-10,energy-10,1,1,0,0
O*NET,31.0,EnergyPlus,energyplus,2,2,0,0
O*NET,31.0,EnergySoft EnergyPro,energysoft energypro,1,1,0,0
O*NET,31.0,Enertia,enertia,1,1,0,0
O*NET,31.0,Enfocus PitStop Pro,enfocus pitstop pro,1,1,0,0
O*NET,31.0,Enforcement Case Tracking System ENFORCE,enforcement case tracking system enforce,1,1,0,0
O*NET,31.0,Enggist & Grandjean EGS F&B Control,enggist & grandjean egs f&b control,2,2,0,0
O*NET,31.0,Engine analysis software,engine analysis software,2,2,0,0
O*NET,31.0,Engine diagnostic scanners,engine diagnostic scanners,1,1,0,0
O*NET,31.0,Engine diagnostic software,engine diagnostic software,1,1,0,0
O*NET,31.0,Enhanced Interior Gateway Routing Protocol EIGRP,enhanced interior gateway routing protocol eigrp,1,1,0,0
O*NET,31.0,Enigma software,enigma software,1,1,0,0
O*NET,31.0,Enova eNatro,enova enatro,1,1,0,0
O*NET,31.0,ENSEMBL,ensembl,1,1,0,0
O*NET,31.0,Enterprise application integration EAI software,enterprise application integration eai software,15,15,0,2
O*NET,31.0,Enterprise backup systems,enterprise backup systems,1,1,0,0
O*NET,31.0,Enterprise content management ECM software,enterprise content management ecm software,1,1,0,0
O*NET,31.0,Enterprise JavaBeans,enterprise javabeans,21,21,0,0
O*NET,31.0,Enterprise Logix,enterprise logix,1,1,0,0
O*NET,31.0,Enterprise report management ERM software,enterprise report management erm software,1,1,0,0
O*NET,31.0,Enterprise resource planning ERP system,enterprise resource planning erp system,3,3,0,0
O*NET,31.0,Enterprise risk management software ERMS,enterprise risk management software erms,1,1,0,0
O*NET,31.0,Enterprise Software Systems CRE Sync,enterprise software systems cre sync,1,1,0,0
O*NET,31.0,Enterprise Systems RFID Data Management,enterprise systems rfid data management,1,1,0,0
O*NET,31.0,Entity Management Software,entity management software,2,2,0,0
O*NET,31.0,EnviroData Solutions,envirodata solutions,1,1,0,0
O*NET,31.0,EnviroInsite,enviroinsite,1,1,0,0
O*NET,31.0,Environmental health and safety documentation software,environmental health and safety documentation software,2,2,0,0
O*NET,31.0,Environmental Knowledge and Assessment Tool EKAT,environmental knowledge and assessment tool ekat,1,1,0,0
O*NET,31.0,Environmental Research Services RAOB,environmental research services raob,1,1,0,0
O*NET,31.0,Environmental Software and Services SUTRA,environmental software and services sutra,1,1,0,0
O*NET,31.0,Envision Pet Grooming,envision pet grooming,1,1,0,0
O*NET,31.0,Envision Salon,envision salon,1,1,0,0
O*NET,31.0,EnzymeX,enzymex,2,2,0,0
O*NET,31.0,eOriginal eCore Business Suite,eoriginal ecore business suite,1,1,0,0
O*NET,31.0,Eos Systems PhotoModeler,eos systems photomodeler,3,3,0,0
O*NET,31.0,EPA Storm Water Management Model SWMM,epa storm water management model swmm,1,1,0,0
O*NET,31.0,EPCON International CHEMPRO Engineering Suite,epcon international chempro engineering suite,1,1,0,0
O*NET,31.0,EPCON International SiNET,epcon international sinet,1,1,0,0
O*NET,31.0,EPCON International SYSTEM 7 Process Explorer,epcon international system 7 process explorer,1,1,0,0
O*NET,31.0,ePharmaSolutions eMVR,epharmasolutions emvr,2,2,0,0
O*NET,31.0,Epic EpicCare Inpatient Clinical System,epic epiccare inpatient clinical system,3,3,0,0
O*NET,31.0,EPIC GIS,epic gis,1,1,0,0
O*NET,31.0,Epic HER,epic her,1,1,0,0
O*NET,31.0,Epic Practice Management,epic practice management,9,9,0,0
O*NET,31.0,Epic Systems,epic systems,63,63,63,21
O*NET,31.0,Epic Systems software,epic systems software,2,2,0,0
O*NET,31.0,EpicCare Ambulatory Electronic Medical Records (EMR) software,epiccare ambulatory electronic medical records (emr) software,1,1,0,0
O*NET,31.0,Epicenter Software Epilog,epicenter software epilog,1,1,0,0
O*NET,31.0,EpicLab Laboratory Information System,epiclab laboratory information system,2,2,0,0
O*NET,31.0,Epicor Loss Prevention,epicor loss prevention,1,1,0,0
O*NET,31.0,Epicor SRM,epicor srm,1,1,0,0
O*NET,31.0,Epicor Vantage ERP,epicor vantage erp,5,5,0,0
O*NET,31.0,Epicor Vista ERP,epicor vista erp,1,1,0,0
O*NET,31.0,Epicor WMS,epicor wms,1,1,0,0
O*NET,31.0,EpiData Analysis,epidata analysis,1,1,0,0
O*NET,31.0,Epidemiological software,epidemiological software,1,1,0,0
O*NET,31.0,Epinoisis Software Digital Ear,epinoisis software digital ear,1,1,0,0
O*NET,31.0,EPLAN software,eplan software,1,1,0,0
O*NET,31.0,Epocrates,epocrates,5,5,0,0
O*NET,31.0,ePOS Business Solutions System 3 POS,epos business solutions system 3 pos,1,1,0,0
O*NET,31.0,eProduction Solutions PanSystem,eproduction solutions pansystem,1,1,0,0
O*NET,31.0,ePsych,epsych,1,1,0,0
O*NET,31.0,Equal employment opportunity EEO compliance software,equal employment opportunity eeo compliance software,1,1,0,0
O*NET,31.0,Equative TimeLedger,equative timeledger,2,2,0,0
O*NET,31.0,eQuest,equest,1,1,0,0
O*NET,31.0,Equifax Advanced Decisioning,equifax advanced decisioning,2,2,0,0
O*NET,31.0,Equifax Application Engine,equifax application engine,2,2,0,0
O*NET,31.0,Equifax InterConnect,equifax interconnect,2,2,0,0
O*NET,31.0,Equifax software,equifax software,1,1,0,0
O*NET,31.0,Equipment compliance testing software,equipment compliance testing software,1,1,0,0
O*NET,31.0,Equipment management information software,equipment management information software,1,1,0,0
O*NET,31.0,Equitas EEOStat,equitas eeostat,1,1,0,0
O*NET,31.0,ERDAS ER Mapper,erdas er mapper,2,2,0,0
O*NET,31.0,Erosion Productivity Impact Calculator EPIC,erosion productivity impact calculator epic,1,1,0,0
O*NET,31.0,ERP INDUSTRIOS Material Planning,erp industrios material planning,1,1,0,0
O*NET,31.0,ERP software,erp software,6,6,0,0
O*NET,31.0,ESA MOSAICS,esa mosaics,1,1,0,0
O*NET,31.0,ESHA Research The Food Processor,esha research the food processor,2,2,0,0
O*NET,31.0,ESI Group AutoSEA2,esi group autosea2,1,1,0,0
O*NET,31.0,ESI Software ESILAW,esi software esilaw,1,1,0,0
O*NET,31.0,Esko ArtPro,esko artpro,1,1,0,0
O*NET,31.0,espSoftware Employee Schedule Partner,espsoftware employee schedule partner,1,1,0,0
O*NET,31.0,ESRI ArcCatalog,esri arccatalog,2,2,0,0
O*NET,31.0,ESRI ArcEditor,esri arceditor,2,2,0,0
O*NET,31.0,ESRI ArcExplorer,esri arcexplorer,1,1,0,0
O*NET,31.0,Esri ArcGIS,esri arcgis,9,9,0,0
O*NET,31.0,ESRI ArcGIS (analytical or scientific feature),esri arcgis (analytical or scientific feature),1,1,0,0
O*NET,31.0,ESRI ArcGIS ArcPy,esri arcgis arcpy,2,2,0,1
O*NET,31.0,ESRI ArcGIS Geostatistical Analyst,esri arcgis geostatistical analyst,3,3,0,0
O*NET,31.0,ESRI ArcGIS software,esri arcgis software,93,93,93,21
O*NET,31.0,ESRI ArcGIS Spatial Analyst,esri arcgis spatial analyst,5,5,0,0
O*NET,31.0,ESRI ArcGIS Survey 123,esri arcgis survey 123,2,2,0,2
O*NET,31.0,ESRI ArcIMS,esri arcims,5,5,0,0
O*NET,31.0,ESRI ArcInfo,esri arcinfo,17,17,0,0
O*NET,31.0,ESRI ArcLogistics,esri arclogistics,2,2,0,0
O*NET,31.0,ESRI ArcMap,esri arcmap,4,4,0,0
O*NET,31.0,ESRI ArcPad,esri arcpad,5,5,0,0
O*NET,31.0,ESRI ArcSDE,esri arcsde,2,2,0,0
O*NET,31.0,ESRI ArcToolbox,esri arctoolbox,1,1,0,0
O*NET,31.0,ESRI ArcView,esri arcview,40,40,0,1
O*NET,31.0,ESRI ArcView 3D Analyst,esri arcview 3d analyst,5,5,0,0
O*NET,31.0,ESRI Maplex,esri maplex,1,1,0,0
O*NET,31.0,ESRI MapObjects,esri mapobjects,1,1,0,0
O*NET,31.0,ESRI Personal Geodatabase,esri personal geodatabase,1,1,0,0
O*NET,31.0,ESRI Site Scan for ArcGIS,esri site scan for arcgis,3,3,0,0
O*NET,31.0,ESRI software,esri software,6,6,0,0
O*NET,31.0,ESRI What if?,esri what if?,2,2,0,0
O*NET,31.0,ESS Compliance Suite,ess compliance suite,1,1,0,0
O*NET,31.0,ESSA Technologies Path Landscape Model,essa technologies path landscape model,1,1,0,0
O*NET,31.0,ESSA TechnologiesTool for Exploratory Landscape Scenario Analyses TELSA,essa technologiestool for exploratory landscape scenario analyses telsa,1,1,0,0
O*NET,31.0,eStara Softphone,estara softphone,1,1,0,0
O*NET,31.0,Estate Capitol Needs Analysis,estate capitol needs analysis,1,1,0,0
O*NET,31.0,Estate planning software,estate planning software,2,2,0,0
O*NET,31.0,Estima RATS,estima rats,1,1,0,0
O*NET,31.0,Estima Regression Analysis of Time Series RATS,estima regression analysis of time series rats,2,2,0,0
O*NET,31.0,Estimates Delivery System EDS,estimates delivery system eds,1,1,0,0
O*NET,31.0,Estimating software,estimating software,5,5,0,0
O*NET,31.0,ETA Dynaform,eta dynaform,1,1,0,0
O*NET,31.0,eTakeoff,etakeoff,1,1,0,0
O*NET,31.0,ETAP,etap,2,2,0,2
O*NET,31.0,eTeleNext AP Anywhere,etelenext ap anywhere,1,1,0,0
O*NET,31.0,eTeleNext LIS,etelenext lis,2,2,0,0
O*NET,31.0,Ethereal,ethereal,4,4,0,0
O*NET,31.0,etouches,etouches,1,1,0,0
O*NET,31.0,EtQ Environmental Health and Safety Software,etq environmental health and safety software,1,1,0,0
O*NET,31.0,EtQ FDA cGxP Compliance Software for Life Sciences,etq fda cgxp compliance software for life sciences,1,1,0,0
O*NET,31.0,EtQ Reliance,etq reliance,1,1,0,0
O*NET,31.0,eTrac,etrac,1,1,0,0
O*NET,31.0,eTritionWare,etritionware,1,1,0,0
O*NET,31.0,Ettercap NG,ettercap ng,1,1,0,0
O*NET,31.0,Etymotic Research QuickSIN,etymotic research quicksin,1,1,0,0
O*NET,31.0,Europa World Plus,europa world plus,1,1,0,0
O*NET,31.0,European Soil Erosion Model EUROSEM,european soil erosion model eurosem,1,1,0,0
O*NET,31.0,European Southern Observatory Munich Image Data Analysis System ESO-MIDAS,european southern observatory munich image data analysis system eso-midas,1,1,0,0
O*NET,31.0,Evacuation modeling software,evacuation modeling software,1,1,0,0
O*NET,31.0,Event log monitor software,event log monitor software,1,1,0,0
O*NET,31.0,Event Management Software,event management software,1,1,0,0
O*NET,31.0,Event scheduling software,event scheduling software,2,2,0,0
O*NET,31.0,Event-driven State-machines Programming,event-driven state-machines programming,3,3,0,0
O*NET,31.0,EventHelix WebTaxi,eventhelix webtaxi,2,2,0,0
O*NET,31.0,Events Operations Software,events operations software,1,1,0,0
O*NET,31.0,Ever Team EverSuite Content Management,ever team eversuite content management,1,1,0,0
O*NET,31.0,Everest Software Advanced,everest software advanced,1,1,0,0
O*NET,31.0,Evergreen Technology Eagle Bid Estimating,evergreen technology eagle bid estimating,2,2,0,0
O*NET,31.0,Evergreen Technology Total Faux,evergreen technology total faux,1,1,0,0
O*NET,31.0,Evernote,evernote,19,19,0,0
O*NET,31.0,Evolution Computing EasyCAD,evolution computing easycad,1,1,0,0
O*NET,31.0,Evolution Computing FastCAD,evolution computing fastcad,1,1,0,0
O*NET,31.0,Evron Computer Systems SAGE PFW (Platinum For Windows),evron computer systems sage pfw (platinum for windows),1,1,0,0
O*NET,31.0,Ewing Solutions QuickWriter,ewing solutions quickwriter,1,1,0,0
O*NET,31.0,Ex Libris Group Aleph,ex libris group aleph,2,2,0,0
O*NET,31.0,Ex Libris Group DigiTool,ex libris group digitool,1,1,0,0
O*NET,31.0,Ex Libris Group Voyager,ex libris group voyager,2,2,0,0
O*NET,31.0,Exacq Technologies software,exacq technologies software,1,1,0,0
O*NET,31.0,Exact business software,exact business software,2,2,0,0
O*NET,31.0,Exact MAX,exact max,3,3,0,0
O*NET,31.0,Exact Software JobBOSS,exact software jobboss,1,1,0,0
O*NET,31.0,Exact Software Macola ERP,exact software macola erp,1,1,0,0
O*NET,31.0,Exact Software Macola ES,exact software macola es,4,4,0,0
O*NET,31.0,Exact Software Macola ES Labor Performance,exact software macola es labor performance,2,2,0,0
O*NET,31.0,ExacTax PackageEX,exactax packageex,1,1,0,0
O*NET,31.0,ExamSoft Exam Intelligence,examsoft exam intelligence,1,1,0,0
O*NET,31.0,Excavator,excavator,1,1,0,0
O*NET,31.0,ExcelTrans Translator,exceltrans translator,1,1,0,0
O*NET,31.0,eXe,exe,1,1,0,0
O*NET,31.0,Execu/Tech Systems HOTEL Premium,execu/tech systems hotel premium,1,1,0,0
O*NET,31.0,Exele TopView,exele topview,2,2,0,0
O*NET,31.0,Exercise routine creation software,exercise routine creation software,1,1,0,0
O*NET,31.0,Expedite departure path EDP software,expedite departure path edp software,1,1,0,0
O*NET,31.0,ExpenseWatch,expensewatch,1,1,0,0
O*NET,31.0,Experian Credinomics,experian credinomics,4,4,0,0
O*NET,31.0,Experian Detect,experian detect,2,2,0,0
O*NET,31.0,Experian FraudShield,experian fraudshield,2,2,0,0
O*NET,31.0,Experian Quest,experian quest,2,2,0,0
O*NET,31.0,Experian Retention Triggers,experian retention triggers,2,2,0,0
O*NET,31.0,Experian software,experian software,1,1,0,0
O*NET,31.0,Experian Strategy Management,experian strategy management,2,2,0,0
O*NET,31.0,Experian Transact SM,experian transact sm,2,2,0,0
O*NET,31.0,Experience in Software Project KickStart,experience in software project kickstart,1,1,0,0
O*NET,31.0,Experience in Software Webplanner,experience in software webplanner,2,2,0,0
O*NET,31.0,Experimental Physics and Industrial Control System EPICS,experimental physics and industrial control system epics,1,1,0,0
O*NET,31.0,Expert Health Data Programming Vitalnet,expert health data programming vitalnet,2,2,0,0
O*NET,31.0,Explorer Engineer,explorer engineer,1,1,0,0
O*NET,31.0,Express Business Valuations,express business valuations,2,2,0,0
O*NET,31.0,ExpressDigital Labtricity,expressdigital labtricity,1,1,0,0
O*NET,31.0,Expression DNA and protein sequence software,expression dna and protein sequence software,1,1,0,0
O*NET,31.0,Ext JS,ext js,16,16,0,0
O*NET,31.0,Extedo DOCvalidator,extedo docvalidator,1,1,0,0
O*NET,31.0,Extedo eCTDmanager Suite,extedo ectdmanager suite,1,1,0,0
O*NET,31.0,Extedo PLmanager,extedo plmanager,1,1,0,0
O*NET,31.0,eXtensible Business Reporting Language XBRL,extensible business reporting language xbrl,1,1,0,0
O*NET,31.0,Extensible hypertext markup language XHTML,extensible hypertext markup language xhtml,31,31,0,0
O*NET,31.0,Extensible markup language XML,extensible markup language xml,87,87,87,2
O*NET,31.0,Extensible stylesheet language transformations XSLT,extensible stylesheet language transformations xslt,6,6,0,0
O*NET,31.0,Extensible stylesheet language XSL,extensible stylesheet language xsl,5,5,0,0
O*NET,31.0,Extensity MPC,extensity mpc,1,1,0,0
O*NET,31.0,Extranet Machine Tools Suite,extranet machine tools suite,1,1,0,0
O*NET,31.0,ExtraTech Machine Tools Suite,extratech machine tools suite,1,1,0,0
O*NET,31.0,Eye Tracking Exercises Enterprises Track with Letters,eye tracking exercises enterprises track with letters,1,1,0,0
O*NET,31.0,Eyeglass design software,eyeglass design software,1,1,0,0
O*NET,31.0,Eyelit Manufacturing,eyelit manufacturing,1,1,0,0
O*NET,31.0,EyeMD EMR Healthcare Systems EyeMD EMR,eyemd emr healthcare systems eyemd emr,3,3,0,0
O*NET,31.0,EZ 2000,ez 2000,1,1,0,0
O*NET,31.0,EZ Forms,ez forms,1,1,0,0
O*NET,31.0,EZ LCMS,ez lcms,2,2,0,0
O*NET,31.0,EZ Pipe,ez pipe,1,1,0,0
O*NET,31.0,EZ Software Solutions,ez software solutions,2,2,0,0
O*NET,31.0,EZ-CAM,ez-cam,1,1,0,0
O*NET,31.0,EZ-Data Client Data System,ez-data client data system,1,1,0,0
O*NET,31.0,EZ-Ranch,ez-ranch,1,1,0,0
O*NET,31.0,EZ-Zone Optizone Enterprise,ez-zone optizone enterprise,1,1,0,0
O*NET,31.0,EZ-Zone Software Alternative Medical Billing,ez-zone software alternative medical billing,1,1,0,0
O*NET,31.0,EZ2Bill Confidant,ez2bill confidant,1,1,0,0
O*NET,31.0,EZAnalyze,ezanalyze,1,1,0,0
O*NET,31.0,EZappt,ezappt,1,1,0,0
O*NET,31.0,ezChartWriter,ezchartwriter,2,2,0,0
O*NET,31.0,EZClaim medical billing software,ezclaim medical billing software,2,2,0,0
O*NET,31.0,EZFacility Trainer Management System,ezfacility trainer management system,1,1,0,0
O*NET,31.0,EZnotes,eznotes,1,1,0,0
O*NET,31.0,Fabasoft Folio,fabasoft folio,1,1,0,0
O*NET,31.0,Facebook,facebook,135,135,135,0
O*NET,31.0,FaceTime,facetime,23,23,0,0
O*NET,31.0,Facilities design software,facilities design software,1,1,0,0
O*NET,31.0,Facilities planning software,facilities planning software,1,1,0,0
O*NET,31.0,Facility database software,facility database software,1,1,0,0
O*NET,31.0,Facility Energy Decision Systems FEDS,facility energy decision systems feds,2,2,0,0
O*NET,31.0,Facility energy management software,facility energy management software,2,2,0,0
O*NET,31.0,Facility use software,facility use software,1,1,0,0
O*NET,31.0,Factiva,factiva,2,2,0,0
O*NET,31.0,Factory Edge MRP,factory edge mrp,1,1,0,0
O*NET,31.0,FactSage,factsage,1,1,0,0
O*NET,31.0,Fagerman Technologies MedLook,fagerman technologies medlook,1,1,0,0
O*NET,31.0,Failure analysis software,failure analysis software,1,1,0,0
O*NET,31.0,Failure assessment software,failure assessment software,1,1,0,0
O*NET,31.0,Failure mode and effects analysis FMEA software,failure mode and effects analysis fmea software,5,5,0,0
O*NET,31.0,Failure mode effects and criticality analysis FMECA software,failure mode effects and criticality analysis fmeca software,2,2,0,0
O*NET,31.0,Failure modes analysis software,failure modes analysis software,1,1,0,0
O*NET,31.0,Failure modes and effects analysis FMEA software,failure modes and effects analysis fmea software,1,1,0,0
O*NET,31.0,Failure rate data in perspective FARADIP software,failure rate data in perspective faradip software,1,1,0,0
O*NET,31.0,Failure rate database software,failure rate database software,1,1,0,0
O*NET,31.0,Failure reporting analysis and corrective action FRACAS software,failure reporting analysis and corrective action fracas software,2,2,0,0
O*NET,31.0,Fair Isaac Application Risk Model Software,fair isaac application risk model software,2,2,0,0
O*NET,31.0,Fair Isaac Capstone Decision Manager,fair isaac capstone decision manager,2,2,0,0
O*NET,31.0,Fair Isaac Claims Advisor,fair isaac claims advisor,1,1,0,0
O*NET,31.0,Fair Isaac Enterprise Decision Management for Insurance,fair isaac enterprise decision management for insurance,1,1,0,0
O*NET,31.0,Fair Isaac Falcon ID,fair isaac falcon id,2,2,0,0
O*NET,31.0,Fair Isaac SmartAdvisor,fair isaac smartadvisor,1,1,0,0
O*NET,31.0,Fan System Assessment Tool FSAT,fan system assessment tool fsat,1,1,0,0
O*NET,31.0,Fanatic Software Informant,fanatic software informant,1,1,0,0
O*NET,31.0,Fannie Mae Desktop Underwriter,fannie mae desktop underwriter,3,3,0,0
O*NET,31.0,FANUC CNC,fanuc cnc,1,1,0,0
O*NET,31.0,Fanuc CNC software,fanuc cnc software,1,1,0,0
O*NET,31.0,FANUC Robotics ArcTool,fanuc robotics arctool,1,1,0,0
O*NET,31.0,FANUC Robotics Diagnostic Resource Center DRC,fanuc robotics diagnostic resource center drc,1,1,0,0
O*NET,31.0,FANUC Robotics Dual Check Safety DCS Position and Speed Check,fanuc robotics dual check safety dcs position and speed check,1,1,0,0
O*NET,31.0,FANUC Robotics HandlingTool,fanuc robotics handlingtool,1,1,0,0
O*NET,31.0,FANUC Robotics iRCalibration Vision Suite,fanuc robotics ircalibration vision suite,1,1,0,0
O*NET,31.0,FANUC Robotics iRVision,fanuc robotics irvision,2,2,0,0
O*NET,31.0,FANUC Robotics MultiARM Systems,fanuc robotics multiarm systems,1,1,0,0
O*NET,31.0,FANUC Robotics SpotTool+,fanuc robotics spottool+,1,1,0,0
O*NET,31.0,FANUC Robotics Through Arc Seam Tracking TAST,fanuc robotics through arc seam tracking tast,1,1,0,0
O*NET,31.0,FANUC Robotics Torchmate 3,fanuc robotics torchmate 3,1,1,0,0
O*NET,31.0,Farm Business Software Systems Smart Feeder,farm business software systems smart feeder,1,1,0,0
O*NET,31.0,Farm Files Crops,farm files crops,1,1,0,0
O*NET,31.0,Farm Files Livestock,farm files livestock,1,1,0,0
O*NET,31.0,Farm Management Software Hay and Crop Manager,farm management software hay and crop manager,1,1,0,0
O*NET,31.0,Farm Works Site Pro,farm works site pro,1,1,0,0
O*NET,31.0,Farm Works Software Trac,farm works software trac,2,2,0,0
O*NET,31.0,FarmLogic FarmPAD,farmlogic farmpad,1,1,0,0
O*NET,31.0,FARSITE,farsite,2,2,0,0
O*NET,31.0,FAS Loan Service Plus,fas loan service plus,1,1,0,0
O*NET,31.0,Fashion Toolbox,fashion toolbox,1,1,0,0
O*NET,31.0,Fast Fourier transform FFT analysis software,fast fourier transform fft analysis software,1,1,0,0
O*NET,31.0,FASTA,fasta,2,2,0,0
O*NET,31.0,FastCAM,fastcam,1,1,0,0
O*NET,31.0,Fastcase legal software,fastcase legal software,2,2,0,0
O*NET,31.0,FastEST FastPipe,fastest fastpipe,1,1,0,0
O*NET,31.0,FastEST software,fastest software,1,1,0,0
O*NET,31.0,FASTLINK,fastlink,1,1,0,0
O*NET,31.0,Fatigue analysis software,fatigue analysis software,1,1,0,0
O*NET,31.0,Fault detection isolation and recovery FDIR software,fault detection isolation and recovery fdir software,1,1,0,0
O*NET,31.0,Fault modeling software,fault modeling software,2,2,0,0
O*NET,31.0,Fault testing software,fault testing software,2,2,0,0
O*NET,31.0,Fault tree analysis FTA software,fault tree analysis fta software,3,3,0,0
O*NET,31.0,Faux Labs Splashup,faux labs splashup,1,1,0,0
O*NET,31.0,FBS Data Systems Flexmls,fbs data systems flexmls,1,1,0,0
O*NET,31.0,FCC Software AutoPOL Series,fcc software autopol series,1,1,0,0
O*NET,31.0,FEAR,fear,1,1,0,0
O*NET,31.0,FEAT/Firemon integrated FFI,feat/firemon integrated ffi,1,1,0,0
O*NET,31.0,FedBizOps,fedbizops,1,1,0,0
O*NET,31.0,Federal Emergency Management Information System FEMIS,federal emergency management information system femis,1,1,0,0
O*NET,31.0,Federal Renewable Energy Screening Assistant FRESA,federal renewable energy screening assistant fresa,2,2,0,0
O*NET,31.0,FedEx Ship Manager,fedex ship manager,2,2,0,0
O*NET,31.0,FedStats,fedstats,1,1,0,0
O*NET,31.0,FEEDLOT CALC,feedlot calc,1,1,0,0
O*NET,31.0,FEMA EMMIE,fema emmie,1,1,0,0
O*NET,31.0,Feng Office Collaboration Platform,feng office collaboration platform,1,1,0,0
O*NET,31.0,Ferret,ferret,2,2,0,0
O*NET,31.0,FFTPACK,fftpack,1,1,0,0
O*NET,31.0,FFTW,fftw,1,1,0,0
O*NET,31.0,Fidelity HR/Payroll,fidelity hr/payroll,1,1,0,0
O*NET,31.0,Fidessa Compliance Manager,fidessa compliance manager,1,1,0,0
O*NET,31.0,Field data recorder software,field data recorder software,1,1,0,0
O*NET,31.0,Field Operations and Records Management System (FORMS) II Lite,field operations and records management system (forms) ii lite,1,1,0,0
O*NET,31.0,Field programmable gate array FPGA design software,field programmable gate array fpga design software,5,5,0,0
O*NET,31.0,Field programmable gate array FPGA logic synthesis software,field programmable gate array fpga logic synthesis software,1,1,0,0
O*NET,31.0,Fielding Data Labs OptoMizer,fielding data labs optomizer,2,2,0,0
O*NET,31.0,FieldSoft AIMSonScene,fieldsoft aimsonscene,1,1,0,0
O*NET,31.0,Fifth Walk BillingTracker,fifth walk billingtracker,3,3,0,0
O*NET,31.0,FifthWalk BillingTracker Pro,fifthwalk billingtracker pro,1,1,0,0
O*NET,31.0,Figma,figma,9,9,9,5
O*NET,31.0,Figure 53 QLab,figure 53 qlab,1,1,0,0
O*NET,31.0,File compression software,file compression software,1,1,0,0
O*NET,31.0,File management software,file management software,1,1,0,0
O*NET,31.0,File management systems,file management systems,1,1,0,0
O*NET,31.0,File server software,file server software,3,3,0,0
O*NET,31.0,File system software,file system software,1,1,0,0
O*NET,31.0,File transfer protocol FTP client software,file transfer protocol ftp client software,1,1,0,0
O*NET,31.0,File transfer protocol FTP software,file transfer protocol ftp software,3,3,0,0
O*NET,31.0,FileHold Systems FileHold,filehold systems filehold,1,1,0,0
O*NET,31.0,FileMaker Bento,filemaker bento,1,1,0,0
O*NET,31.0,FileMaker Pro,filemaker pro,95,95,0,0
O*NET,31.0,FileMon,filemon,1,1,0,0
O*NET,31.0,FileNet P8,filenet p8,1,1,0,0
O*NET,31.0,FileVision,filevision,1,1,0,0
O*NET,31.0,Filing system software,filing system software,4,4,0,0
O*NET,31.0,Film processor tracking and management software,film processor tracking and management software,1,1,0,0
O*NET,31.0,Final approach spacing tool FAST,final approach spacing tool fast,1,1,0,0
O*NET,31.0,FinalBuilder,finalbuilder,1,1,0,0
O*NET,31.0,Finance Logix Education Planner,finance logix education planner,1,1,0,0
O*NET,31.0,Finance Logix Insurance Planner,finance logix insurance planner,1,1,0,0
O*NET,31.0,Finance Logix Retirement Planner,finance logix retirement planner,1,1,0,0
O*NET,31.0,Financeware AASim,financeware aasim,1,1,0,0
O*NET,31.0,Financeware Finance File Manager,financeware finance file manager,1,1,0,0
O*NET,31.0,Financeware WealthSimulator,financeware wealthsimulator,1,1,0,0
O*NET,31.0,Financial accounting software,financial accounting software,13,13,0,0
O*NET,31.0,Financial aid management system FAM,financial aid management system fam,1,1,0,0
O*NET,31.0,Financial calculators software,financial calculators software,1,1,0,0
O*NET,31.0,Financial Competence,financial competence,1,1,0,0
O*NET,31.0,Financial compliance software,financial compliance software,2,2,0,0
O*NET,31.0,Financial Industry Computer Systems Loan Accountant,financial industry computer systems loan accountant,1,1,0,0
O*NET,31.0,Financial Industry Computer Systems Loan Originator,financial industry computer systems loan originator,1,1,0,0
O*NET,31.0,Financial Industry Computer Systems Loan Producer,financial industry computer systems loan producer,1,1,0,0
O*NET,31.0,Financial modeling software,financial modeling software,2,2,0,0
O*NET,31.0,Financial needs analysis software,financial needs analysis software,2,2,0,0
O*NET,31.0,Financial Planning Consultants Practice Builder,financial planning consultants practice builder,1,1,0,0
O*NET,31.0,Financial planning presentation software,financial planning presentation software,1,1,0,0
O*NET,31.0,Financial planning software,financial planning software,3,3,0,0
O*NET,31.0,Financial Profiles Profiles+ Professional,financial profiles profiles+ professional,1,1,0,0
O*NET,31.0,Financial record software,financial record software,1,1,0,0
O*NET,31.0,Financial report generation software,financial report generation software,1,1,0,0
O*NET,31.0,Financial reporting software,financial reporting software,4,4,0,0
O*NET,31.0,Financial statement software,financial statement software,2,2,0,0
O*NET,31.0,Financial tracking software,financial tracking software,1,1,0,0
O*NET,31.0,Financial transaction analysis software,financial transaction analysis software,1,1,0,0
O*NET,31.0,FindForms,findforms,1,1,0,0
O*NET,31.0,FindLaw Code of Federal Regulations CFR,findlaw code of federal regulations cfr,1,1,0,0
O*NET,31.0,FindTarget,findtarget,1,1,0,0
O*NET,31.0,FinEng Solutions PerfoRM,fineng solutions perform,2,2,0,0
O*NET,31.0,FinEng Solutions Quantis,fineng solutions quantis,2,2,0,0
O*NET,31.0,FINEOS Insure,fineos insure,1,1,0,0
O*NET,31.0,Fingerprint databases,fingerprint databases,1,1,0,0
O*NET,31.0,Finite difference time domain FDTD software,finite difference time domain fdtd software,2,2,0,0
O*NET,31.0,Finite element analysis FEA software,finite element analysis fea software,7,7,0,0
O*NET,31.0,Finite element analysis software,finite element analysis software,3,3,0,0
O*NET,31.0,Finite element method FEM software,finite element method fem software,11,11,0,0
O*NET,31.0,Finite Matters PatternStream,finite matters patternstream,1,1,0,0
O*NET,31.0,Fire behavior modeling software,fire behavior modeling software,1,1,0,0
O*NET,31.0,Fire dynamics simulators,fire dynamics simulators,1,1,0,0
O*NET,31.0,Fire Dynamics Software FDS,fire dynamics software fds,1,1,0,0
O*NET,31.0,Fire incident reporting systems,fire incident reporting systems,3,3,0,0
O*NET,31.0,Fire Protection Engineering Tools FPETool software,fire protection engineering tools fpetool software,1,1,0,0
O*NET,31.0,Fire Response of Structures Thermal FIRES-T software,fire response of structures thermal fires-t software,1,1,0,0
O*NET,31.0,Fire safety inspection and testing software,fire safety inspection and testing software,1,1,0,0
O*NET,31.0,Fire Simulation Technique FIRST software,fire simulation technique first software,1,1,0,0
O*NET,31.0,Fire Spread Probability FSPro,fire spread probability fspro,1,1,0,0
O*NET,31.0,FIRECALC fire zone modeling software,firecalc fire zone modeling software,1,1,0,0
O*NET,31.0,Firewall software,firewall software,20,20,0,11
O*NET,31.0,First American CoreLogic RealQuest Pro,first american corelogic realquest pro,1,1,0,0
O*NET,31.0,First American Data Tree Parcel IQ,first american data tree parcel iq,1,1,0,0
O*NET,31.0,FIRST Flooring,first flooring,1,1,0,0
O*NET,31.0,First Insight E-Z Frame,first insight e-z frame,1,1,0,0
O*NET,31.0,First Insight MaximEyes,first insight maximeyes,2,2,0,0
O*NET,31.0,First Notice Systems ClaimCapture,first notice systems claimcapture,1,1,0,0
O*NET,31.0,Fiserv Advanced Underwriting,fiserv advanced underwriting,1,1,0,0
O*NET,31.0,Fiserv financial services software,fiserv financial services software,1,1,0,0
O*NET,31.0,Fiserv FSC Manager,fiserv fsc manager,1,1,0,0
O*NET,31.0,Fiserv PEP+ reACH,fiserv pep+ reach,1,1,0,0
O*NET,31.0,Fish stocking databases,fish stocking databases,1,1,0,0
O*NET,31.0,Fishbowl Warehouse,fishbowl warehouse,1,1,0,0
O*NET,31.0,FishXing,fishxing,2,2,0,0
O*NET,31.0,FitNesse,fitnesse,2,2,0,0
O*NET,31.0,Fitts Geosolutions TWODAN,fitts geosolutions twodan,1,1,0,0
O*NET,31.0,Fixed income alternative trading systems ATS,fixed income alternative trading systems ats,1,1,0,0
O*NET,31.0,Fixed-assets depreciation software,fixed-assets depreciation software,1,1,0,0
O*NET,31.0,FlamMap,flammap,2,2,0,0
O*NET,31.0,FlashCut CNC,flashcut cnc,1,1,0,0
O*NET,31.0,Flask,flask,1,1,0,0
O*NET,31.0,Flat File Checker,flat file checker,2,2,0,0
O*NET,31.0,Fleet Asset Management and Optimization Solutions FAMOS PEPSE,fleet asset management and optimization solutions famos pepse,1,1,0,0
O*NET,31.0,Fleet management software,fleet management software,4,4,0,0
O*NET,31.0,Fleet management systems,fleet management systems,1,1,0,0
O*NET,31.0,Fleet monitoring system software,fleet monitoring system software,1,1,0,0
O*NET,31.0,Fleetware software,fleetware software,1,1,0,0
O*NET,31.0,Fletcher-Flora Health Care Systems FFlex eSuite LIS,fletcher-flora health care systems fflex esuite lis,2,2,0,0
O*NET,31.0,Fletcher-Flora Health Care Systems LabPak LIS,fletcher-flora health care systems labpak lis,2,2,0,0
O*NET,31.0,FlexBox,flexbox,2,2,0,0
O*NET,31.0,Flexible dynamics modeling software,flexible dynamics modeling software,1,1,0,0
O*NET,31.0,FlexiFinancials FlexiLedger,flexifinancials flexiledger,1,1,0,0
O*NET,31.0,FlexiMusic Composer,fleximusic composer,1,1,0,0
O*NET,31.0,FlexTraining Total e-Learning Solution,flextraining total e-learning solution,2,2,0,0
O*NET,31.0,Flight simulation software,flight simulation software,2,2,0,0
O*NET,31.0,Flipgrid,flipgrid,23,23,0,0
O*NET,31.0,FLIR Thermal Studio Suite,flir thermal studio suite,3,3,0,0
O*NET,31.0,Flood modeling software,flood modeling software,1,1,0,0
O*NET,31.0,FloodMaps,floodmaps,1,1,0,0
O*NET,31.0,Floor planning software,floor planning software,2,2,0,0
O*NET,31.0,FloorCOST Estimator for Excel,floorcost estimator for excel,2,2,0,0
O*NET,31.0,Flooring Technologies QFloors,flooring technologies qfloors,3,3,0,0
O*NET,31.0,Floriani MDQ My Decorative Quilter,floriani mdq my decorative quilter,1,1,0,0
O*NET,31.0,FLorida Object Oriented Design Simulator FLOODS,florida object oriented design simulator floods,1,1,0,0
O*NET,31.0,FLorida Object Oriented Process Simulator FLOOPS,florida object oriented process simulator floops,1,1,0,0
O*NET,31.0,Flow Analysis Software Toolkit FAST,flow analysis software toolkit fast,1,1,0,0
O*NET,31.0,Flow chart software,flow chart software,3,3,0,0
O*NET,31.0,Flowcharting software,flowcharting software,1,1,0,0
O*NET,31.0,FlowJo,flowjo,1,1,0,0
O*NET,31.0,Floydware Rosy,floydware rosy,1,1,0,0
O*NET,31.0,Fluent FloWizard,fluent flowizard,1,1,0,0
O*NET,31.0,FluidSurveys,fluidsurveys,1,1,0,0
O*NET,31.0,Fluke ClearSight Analyzer,fluke clearsight analyzer,1,1,0,0
O*NET,31.0,Fluke Corporation FlukeView Forms,fluke corporation flukeview forms,2,2,0,0
O*NET,31.0,Fluke Networks Enterprise LANMeter,fluke networks enterprise lanmeter,1,1,0,0
O*NET,31.0,Fluke Networks Fluke TechEXPERT,fluke networks fluke techexpert,1,1,0,0
O*NET,31.0,Fluke Networks TechAdvisor Field Access System,fluke networks techadvisor field access system,1,1,0,0
O*NET,31.0,FlukeView Forms,flukeview forms,1,1,0,0
O*NET,31.0,Flying PopCorn,flying popcorn,1,1,0,0
O*NET,31.0,Focus Floor Covering Software,focus floor covering software,2,2,0,0
O*NET,31.0,Focus point of sale POS software,focus point of sale pos software,1,1,0,0
O*NET,31.0,Fog Creek Software FogBugz,fog creek software fogbugz,1,1,0,0
O*NET,31.0,Fog Line Software Truckn Pro,fog line software truckn pro,1,1,0,0
O*NET,31.0,FoldX,foldx,1,1,0,0
O*NET,31.0,FOLLOW code,follow code,1,1,0,0
O*NET,31.0,Food inventory software,food inventory software,1,1,0,0
O*NET,31.0,Food safety labeling systems,food safety labeling systems,1,1,0,0
O*NET,31.0,Food Service Solutions FoodCo,food service solutions foodco,2,2,0,0
O*NET,31.0,Food Service Solutions POSitive ID System,food service solutions positive id system,1,1,0,0
O*NET,31.0,Food Services Solutions DayCap,food services solutions daycap,1,1,0,0
O*NET,31.0,Foodman Home-Delivery,foodman home-delivery,3,3,0,0
O*NET,31.0,Footmaxx Metascan software,footmaxx metascan software,1,1,0,0
O*NET,31.0,Force platform software,force platform software,1,1,0,0
O*NET,31.0,Force sensitive applications FSA software,force sensitive applications fsa software,1,1,0,0
O*NET,31.0,Foresoft CDS Cogo,foresoft cds cogo,1,1,0,0
O*NET,31.0,Foresoft CDS Model,foresoft cds model,1,1,0,0
O*NET,31.0,Forest EcoSurvey,forest ecosurvey,1,1,0,0
O*NET,31.0,Forest Metrix,forest metrix,1,1,0,0
O*NET,31.0,Forest vegetation simulators,forest vegetation simulators,1,1,0,0
O*NET,31.0,Forest yield software,forest yield software,1,1,0,0
O*NET,31.0,Formlink HydroGEN,formlink hydrogen,1,1,0,0
O*NET,31.0,Formula translation/translator FORTRAN,formula translation/translator fortran,30,30,0,0
O*NET,31.0,Forsk Atoll,forsk atoll,1,1,0,1
O*NET,31.0,ForteEMR,forteemr,1,1,0,0
O*NET,31.0,Forth,forth,3,3,0,0
O*NET,31.0,ForTheRecord TheRecord Player,fortherecord therecord player,1,1,0,0
O*NET,31.0,Fortius Lab Systems Clinical LIS,fortius lab systems clinical lis,1,1,0,0
O*NET,31.0,Fortran,fortran,1,1,0,0
O*NET,31.0,Fortress Medical Clindex,fortress medical clindex,1,1,0,0
O*NET,31.0,Forum One Communications ProjectSpaces,forum one communications projectspaces,1,1,0,0
O*NET,31.0,Foundatino Directory Online (FDO),foundatino directory online (fdo),1,1,0,0
O*NET,31.0,Fountains Forestry TwoDog,fountains forestry twodog,1,1,0,0
O*NET,31.0,Four Soft 4S eLog,four soft 4s elog,2,2,0,0
O*NET,31.0,Four Soft 4S VisiLog,four soft 4s visilog,2,2,0,0
O*NET,31.0,Fourier transform infrared FTIR software,fourier transform infrared ftir software,1,1,0,0
O*NET,31.0,Fox Meadows Accent Data Manager,fox meadows accent data manager,2,2,0,0
O*NET,31.0,Fox Meadows ChartingPlus,fox meadows chartingplus,2,2,0,0
O*NET,31.0,Fox Meadows EncounterManager,fox meadows encountermanager,2,2,0,0
O*NET,31.0,Fox Meadows Software MediNotes e,fox meadows software medinotes e,1,1,0,0
O*NET,31.0,FPA Software MACCS,fpa software maccs,3,3,0,0
O*NET,31.0,Fractal Concept SoftScan,fractal concept softscan,1,1,0,0
O*NET,31.0,Fractal pattern analysis software,fractal pattern analysis software,2,2,0,0
O*NET,31.0,FramePlot,frameplot,1,1,0,0
O*NET,31.0,Framework for integrated test FIT,framework for integrated test fit,1,1,0,0
O*NET,31.0,FranklinCovey TabletPlanner,franklincovey tabletplanner,1,1,0,0
O*NET,31.0,Fred's Tip Cartridge Picker,fred's tip cartridge picker,1,1,0,0
O*NET,31.0,Freddie Mac Loan Prospector,freddie mac loan prospector,2,2,0,0
O*NET,31.0,Freedom MedTEACH,freedom medteach,1,1,0,0
O*NET,31.0,Freedom Scientific MAGic,freedom scientific magic,1,1,0,0
O*NET,31.0,Freescale CodeWarrior Tools,freescale codewarrior tools,1,1,0,0
O*NET,31.0,FreeSurfer,freesurfer,1,1,0,0
O*NET,31.0,Freeverse Lineform,freeverse lineform,1,1,0,0
O*NET,31.0,Freeze.com Ovation Studio Pro,freeze.com ovation studio pro,1,1,0,0
O*NET,31.0,Freight Rail Crew Optimization Scheduling FRCOS software,freight rail crew optimization scheduling frcos software,1,1,0,0
O*NET,31.0,Freight reservation software,freight reservation software,1,1,0,0
O*NET,31.0,Freight+,freight+,1,1,0,0
O*NET,31.0,FreightDATA,freightdata,1,1,0,0
O*NET,31.0,Front Desk,front desk,1,1,0,0
O*NET,31.0,FRSGlobal RegPro,frsglobal regpro,1,1,0,0
O*NET,31.0,FRx Software Microsoft Forecaster,frx software microsoft forecaster,1,1,0,0
O*NET,31.0,FRx Software Microsoft FRx,frx software microsoft frx,1,1,0,0
O*NET,31.0,FSC Business Solutions Department Managers' Toolkit,fsc business solutions department managers' toolkit,1,1,0,0
O*NET,31.0,FTI Ringtail Legal,fti ringtail legal,1,1,0,0
O*NET,31.0,Ftree,ftree,1,1,0,0
O*NET,31.0,Fuel Characteristic Classification System FCCS,fuel characteristic classification system fccs,1,1,0,0
O*NET,31.0,Fugitive emission leak detection software,fugitive emission leak detection software,2,2,0,0
O*NET,31.0,Fujifilm Synapse,fujifilm synapse,1,1,0,0
O*NET,31.0,Fujitsu BioMedCache,fujitsu biomedcache,1,1,0,0
O*NET,31.0,Fujitsu MOPAC,fujitsu mopac,1,1,0,0
O*NET,31.0,FullHouse Software Investment Property Manager,fullhouse software investment property manager,1,1,0,0
O*NET,31.0,Fully Integrated Environmental Location Decision Support FIELDS,fully integrated environmental location decision support fields,1,1,0,0
O*NET,31.0,Functional hazard analysis software,functional hazard analysis software,1,1,0,0
O*NET,31.0,Functional modeling software,functional modeling software,1,1,0,0
O*NET,31.0,Functional testing software,functional testing software,3,3,0,0
O*NET,31.0,Functional verification software,functional verification software,1,1,0,0
O*NET,31.0,Fund accounting software,fund accounting software,36,36,0,0
O*NET,31.0,Fund Software ATIDS,fund software atids,1,1,0,0
O*NET,31.0,Fundamental Objects foAudits,fundamental objects foaudits,1,1,0,0
O*NET,31.0,FundCount Web,fundcount web,1,1,0,0
O*NET,31.0,FunEducation Outstart Trainer,funeducation outstart trainer,1,1,0,0
O*NET,31.0,FuneralKiosk,funeralkiosk,1,1,0,0
O*NET,31.0,funeralOne Life Tributes,funeralone life tributes,1,1,0,0
O*NET,31.0,FURUNO navigational chart software,furuno navigational chart software,1,1,0,0
O*NET,31.0,Fused deposition modeling FDM rapid prototyping systems,fused deposition modeling fdm rapid prototyping systems,1,1,0,0
O*NET,31.0,Futura International O.P.S.,futura international o.p.s.,1,1,0,0
O*NET,31.0,Future Information Research Management Confirmit,future information research management confirmit,1,1,0,0
O*NET,31.0,Fuze cloud communications and collaboration software,fuze cloud communications and collaboration software,1,1,0,0
O*NET,31.0,FYI Technologies Dr. Ceph,fyi technologies dr. ceph,1,1,0,0
O*NET,31.0,FYI Technologies Dr. View,fyi technologies dr. view,1,1,0,0
O*NET,31.0,G&P Engineering Software EngVert,g&p engineering software engvert,1,1,0,0
O*NET,31.0,G&P Engineering Software PhysProps,g&p engineering software physprops,1,1,0,0
O*NET,31.0,G&P Engineering Software PipeDrop,g&p engineering software pipedrop,1,1,0,0
O*NET,31.0,G-code,g-code,7,7,0,3
O*NET,31.0,G-Cube Solutions Wizdom Web LMS,g-cube solutions wizdom web lms,2,2,0,0
O*NET,31.0,g-net solutions MTP,g-net solutions mtp,1,1,0,0
O*NET,31.0,G2X Agility:Insurance,g2x agility:insurance,1,1,0,0
O*NET,31.0,GAC International OrthoPlex,gac international orthoplex,1,1,0,0
O*NET,31.0,GAEA Technologies Packet ESA,gaea technologies packet esa,1,1,0,0
O*NET,31.0,GAEA Technologies WinLog,gaea technologies winlog,1,1,0,0
O*NET,31.0,GAEA Technologies WinSieve,gaea technologies winsieve,3,3,0,0
O*NET,31.0,Gait analysis software,gait analysis software,3,3,0,0
O*NET,31.0,GalacTek ECLIPSE,galactek eclipse,10,10,0,0
O*NET,31.0,Galaxy Technologies TimeStar Enterprise,galaxy technologies timestar enterprise,1,1,0,0
O*NET,31.0,Gale Cengage Learning Associations Unlimited,gale cengage learning associations unlimited,1,1,0,0
O*NET,31.0,Gale Expanded Academic ASAP PLUS,gale expanded academic asap plus,1,1,0,0
O*NET,31.0,Galilee Enterprise TargetPro,galilee enterprise targetpro,1,1,0,0
O*NET,31.0,Galileo 360 Fares,galileo 360 fares,1,1,0,0
O*NET,31.0,Gallery Systems EmbARK,gallery systems embark,2,2,0,0
O*NET,31.0,Gallery Systems The Museum System,gallery systems the museum system,2,2,0,0
O*NET,31.0,Galor Travel Booster,galor travel booster,1,1,0,0
O*NET,31.0,Galorath SEER,galorath seer,1,1,0,0
O*NET,31.0,Galorath SEER-SEM,galorath seer-sem,2,2,0,0
O*NET,31.0,Gambit Scheme,gambit scheme,3,3,0,0
O*NET,31.0,GAMESS-US,gamess-us,1,1,0,0
O*NET,31.0,Gamma Associates mTab,gamma associates mtab,1,1,0,0
O*NET,31.0,Gamma camera software,gamma camera software,1,1,0,0
O*NET,31.0,Gamma remote sensing software,gamma remote sensing software,1,1,0,0
O*NET,31.0,Gamma Technologies GT-SUITE,gamma technologies gt-suite,1,1,0,0
O*NET,31.0,Gamma waste assay system GWAS,gamma waste assay system gwas,1,1,0,0
O*NET,31.0,GanttProject,ganttproject,1,1,0,0
O*NET,31.0,Garment design software,garment design software,1,1,0,0
O*NET,31.0,Garment tracking software,garment tracking software,1,1,0,0
O*NET,31.0,Garmin City Select,garmin city select,1,1,0,0
O*NET,31.0,Gas chromatograph GS software,gas chromatograph gs software,1,1,0,0
O*NET,31.0,Gas dispersion model software,gas dispersion model software,2,2,0,0
O*NET,31.0,Gas field monitoring system software,gas field monitoring system software,1,1,0,0
O*NET,31.0,Gateway to Logic,gateway to logic,1,1,0,0
O*NET,31.0,GATORS ANYWHERE,gators anywhere,1,1,0,0
O*NET,31.0,Gaussian GaussView,gaussian gaussview,1,1,0,0
O*NET,31.0,Gaussian software,gaussian software,3,3,0,0
O*NET,31.0,Gavel & Gown Software Amicus Attorney,gavel & gown software amicus attorney,1,1,0,0
O*NET,31.0,Gazebo,gazebo,1,1,0,0
O*NET,31.0,GBS Agency Expert,gbs agency expert,1,1,0,0
O*NET,31.0,GCS Property Assessment and Tax Billing,gcs property assessment and tax billing,1,1,0,0
O*NET,31.0,GE Energy GateCycle,ge energy gatecycle,2,2,0,0
O*NET,31.0,GE Energy Positive Sequence Load Flow Software PSLF,ge energy positive sequence load flow software pslf,1,1,0,0
O*NET,31.0,GE Fanuc Automation VersaPro,ge fanuc automation versapro,1,1,0,0
O*NET,31.0,GE Fanuc Proficy Machine Edition,ge fanuc proficy machine edition,1,1,0,0
O*NET,31.0,GE Healthcare Centricity EMR,ge healthcare centricity emr,22,22,0,0
O*NET,31.0,GE Healthcare Centricity Laboratory,ge healthcare centricity laboratory,2,2,0,0
O*NET,31.0,GE Healthcare Centricity Laboratory Anatomic Pathology/Cytology,ge healthcare centricity laboratory anatomic pathology/cytology,1,1,0,0
O*NET,31.0,GE Healthcare Centricity Laboratory Transfusion Medicine,ge healthcare centricity laboratory transfusion medicine,1,1,0,0
O*NET,31.0,GE Healthcare Centricity Practice Solution,ge healthcare centricity practice solution,9,9,0,0
O*NET,31.0,GE Healthcare ImageQuant TL,ge healthcare imagequant tl,2,2,0,0
O*NET,31.0,GE Healthcare Logician,ge healthcare logician,2,2,0,0
O*NET,31.0,GE Healthcare ViewPoint for Radiology,ge healthcare viewpoint for radiology,1,1,0,0
O*NET,31.0,GE Healthcare ViewPoint Solutions,ge healthcare viewpoint solutions,1,1,0,0
O*NET,31.0,GE Intelligent Platforms Proficy HMI/SCADA iFIX,ge intelligent platforms proficy hmi/scada ifix,1,1,0,0
O*NET,31.0,GE Sensing & Inspection Technologies Rhythm UT,ge sensing & inspection technologies rhythm ut,1,1,0,0
O*NET,31.0,Geac MPC Production,geac mpc production,2,2,0,0
O*NET,31.0,Geant4,geant4,1,1,0,0
O*NET,31.0,gEDA,geda,1,1,0,0
O*NET,31.0,Gel documentation software,gel documentation software,1,1,0,0
O*NET,31.0,Gem identification databases,gem identification databases,1,1,0,0
O*NET,31.0,GemCad,gemcad,1,1,0,0
O*NET,31.0,Gemcom GEMS,gemcom gems,1,1,0,0
O*NET,31.0,Gemcom PCBC,gemcom pcbc,1,1,0,0
O*NET,31.0,Gemcom Surpac,gemcom surpac,2,2,0,0
O*NET,31.0,Gemcom Whittle,gemcom whittle,1,1,0,0
O*NET,31.0,GenBank,genbank,1,1,0,0
O*NET,31.0,Genbook,genbook,1,1,0,0
O*NET,31.0,Gendex Dental Systems VixWin PRO,gendex dental systems vixwin pro,1,1,0,0
O*NET,31.0,Gene Codes Sequencher,gene codes sequencher,3,3,0,0
O*NET,31.0,Gene Finder,gene finder,1,1,0,0
O*NET,31.0,Gene Recognition and Assembly Internet Link GRAIL,gene recognition and assembly internet link grail,1,1,0,0
O*NET,31.0,Gene recognition software,gene recognition software,1,1,0,0
O*NET,31.0,Gene Runner,gene runner,1,1,0,0
O*NET,31.0,Genealogy software,genealogy software,1,1,0,0
O*NET,31.0,Genedata Expressionist,genedata expressionist,1,1,0,0
O*NET,31.0,GenePattern,genepattern,1,1,0,0
O*NET,31.0,General algebraic modeling system GAMS,general algebraic modeling system gams,2,2,0,0
O*NET,31.0,General Atomic and Molecular Electronic Structure System GAMESS,general atomic and molecular electronic structure system gamess,1,1,0,0
O*NET,31.0,General Electric Mark VI Distributed Control System DCS,general electric mark vi distributed control system dcs,1,1,0,0
O*NET,31.0,General Electric Mark VI Integrated Control System ICS,general electric mark vi integrated control system ics,1,1,0,0
O*NET,31.0,General Examination System GENESYS,general examination system genesys,1,1,0,0
O*NET,31.0,General ledger software,general ledger software,4,4,0,0
O*NET,31.0,General Magic Portico,general magic portico,1,1,0,0
O*NET,31.0,General Structural Analysis System GSAS,general structural analysis system gsas,1,1,0,0
O*NET,31.0,Genesis Dental,genesis dental,1,1,0,0
O*NET,31.0,Genesys PeopleComeFirst,genesys peoplecomefirst,1,1,0,0
O*NET,31.0,Genetic algorithm optimization software,genetic algorithm optimization software,2,2,0,0
O*NET,31.0,Genetic algorithm software,genetic algorithm software,2,2,0,0
O*NET,31.0,Genetic database software,genetic database software,1,1,0,0
O*NET,31.0,Genetics computer group GSG software,genetics computer group gsg software,1,1,0,0
O*NET,31.0,Genetix CytoVision,genetix cytovision,1,1,0,0
O*NET,31.0,Genial Genetics iPassport QMS,genial genetics ipassport qms,1,1,0,0
O*NET,31.0,Genial Genetics Shire,genial genetics shire,1,1,0,0
O*NET,31.0,Genie Interactive,genie interactive,1,1,0,0
O*NET,31.0,Geniel Genetics iGene,geniel genetics igene,1,1,0,0
O*NET,31.0,GenieSoft Overture,geniesoft overture,1,1,0,0
O*NET,31.0,Genisys Fast Fixes,genisys fast fixes,1,1,0,0
O*NET,31.0,Genlex CaseAce,genlex caseace,1,1,0,0
O*NET,31.0,Genome Analysis Toolkit GATK,genome analysis toolkit gatk,2,2,0,0
O*NET,31.0,Genotyping software,genotyping software,1,1,0,0
O*NET,31.0,GENSCAN,genscan,1,1,0,0
O*NET,31.0,Gensuite,gensuite,1,1,0,0
O*NET,31.0,Geo-Logic Systems LithoTect Interpreter,geo-logic systems lithotect interpreter,1,1,0,0
O*NET,31.0,Geo-Plus,geo-plus,1,1,0,0
O*NET,31.0,GEO-SLOPE GeoStudio,geo-slope geostudio,1,1,0,0
O*NET,31.0,GEO-SLOPE SEEP/W,geo-slope seep/w,2,2,0,0
O*NET,31.0,GeoAgro GIS,geoagro gis,1,1,0,0
O*NET,31.0,GeoCenter SeisUP,geocenter seisup,1,1,0,0
O*NET,31.0,Geocomp Systems GeoCalc,geocomp systems geocalc,1,1,0,0
O*NET,31.0,Geocomp Systems GeoNav,geocomp systems geonav,1,1,0,0
O*NET,31.0,GEOCOMtms A.Maze Planning,geocomtms a.maze planning,1,1,0,0
O*NET,31.0,GeoCue LIDAR and drone mapping software,geocue lidar and drone mapping software,1,1,0,0
O*NET,31.0,GeoCue PointVue LE,geocue pointvue le,1,1,0,0
O*NET,31.0,GeoDa,geoda,1,1,0,0
O*NET,31.0,Geodetic software,geodetic software,1,1,0,0
O*NET,31.0,GEOEAS,geoeas,1,1,0,0
O*NET,31.0,Geogebra,geogebra,4,4,0,0
O*NET,31.0,Geographic information system GIS databases,geographic information system gis databases,1,1,0,0
O*NET,31.0,Geographic information system GIS marketing software,geographic information system gis marketing software,1,1,0,0
O*NET,31.0,Geographic information system GIS software,geographic information system gis software,71,71,0,2
O*NET,31.0,Geographic information system GIS systems,geographic information system gis systems,60,60,0,18
O*NET,31.0,Geographic resources analysis support system GRASS,geographic resources analysis support system grass,6,6,0,0
O*NET,31.0,GeoGraphix ARIES Portfolio,geographix aries portfolio,1,1,0,0
O*NET,31.0,Geological mapping software,geological mapping software,1,1,0,0
O*NET,31.0,Geomechanical design analysis GDA software,geomechanical design analysis gda software,14,14,0,0
O*NET,31.0,Geomechanical stress analysis software,geomechanical stress analysis software,1,1,0,0
O*NET,31.0,Geometric CAMWorks,geometric camworks,3,3,0,0
O*NET,31.0,Geometric dimensioning and tolerancing software,geometric dimensioning and tolerancing software,1,1,0,0
O*NET,31.0,Geometric Technologies CAMWorks,geometric technologies camworks,1,1,0,0
O*NET,31.0,Geometrix,geometrix,1,1,0,0
O*NET,31.0,GeoMetrix Data Systems Training Partner,geometrix data systems training partner,2,2,0,0
O*NET,31.0,GeoModel,geomodel,1,1,0,0
O*NET,31.0,Geomview,geomview,1,1,0,0
O*NET,31.0,GeoPath CAD/CAM System,geopath cad/cam system,1,1,0,0
O*NET,31.0,GeoPLUS Petra,geoplus petra,1,1,0,0
O*NET,31.0,Geosoft DAP server,geosoft dap server,1,1,0,0
O*NET,31.0,Geosoft Oasis montaj,geosoft oasis montaj,2,2,0,0
O*NET,31.0,Geospatial data abstraction library GDAL,geospatial data abstraction library gdal,1,1,0,0
O*NET,31.0,Geospiza GeneSifter,geospiza genesifter,1,1,0,0
O*NET,31.0,Geostatistical modeling GSTAT software,geostatistical modeling gstat software,1,1,0,0
O*NET,31.0,Geostatistics software GS+,geostatistics software gs+,1,1,0,0
O*NET,31.0,Geothermal Properties Measurement Tool,geothermal properties measurement tool,1,1,0,0
O*NET,31.0,GEPASI,gepasi,1,1,0,0
O*NET,31.0,Gerber Technology AccuMark,gerber technology accumark,1,1,0,0
O*NET,31.0,Gerber Technology CutWorks,gerber technology cutworks,1,1,0,0
O*NET,31.0,Geriatric Depression Scale,geriatric depression scale,1,1,0,0
O*NET,31.0,Gerstco AAPBase,gerstco aapbase,1,1,0,0
O*NET,31.0,Getting Things Done GTD software,getting things done gtd software,1,1,0,0
O*NET,31.0,Gez Bowman THE O&P HUB,gez bowman the o&p hub,1,1,0,0
O*NET,31.0,GFA2D,gfa2d,1,1,0,0
O*NET,31.0,GGY AXIS,ggy axis,2,2,0,0
O*NET,31.0,GHG Clockwise,ghg clockwise,1,1,0,0
O*NET,31.0,Ghidra,ghidra,1,1,0,0
O*NET,31.0,GibbsCAM,gibbscam,3,3,0,0
O*NET,31.0,Gift Certificates Plus Giftworks,gift certificates plus giftworks,1,1,0,0
O*NET,31.0,Gift registry software,gift registry software,2,2,0,0
O*NET,31.0,Gigatron StenoCAT,gigatron stenocat,1,1,0,0
O*NET,31.0,GijimaAst Mining Solutions International Mine2-4D,gijimaast mining solutions international mine2-4d,1,1,0,0
O*NET,31.0,GIPSY-OASIS,gipsy-oasis,1,1,0,0
O*NET,31.0,Giraffe Production Systems Giraffe Schedule System,giraffe production systems giraffe schedule system,2,2,0,0
O*NET,31.0,GIS/Solutions GIS/Key,gis/solutions gis/key,1,1,0,0
O*NET,31.0,Git,git,47,47,47,13
O*NET,31.0,GitHub,github,35,35,35,7
O*NET,31.0,GitLab,gitlab,4,4,4,0
O*NET,31.0,Glasscubes,glasscubes,1,1,0,0
O*NET,31.0,Global distribution system GDS software,global distribution system gds software,1,1,0,0
O*NET,31.0,Global Education Technologies EXCENT,global education technologies excent,1,1,0,0
O*NET,31.0,Global Graphics Software Harlequin,global graphics software harlequin,1,1,0,0
O*NET,31.0,Global Groupware Solutions Limited Smiles ERM On-Demand,global groupware solutions limited smiles erm on-demand,1,1,0,0
O*NET,31.0,Global Insight AREMOS,global insight aremos,2,2,0,0
O*NET,31.0,Global Mapper Software Global Mapper,global mapper software global mapper,2,2,0,0
O*NET,31.0,Global positioning system GPS software,global positioning system gps software,34,34,0,0
O*NET,31.0,GlobalSubmit REVIEW,globalsubmit review,1,1,0,0
O*NET,31.0,GlobalSubmit VALIDATE,globalsubmit validate,1,1,0,0
O*NET,31.0,GLOBE Claritas,globe claritas,1,1,0,0
O*NET,31.0,Globekey Agentkey,globekey agentkey,1,1,0,0
O*NET,31.0,GMI NET-MR,gmi net-mr,1,1,0,0
O*NET,31.0,GN Otometrics CHARTR EP,gn otometrics chartr ep,1,1,0,0
O*NET,31.0,GNOME Gnutrition,gnome gnutrition,2,2,0,0
O*NET,31.0,GNU Image Manipulation Program GIMP,gnu image manipulation program gimp,6,6,0,0
O*NET,31.0,GNU Octave,gnu octave,4,4,0,0
O*NET,31.0,Gnuplot,gnuplot,4,4,0,0
O*NET,31.0,Gnutrition,gnutrition,1,1,0,0
O*NET,31.0,Go,go,28,28,28,5
O*NET,31.0,GO2cam,go2cam,1,1,0,0
O*NET,31.0,GoBackgrounds,gobackgrounds,1,1,0,0
O*NET,31.0,Golden Helix ChemTree,golden helix chemtree,1,1,0,0
O*NET,31.0,Golden Helix HelixTree,golden helix helixtree,2,2,0,0
O*NET,31.0,Golden Software Grapher,golden software grapher,1,1,0,0
O*NET,31.0,Golden Software Strater,golden software strater,1,1,0,0
O*NET,31.0,Golden Software Surfer,golden software surfer,7,7,0,0
O*NET,31.0,Golden Software Voxler,golden software voxler,1,1,0,0
O*NET,31.0,Good Steward Software EnergyCAP,good steward software energycap,1,1,0,0
O*NET,31.0,GoodReader,goodreader,1,1,0,0
O*NET,31.0,Google,google,4,4,0,1
O*NET,31.0,Google Ads,google ads,30,30,0,1
O*NET,31.0,Google Analytics,google analytics,40,40,40,5
O*NET,31.0,Google Android,google android,12,12,12,2
O*NET,31.0,Google Angular,google angular,19,19,19,3
O*NET,31.0,Google Books NGram Viewer,google books ngram viewer,1,1,0,0
O*NET,31.0,Google Calendar,google calendar,2,2,0,0
O*NET,31.0,Google Checkout,google checkout,1,1,0,0
O*NET,31.0,Google Chrome,google chrome,4,4,0,0
O*NET,31.0,Google Classroom,google classroom,22,22,0,0
O*NET,31.0,Google Cloud software,google cloud software,8,8,0,0
O*NET,31.0,Google Compute Engine (GCE),google compute engine (gce),1,1,0,0
O*NET,31.0,Google Docs,google docs,106,106,106,0
O*NET,31.0,Google DoubleClick,google doubleclick,1,1,0,0
O*NET,31.0,Google Drive,google drive,64,64,0,0
O*NET,31.0,Google Earth Pro,google earth pro,6,6,0,0
O*NET,31.0,Google Gmail,google gmail,9,9,0,0
O*NET,31.0,Google Looker Analytics,google looker analytics,6,6,6,1
O*NET,31.0,Google Meet,google meet,44,44,0,5
O*NET,31.0,Google Scholar,google scholar,1,1,0,0
O*NET,31.0,Google Search Ads 360,google search ads 360,1,1,0,0
O*NET,31.0,Google Sheets,google sheets,8,8,8,0
O*NET,31.0,Google Sites,google sites,20,20,0,0
O*NET,31.0,Google Slides,google slides,25,25,0,0
O*NET,31.0,Google Tag Manager,google tag manager,1,1,0,1
O*NET,31.0,Google Translate Client,google translate client,1,1,0,0
O*NET,31.0,Google Video,google video,1,1,0,0
O*NET,31.0,Google Webmaster Tools,google webmaster tools,1,1,0,0
O*NET,31.0,Google Workspace software,google workspace software,26,26,26,4
O*NET,31.0,goQ WordQ,goq wordq,2,2,0,0
O*NET,31.0,Govern Software GovMap,govern software govmap,1,1,0,0
O*NET,31.0,Govern Software Land and Permits Management System,govern software land and permits management system,1,1,0,0
O*NET,31.0,"Governance, risk, and compliance GRC software","governance, risk, and compliance grc software",1,1,0,0
O*NET,31.0,GPC Autocab,gpc autocab,2,2,0,0
O*NET,31.0,GraceSoft Easy InnKeeping Suite,gracesoft easy innkeeping suite,1,1,0,0
O*NET,31.0,Gradle,gradle,1,1,0,0
O*NET,31.0,Grafana Labs Grafana Cloud,grafana labs grafana cloud,5,5,5,1
O*NET,31.0,Grails,grails,1,1,0,0
O*NET,31.0,Grammarly Editor,grammarly editor,2,2,0,0
O*NET,31.0,Graphic presentation software,graphic presentation software,3,3,0,0
O*NET,31.0,Graphical user interface GUI builder software,graphical user interface gui builder software,3,3,0,0
O*NET,31.0,Graphical user interface GUI design software,graphical user interface gui design software,9,9,0,0
O*NET,31.0,Graphics creation software,graphics creation software,6,6,0,0
O*NET,31.0,Graphics digitizing software,graphics digitizing software,1,1,0,0
O*NET,31.0,Graphics editing software,graphics editing software,1,1,0,0
O*NET,31.0,Graphics pipelines,graphics pipelines,1,1,0,0
O*NET,31.0,Graphics Programming Environment GRAPE,graphics programming environment grape,1,1,0,0
O*NET,31.0,Graphics software,graphics software,52,52,0,0
O*NET,31.0,Graphing software,graphing software,1,1,0,0
O*NET,31.0,Graphisoft ArchiCAD,graphisoft archicad,3,3,0,0
O*NET,31.0,GraphPad Software GraphPad Prism,graphpad software graphpad prism,4,4,0,0
O*NET,31.0,GraphQL,graphql,3,3,3,1
O*NET,31.0,GRASPIT!,graspit!,1,1,0,0
O*NET,31.0,Grass Valley EDIUS,grass valley edius,2,2,0,0
O*NET,31.0,GrassHopper PageStream,grasshopper pagestream,1,1,0,0
O*NET,31.0,Gravic Principia Remark,gravic principia remark,1,1,0,0
O*NET,31.0,Gravitation software,gravitation software,1,1,0,0
O*NET,31.0,Gravograph GravoStyle,gravograph gravostyle,1,1,0,0
O*NET,31.0,Greatis Object Inspector,greatis object inspector,1,1,0,0
O*NET,31.0,Greatland Corporation Winfiler,greatland corporation winfiler,1,1,0,0
O*NET,31.0,GreatTax,greattax,1,1,0,0
O*NET,31.0,Green Cloud KleanTRAC,green cloud kleantrac,1,1,0,0
O*NET,31.0,Greenbrier Graphics Deed Plotter,greenbrier graphics deed plotter,2,2,0,0
O*NET,31.0,Greenhills Ada compilers,greenhills ada compilers,1,1,0,0
O*NET,31.0,Greenhouse gas management software,greenhouse gas management software,2,2,0,0
O*NET,31.0,Greenplum Database,greenplum database,3,3,0,0
O*NET,31.0,Greenway Health PrimeSuite,greenway health primesuite,2,2,0,0
O*NET,31.0,Greenway Medical Technologies PrimeChart,greenway medical technologies primechart,2,2,0,0
O*NET,31.0,Greenway Medical Technologies PrimeSUITE,greenway medical technologies primesuite,11,11,0,0
O*NET,31.0,Gregg Software Gregg Rock-It,gregg software gregg rock-it,1,1,0,0
O*NET,31.0,GrenSoft WorkTracer,grensoft worktracer,1,1,0,0
O*NET,31.0,Gresens 92,gresens 92,1,1,0,0
O*NET,31.0,Grid analysis and display system GrADS,grid analysis and display system grads,2,2,0,0
O*NET,31.0,Grid generation software,grid generation software,2,2,0,0
O*NET,31.0,GRL Engineers Wave Equation Analysis Program GRLWEAP,grl engineers wave equation analysis program grlweap,1,1,0,0
O*NET,31.0,Groom Pro,groom pro,1,1,0,0
O*NET,31.0,Groomsoft,groomsoft,1,1,0,0
O*NET,31.0,Ground transportation management system,ground transportation management system,1,1,0,0
O*NET,31.0,Groundwater modeling system GMS,groundwater modeling system gms,3,3,0,0
O*NET,31.0,Groundwater Software QuickCross/Fence,groundwater software quickcross/fence,1,1,0,0
O*NET,31.0,Groundwater Software QuickLog,groundwater software quicklog,1,1,0,0
O*NET,31.0,Groundwater Software Visual Site Manager,groundwater software visual site manager,1,1,0,0
O*NET,31.0,Groundwater Vistas,groundwater vistas,3,3,0,0
O*NET,31.0,GroupMe,groupme,27,27,0,0
O*NET,31.0,GruupMeet,gruupmeet,1,1,0,0
O*NET,31.0,GRZ Software MeshCAM,grz software meshcam,1,1,0,0
O*NET,31.0,GSLIB,gslib,1,1,0,0
O*NET,31.0,Gstat,gstat,1,1,0,0
O*NET,31.0,GT STRUDL,gt strudl,1,1,0,0
O*NET,31.0,GTX RastorCAD,gtx rastorcad,1,1,0,0
O*NET,31.0,Guardian Analytics FraudMAP,guardian analytics fraudmap,1,1,0,0
O*NET,31.0,Guardian RFID,guardian rfid,2,2,0,0
O*NET,31.0,GuestBridge Reserve,guestbridge reserve,1,1,0,0
O*NET,31.0,GuestServe,guestserve,1,1,0,0
O*NET,31.0,Guidance Software EnCase Enterprise,guidance software encase enterprise,4,4,0,1
O*NET,31.0,Guidance Software EnCase Forensic,guidance software encase forensic,1,1,0,0
O*NET,31.0,Guideline Risk Technologies RUBI,guideline risk technologies rubi,1,1,0,0
O*NET,31.0,Gutenberg-e,gutenberg-e,1,1,0,0
O*NET,31.0,GYST,gyst,1,1,0,0
O*NET,31.0,H&R Block Tax,h&r block tax,1,1,0,0
O*NET,31.0,Haemonetics Symphony Suite,haemonetics symphony suite,1,1,0,0
O*NET,31.0,Hagel Unitime Systems,hagel unitime systems,1,1,0,0
O*NET,31.0,Haglof Sweden AB TCruise Forest Inventory,haglof sweden ab tcruise forest inventory,1,1,0,0
O*NET,31.0,HAISEN SoftWare System,haisen software system,1,1,0,0
O*NET,31.0,Halliburton Landmark GeoProbe,halliburton landmark geoprobe,1,1,0,0
O*NET,31.0,Halliburton ProMAX,halliburton promax,1,1,0,0
O*NET,31.0,Halogen e360,halogen e360,2,2,0,0
O*NET,31.0,Halogen eCompensation,halogen ecompensation,1,1,0,0
O*NET,31.0,Halogen eLMS,halogen elms,1,1,0,0
O*NET,31.0,Halogen ePraisal,halogen epraisal,2,2,0,0
O*NET,31.0,Hamrick Software VueScan,hamrick software vuescan,1,1,0,0
O*NET,31.0,Hand held spell checkers,hand held spell checkers,4,4,0,0
O*NET,31.0,Handheld computer device software,handheld computer device software,11,11,0,0
O*NET,31.0,Hands On Technology TheraWriter.PT,hands on technology therawriter.pt,1,1,0,0
O*NET,31.0,HandyFile Find and Replace Text Aid Kit,handyfile find and replace text aid kit,1,1,0,0
O*NET,31.0,Hansen CAMA,hansen cama,1,1,0,0
O*NET,31.0,HapMap,hapmap,1,1,0,0
O*NET,31.0,Hard Dollar HD Project Estimating,hard dollar hd project estimating,1,1,0,0
O*NET,31.0,Hardware description and verification language,hardware description and verification language,1,1,0,0
O*NET,31.0,Hardware description language HDL,hardware description language hdl,4,4,0,0
O*NET,31.0,Hardware-in-the-loop HIL simulation software,hardware-in-the-loop hil simulation software,1,1,0,0
O*NET,31.0,Harland Financial Solutions DecisionPro,harland financial solutions decisionpro,3,3,0,0
O*NET,31.0,Harland Financial Solutions DepositPro,harland financial solutions depositpro,1,1,0,0
O*NET,31.0,Harland Interlinq MortgageWare,harland interlinq mortgageware,1,1,0,0
O*NET,31.0,Harmoni ESPRI,harmoni espri,1,1,0,0
O*NET,31.0,Harpers Payroll Services HR la Carte,harpers payroll services hr la carte,1,1,0,0
O*NET,31.0,Harrington Group caWeb,harrington group caweb,1,1,0,0
O*NET,31.0,Harrington Group HQMS,harrington group hqms,1,1,0,0
O*NET,31.0,Harris Tech X.over Pro,harris tech x.over pro,1,1,0,0
O*NET,31.0,Harris Technologies BassBox,harris technologies bassbox,1,1,0,0
O*NET,31.0,HarrisData Human Resources Information System HRIS,harrisdata human resources information system hris,1,1,0,0
O*NET,31.0,Harvard Graphics,harvard graphics,2,2,0,0
O*NET,31.0,Harvard Thermal TAS,harvard thermal tas,1,1,0,0
O*NET,31.0,HARVEST,harvest,1,1,0,0
O*NET,31.0,Harvey Software CPS,harvey software cps,1,1,0,0
O*NET,31.0,HASH Animation:Master,hash animation:master,1,1,0,0
O*NET,31.0,HashiCorp Vagrant,hashicorp vagrant,2,2,0,0
O*NET,31.0,Haskell,haskell,4,4,0,0
O*NET,31.0,Hatchery database systems,hatchery database systems,1,1,0,0
O*NET,31.0,HATPRO,hatpro,1,1,0,0
O*NET,31.0,Hazard assessment software,hazard assessment software,1,1,0,0
O*NET,31.0,Hazard communication software,hazard communication software,1,1,0,0
O*NET,31.0,Hazardous materials management HMS software,hazardous materials management hms software,3,3,0,0
O*NET,31.0,Hazardous waste operations and emergency response standard HAZWOPER training software,hazardous waste operations and emergency response standard hazwoper training software,1,1,0,0
O*NET,31.0,HCSS HeavyBid,hcss heavybid,7,7,0,0
O*NET,31.0,HCSS HeavyJob,hcss heavyjob,8,8,0,0
O*NET,31.0,Health and safety training software,health and safety training software,1,1,0,0
O*NET,31.0,Health Care Data HealthProbe,health care data healthprobe,2,2,0,0
O*NET,31.0,Health Care Software HCS INTERACTANT,health care software hcs interactant,1,1,0,0
O*NET,31.0,Health information database software,health information database software,1,1,0,0
O*NET,31.0,Healthcare common procedure coding system HCPCS,healthcare common procedure coding system hcpcs,40,40,0,0
O*NET,31.0,Healthcare management system,healthcare management system,1,1,0,0
O*NET,31.0,HealthFusion MediTouch,healthfusion meditouch,9,9,0,0
O*NET,31.0,HealthLine Systems Eyecom,healthline systems eyecom,2,2,0,0
O*NET,31.0,Healthpac Medical Billing,healthpac medical billing,1,1,0,0
O*NET,31.0,Healthprolink MedAtlas,healthprolink medatlas,1,1,0,0
O*NET,31.0,Healthvision MediAR,healthvision mediar,1,1,0,0
O*NET,31.0,Healthvision TDSynergy Anatomic Pathology,healthvision tdsynergy anatomic pathology,1,1,0,0
O*NET,31.0,Healthvision TDSynergy LIS,healthvision tdsynergy lis,2,2,0,0
O*NET,31.0,HearForm Software HearForm,hearform software hearform,1,1,0,0
O*NET,31.0,Hearing aid fitting software,hearing aid fitting software,1,1,0,0
O*NET,31.0,Heat loss calculation software,heat loss calculation software,1,1,0,0
O*NET,31.0,HEAT Software GoldMine,heat software goldmine,5,5,0,0
O*NET,31.0,HEC-1,hec-1,4,4,0,0
O*NET,31.0,HEC-2,hec-2,1,1,0,0
O*NET,31.0,HEC-GeoRAS,hec-georas,1,1,0,0
O*NET,31.0,HEC-HMS,hec-hms,5,5,0,2
O*NET,31.0,HEC-RAS,hec-ras,9,9,0,2
O*NET,31.0,HeliconSoft Helicon Focus,heliconsoft helicon focus,1,1,0,0
O*NET,31.0,Helios TextPad,helios textpad,1,1,0,0
O*NET,31.0,Hellman & Schofield MP3,hellman & schofield mp3,1,1,0,0
O*NET,31.0,Help desk software,help desk software,7,7,0,0
O*NET,31.0,HelpIT Systems addressIT,helpit systems addressit,1,1,0,0
O*NET,31.0,Hematology laboratory workflow management software,hematology laboratory workflow management software,2,2,0,0
O*NET,31.0,Hendrich Falls Risk Model,hendrich falls risk model,1,1,0,0
O*NET,31.0,Henry Schein DentalVision Professional,henry schein dentalvision professional,2,2,0,0
O*NET,31.0,Henry Schein Dentrix,henry schein dentrix,12,12,12,3
O*NET,31.0,Henry Schein Easy Dental,henry schein easy dental,2,2,0,0
O*NET,31.0,Henry Schein EndoVision,henry schein endovision,1,1,0,0
O*NET,31.0,Henry Schein ImproMed,henry schein impromed,1,1,0,0
O*NET,31.0,Henry Schein Medical Systems MicroMD Urology EMR,henry schein medical systems micromd urology emr,1,1,0,0
O*NET,31.0,Henry Schein PerioVision,henry schein periovision,1,1,0,0
O*NET,31.0,Herbert Software Solutions HECSALV,herbert software solutions hecsalv,1,1,0,0
O*NET,31.0,Heron CrossTie General Ledger,heron crosstie general ledger,2,2,0,0
O*NET,31.0,Hewlett Packard Exstream Dialogue,hewlett packard exstream dialogue,1,1,0,0
O*NET,31.0,Hewlett Packard HP Project Portfolio Management Solution,hewlett packard hp project portfolio management solution,1,1,0,0
O*NET,31.0,Hewlett Packard HP-UX,hewlett packard hp-ux,23,23,0,0
O*NET,31.0,Hewlett Packard LoadRunner,hewlett packard loadrunner,21,21,0,0
O*NET,31.0,Hewlett Packard QuickTest Professional,hewlett packard quicktest professional,2,2,0,0
O*NET,31.0,Hewlett-Packard HP Graphics Language HPGL,hewlett-packard hp graphics language hpgl,1,1,0,0
O*NET,31.0,Hewlett-Packard HP Network Node Manager,hewlett-packard hp network node manager,2,2,0,0
O*NET,31.0,Hewlett-Packard HP OpenVMS,hewlett-packard hp openvms,4,4,0,0
O*NET,31.0,Hewlett-Packard HP QuickTest Professional,hewlett-packard hp quicktest professional,1,1,0,0
O*NET,31.0,Hewlett-Packard HP Semiconductor Parameter Analyzer,hewlett-packard hp semiconductor parameter analyzer,1,1,0,0
O*NET,31.0,Hewlett-Packard HP SolidDesigner,hewlett-packard hp soliddesigner,1,1,0,0
O*NET,31.0,Hewlett-Packard HP TestDirector for Quality Center,hewlett-packard hp testdirector for quality center,1,1,0,0
O*NET,31.0,Hewlett-Packard HP WinRunner,hewlett-packard hp winrunner,1,1,0,0
O*NET,31.0,HEX Laboratory Systems Billing and Cash Management,hex laboratory systems billing and cash management,1,1,0,0
O*NET,31.0,HEX Laboratory Systems LAB/HEX,hex laboratory systems lab/hex,2,2,0,0
O*NET,31.0,Hex-Rays IDA Pro,hex-rays ida pro,1,1,0,0
O*NET,31.0,Hexagon Geospatial Imagine Photogrammetry,hexagon geospatial imagine photogrammetry,1,1,0,0
O*NET,31.0,Hexagon Intergraph,hexagon intergraph,2,2,0,0
O*NET,31.0,Hexagon Metrology PC-DMIS,hexagon metrology pc-dmis,2,2,0,0
O*NET,31.0,Hibernate ORM,hibernate orm,16,16,16,0
O*NET,31.0,Hierarchical simulation program with integrated circuit emphasis HSPICE,hierarchical simulation program with integrated circuit emphasis hspice,2,2,0,0
O*NET,31.0,High School Scheduling and Transcript HSST,high school scheduling and transcript hsst,2,2,0,0
O*NET,31.0,High-performance software libraries,high-performance software libraries,1,1,0,0
O*NET,31.0,HighJump Software Supply Chain Advantage,highjump software supply chain advantage,1,1,0,0
O*NET,31.0,HighJump Software Warehouse Advantage,highjump software warehouse advantage,1,1,0,0
O*NET,31.0,HighJump Warehouse Advantage,highjump warehouse advantage,1,1,0,0
O*NET,31.0,HIMSA Noah,himsa noah,1,1,0,0
O*NET,31.0,HindSight InView,hindsight inview,1,1,0,0
O*NET,31.0,HIPERPAV,hiperpav,1,1,0,0
O*NET,31.0,HiPerSoft Practice Information Powertool,hipersoft practice information powertool,1,1,0,0
O*NET,31.0,HireAbility ResumeParser,hireability resumeparser,1,1,0,0
O*NET,31.0,HireLogic PowerPlace,hirelogic powerplace,1,1,0,0
O*NET,31.0,HiroSoft EPICURE,hirosoft epicure,1,1,0,0
O*NET,31.0,HiT Software Allora,hit software allora,2,2,0,0
O*NET,31.0,Hitachi ZXLink,hitachi zxlink,1,1,0,0
O*NET,31.0,HMIS Advantage,hmis advantage,4,4,0,0
O*NET,31.0,HMS,hms,9,9,0,0
O*NET,31.0,Hodgkin-Huxley Model software,hodgkin-huxley model software,1,1,0,0
O*NET,31.0,Hoffman Computer Systems Amsoft,hoffman computer systems amsoft,1,1,0,0
O*NET,31.0,Holt Systems eMedRec,holt systems emedrec,2,2,0,0
O*NET,31.0,HOMAG WoodWOP,homag woodwop,1,1,0,0
O*NET,31.0,Home Energy Efficient Design HEED,home energy efficient design heed,2,2,0,0
O*NET,31.0,Home rating software,home rating software,1,1,0,0
O*NET,31.0,HOMER Micropower Optimization Model,homer micropower optimization model,1,1,0,0
O*NET,31.0,Honeypot,honeypot,2,2,0,0
O*NET,31.0,Honeywell WEBs-N4,honeywell webs-n4,1,1,0,0
O*NET,31.0,Honeywell Wintress PACNet,honeywell wintress pacnet,1,1,0,0
O*NET,31.0,Hootsuite,hootsuite,1,1,0,0
O*NET,31.0,Horizon Engineering Sigma Plumbing Calculator,horizon engineering sigma plumbing calculator,1,1,0,0
O*NET,31.0,Horizon Software MRP Plus,horizon software mrp plus,1,1,0,0
O*NET,31.0,Horwath Software Magique,horwath software magique,1,1,0,0
O*NET,31.0,Hospitality Control Solutions Aloha Point-of-Sale,hospitality control solutions aloha point-of-sale,2,2,0,0
O*NET,31.0,Host Analytics Host Budget,host analytics host budget,1,1,0,0
O*NET,31.0,Hosted PACS Solutions,hosted pacs solutions,1,1,0,0
O*NET,31.0,Hosted Support ezSupport Pro,hosted support ezsupport pro,1,1,0,0
O*NET,31.0,Hotel management system software,hotel management system software,1,1,0,0
O*NET,31.0,HotFlo! Die-Shot Monitor,hotflo! die-shot monitor,1,1,0,0
O*NET,31.0,Hotspot,hotspot,1,1,0,0
O*NET,31.0,Houchen Bindery Library Automated Retrieval System LARS,houchen bindery library automated retrieval system lars,1,1,0,0
O*NET,31.0,Housekeeping management software,housekeeping management software,1,1,0,0
O*NET,31.0,Howard and Friends Computer CMA Plus,howard and friends computer cma plus,1,1,0,0
O*NET,31.0,HP 49G+ Appraiser Fee Calculator,hp 49g+ appraiser fee calculator,2,2,0,0
O*NET,31.0,HP Autonomy TeamSite,hp autonomy teamsite,2,2,0,0
O*NET,31.0,HP DataProtector,hp dataprotector,2,2,0,0
O*NET,31.0,HP Fortify,hp fortify,1,1,0,0
O*NET,31.0,HP InfoTech CodeVisionAVR,hp infotech codevisionavr,1,1,0,0
O*NET,31.0,HP Trim,hp trim,2,2,0,0
O*NET,31.0,HP WebInspect,hp webinspect,2,2,0,0
O*NET,31.0,HR-ease,hr-ease,1,1,0,0
O*NET,31.0,HRM Direct,hrm direct,1,1,0,0
O*NET,31.0,HRMS Solutions iVantage,hrms solutions ivantage,1,1,0,0
O*NET,31.0,HRS Quickscore,hrs quickscore,1,1,0,0
O*NET,31.0,HS Virtual Piano,hs virtual piano,1,1,0,0
O*NET,31.0,hSenid Business Solutions HRM Enterprise,hsenid business solutions hrm enterprise,1,1,0,0
O*NET,31.0,HT Systems PatientSecure,ht systems patientsecure,1,1,0,0
O*NET,31.0,HTH Engineering Start-Stop PowerPlay,hth engineering start-stop powerplay,1,1,0,0
O*NET,31.0,HTS Vision CVS2,hts vision cvs2,1,1,0,0
O*NET,31.0,HTS Vision HTS2 Computerized Binocular Home Eye Exercise System,hts vision hts2 computerized binocular home eye exercise system,1,1,0,0
O*NET,31.0,HTTrack,httrack,1,1,0,0
O*NET,31.0,HubSpot software,hubspot software,18,18,18,0
O*NET,31.0,HUD-1 software,hud-1 software,1,1,0,0
O*NET,31.0,Hugging Face,hugging face,1,1,0,1
O*NET,31.0,Human machine interface HMI software,human machine interface hmi software,10,10,0,0
O*NET,31.0,Human modeling software,human modeling software,4,4,0,0
O*NET,31.0,Human resource information system (HRIS),human resource information system (hris),9,9,0,0
O*NET,31.0,Human resource management software HRMS,human resource management software hrms,44,44,0,0
O*NET,31.0,Human Resource MicroSystems HR Entre,human resource microsystems hr entre,1,1,0,0
O*NET,31.0,Human resources management system HRMS,human resources management system hrms,5,5,0,0
O*NET,31.0,Humanic Design Employmee Self-Service,humanic design employmee self-service,1,1,0,0
O*NET,31.0,Humanic Design Human Resources Management System,humanic design human resources management system,2,2,0,0
O*NET,31.0,Humidity and vapor drive calculation software,humidity and vapor drive calculation software,2,2,0,0
O*NET,31.0,Hummingbird Legal Bill Review,hummingbird legal bill review,1,1,0,0
O*NET,31.0,Hunter WinAlign,hunter winalign,1,1,0,0
O*NET,31.0,HunterSoft Business Translator,huntersoft business translator,1,1,0,0
O*NET,31.0,HunterStone THESIS,hunterstone thesis,1,1,0,0
O*NET,31.0,Husky Injection Molding Systems Shotscope NX,husky injection molding systems shotscope nx,1,1,0,0
O*NET,31.0,HVAC tools software,hvac tools software,2,2,0,0
O*NET,31.0,Hydesoft Computing DPlot,hydesoft computing dplot,1,1,0,0
O*NET,31.0,HydraNet,hydranet,1,1,0,0
O*NET,31.0,Hydraulic analysis software,hydraulic analysis software,1,1,0,0
O*NET,31.0,Hydraulic modeling software,hydraulic modeling software,2,2,0,0
O*NET,31.0,HydroCAD Software Solutions HydroCAD Stormwater Modeling System,hydrocad software solutions hydrocad stormwater modeling system,2,2,0,0
O*NET,31.0,HydroComp NavCad,hydrocomp navcad,1,1,0,0
O*NET,31.0,Hydrogeology Basin2,hydrogeology basin2,1,1,0,0
O*NET,31.0,Hydrologic simulation program fortan HSPF software,hydrologic simulation program fortan hspf software,3,3,0,0
O*NET,31.0,Hydrological modeling software,hydrological modeling software,1,1,0,0
O*NET,31.0,HydroSOLVE AQTESOLV,hydrosolve aqtesolv,3,3,0,0
O*NET,31.0,HYDRUS-2D,hydrus-2d,1,1,0,0
O*NET,31.0,Hyland OnBase Enterprise Content Management,hyland onbase enterprise content management,4,4,0,0
O*NET,31.0,Hyland Software OnBase,hyland software onbase,4,4,0,0
O*NET,31.0,HYPACK DREDGEPACK,hypack dredgepack,1,1,0,0
O*NET,31.0,HYPACK HYSWEEP,hypack hysweep,1,1,0,0
O*NET,31.0,HYPACK MAX,hypack max,1,1,0,0
O*NET,31.0,Hypercube HyperChem,hypercube hyperchem,1,1,0,0
O*NET,31.0,Hyperion Enterprise,hyperion enterprise,2,2,0,0
O*NET,31.0,Hyperion Solutions Hyperion Intelligence,hyperion solutions hyperion intelligence,1,1,0,0
O*NET,31.0,Hyperion Solutions Hyperion System 9 Bi+,hyperion solutions hyperion system 9 bi+,1,1,0,0
O*NET,31.0,Hyperion Solutions System 9 Planning,hyperion solutions system 9 planning,1,1,0,0
O*NET,31.0,HyperOffice Collaboration Suite,hyperoffice collaboration suite,1,1,0,0
O*NET,31.0,Hyperscore,hyperscore,1,1,0,0
O*NET,31.0,HyperSpace,hyperspace,1,1,0,0
O*NET,31.0,Hypertext markup language HTML,hypertext markup language html,78,78,78,9
O*NET,31.0,Hypertext preprocessor PHP,hypertext preprocessor php,7,7,0,0
O*NET,31.0,Hypertherm ProNest,hypertherm pronest,1,1,0,0
O*NET,31.0,HyperTox,hypertox,2,2,0,0
O*NET,31.0,I-flex Solutions Reveleus Investment Performance Measurement,i-flex solutions reveleus investment performance measurement,2,2,0,0
O*NET,31.0,i-lign,i-lign,1,1,0,0
O*NET,31.0,I-many Contract Management,i-many contract management,1,1,0,0
O*NET,31.0,i.Agri LandMark Farm,i.agri landmark farm,1,1,0,0
O*NET,31.0,i2 Collaborative Supply Execution,i2 collaborative supply execution,1,1,0,0
O*NET,31.0,i2 Intelligence,i2 intelligence,1,1,0,0
O*NET,31.0,i2 Supply Chain Visibility,i2 supply chain visibility,1,1,0,0
O*NET,31.0,i2 Transportation Modeler,i2 transportation modeler,1,1,0,0
O*NET,31.0,IA Systems StreamLend,ia systems streamlend,1,1,0,0
O*NET,31.0,IAD Audit Leverage,iad audit leverage,1,1,0,0
O*NET,31.0,iAnnotate,iannotate,1,1,0,0
O*NET,31.0,Iatric Systems MobiLab,iatric systems mobilab,2,2,0,0
O*NET,31.0,Ibbotson Analyst,ibbotson analyst,1,1,0,0
O*NET,31.0,Ibbotson Portfolio Strategist,ibbotson portfolio strategist,1,1,0,0
O*NET,31.0,IBM ADSTAR,ibm adstar,2,2,0,0
O*NET,31.0,IBM AIX,ibm aix,6,6,0,0
O*NET,31.0,IBM BPM Blueprint,ibm bpm blueprint,1,1,0,0
O*NET,31.0,IBM CATIA,ibm catia,2,2,0,0
O*NET,31.0,IBM Check Processing Control System CPSC,ibm check processing control system cpsc,3,3,0,0
O*NET,31.0,IBM Clarity Systems Clarity,ibm clarity systems clarity,1,1,0,0
O*NET,31.0,IBM Cloud,ibm cloud,1,1,0,0
O*NET,31.0,IBM Cognos,ibm cognos,2,2,0,0
O*NET,31.0,IBM Cognos Business Intelligence,ibm cognos business intelligence,4,4,0,0
O*NET,31.0,IBM Cognos Impromptu,ibm cognos impromptu,53,53,0,0
O*NET,31.0,IBM Cognos Planning,ibm cognos planning,1,1,0,0
O*NET,31.0,IBM Cognos ReportNet,ibm cognos reportnet,1,1,0,0
O*NET,31.0,IBM Content Manager,ibm content manager,1,1,0,0
O*NET,31.0,IBM Costimater,ibm costimater,2,2,0,0
O*NET,31.0,IBM DB2,ibm db2,13,13,13,0
O*NET,31.0,IBM Digital Analytics,ibm digital analytics,2,2,0,0
O*NET,31.0,IBM Director,ibm director,1,1,0,0
O*NET,31.0,IBM Domino,ibm domino,39,39,0,0
O*NET,31.0,IBM Federated Records Management,ibm federated records management,1,1,0,0
O*NET,31.0,IBM FileNet Content Manager,ibm filenet content manager,2,2,0,0
O*NET,31.0,IBM Fraud and Abuse Management System,ibm fraud and abuse management system,1,1,0,0
O*NET,31.0,IBM i2 Analyst's Notebook,ibm i2 analyst's notebook,1,1,0,0
O*NET,31.0,IBM i2 Transportation Manager,ibm i2 transportation manager,1,1,0,0
O*NET,31.0,IBM ILOG,ibm ilog,1,1,0,0
O*NET,31.0,IBM ILOG CPLEX Optimization Studio,ibm ilog cplex optimization studio,1,1,0,0
O*NET,31.0,IBM ILOG Inventory Analyst,ibm ilog inventory analyst,1,1,0,0
O*NET,31.0,IBM ILOG LogicNet Plus XE,ibm ilog logicnet plus xe,1,1,0,0
O*NET,31.0,IBM Information Management System (IMS),ibm information management system (ims),1,1,0,0
O*NET,31.0,IBM Informix,ibm informix,5,5,0,0
O*NET,31.0,IBM InfoSphere DataStage,ibm infosphere datastage,26,26,0,0
O*NET,31.0,IBM Infosphere Information Server,ibm infosphere information server,1,1,0,0
O*NET,31.0,IBM InfoSphere Warehouse,ibm infosphere warehouse,1,1,0,0
O*NET,31.0,IBM Intelligent Miner,ibm intelligent miner,1,1,0,0
O*NET,31.0,IBM Interactive System Productivity Facility ISPF,ibm interactive system productivity facility ispf,2,2,0,0
O*NET,31.0,IBM iSeries Access,ibm iseries access,2,2,0,0
O*NET,31.0,IBM Judicial Enforcement Management System JEMS,ibm judicial enforcement management system jems,1,1,0,0
O*NET,31.0,IBM Lotus 1-2-3,ibm lotus 1-2-3,28,28,0,0
O*NET,31.0,IBM Lotus Approach,ibm lotus approach,2,2,0,0
O*NET,31.0,IBM Lotus LearningSpace,ibm lotus learningspace,1,1,0,0
O*NET,31.0,IBM Lotus Notes,ibm lotus notes,28,28,0,0
O*NET,31.0,IBM Lotus SameTime,ibm lotus sametime,1,1,0,0
O*NET,31.0,IBM Maximo Asset Management,ibm maximo asset management,8,8,0,0
O*NET,31.0,IBM Middleware,ibm middleware,6,6,0,0
O*NET,31.0,IBM MVS,ibm mvs,1,1,0,0
O*NET,31.0,IBM Netezza TwinFin,ibm netezza twinfin,1,1,0,0
O*NET,31.0,IBM NetView,ibm netview,1,1,0,0
O*NET,31.0,IBM Notes,ibm notes,104,104,0,0
O*NET,31.0,IBM Power Systems software,ibm power systems software,36,36,0,0
O*NET,31.0,IBM QRadar SIEM,ibm qradar siem,4,4,0,0
O*NET,31.0,IBM Rational,ibm rational,1,1,0,0
O*NET,31.0,IBM Rational Apex,ibm rational apex,1,1,0,0
O*NET,31.0,IBM Rational Application Developer,ibm rational application developer,1,1,0,0
O*NET,31.0,IBM Rational Build Forge,ibm rational build forge,2,2,0,0
O*NET,31.0,IBM Rational ClearCase,ibm rational clearcase,8,8,0,0
O*NET,31.0,IBM Rational ClearQuest,ibm rational clearquest,8,8,0,0
O*NET,31.0,IBM Rational Data Architect,ibm rational data architect,2,2,0,0
O*NET,31.0,IBM Rational DOORS,ibm rational doors,1,1,0,0
O*NET,31.0,IBM Rational Functional Tester,ibm rational functional tester,1,1,0,0
O*NET,31.0,IBM Rational PurifyPlus,ibm rational purifyplus,3,3,0,0
O*NET,31.0,IBM Rational Requirements Composer,ibm rational requirements composer,1,1,0,0
O*NET,31.0,IBM Rational RequisitePro,ibm rational requisitepro,5,5,0,0
O*NET,31.0,IBM Rational Robot,ibm rational robot,2,2,0,0
O*NET,31.0,IBM Rational Rose XDE,ibm rational rose xde,7,7,0,0
O*NET,31.0,IBM Rational System Architect,ibm rational system architect,1,1,0,0
O*NET,31.0,IBM Resource Access Control Facility RACF,ibm resource access control facility racf,1,1,0,0
O*NET,31.0,IBM Security Network Intrusion Prevention System,ibm security network intrusion prevention system,1,1,0,0
O*NET,31.0,IBM Software Configuration and Library Manager SCLM,ibm software configuration and library manager sclm,1,1,0,0
O*NET,31.0,IBM SPSS Amos,ibm spss amos,2,2,0,0
O*NET,31.0,IBM SPSS AnswerTree,ibm spss answertree,1,1,0,0
O*NET,31.0,IBM SPSS Statistics,ibm spss statistics,92,92,92,3
O*NET,31.0,"IBM Sterling Configure, Price, Quote","ibm sterling configure, price, quote",1,1,0,0
O*NET,31.0,IBM Terraform,ibm terraform,10,10,10,7
O*NET,31.0,IBM Tivoli Access Management TAM,ibm tivoli access management tam,1,1,0,0
O*NET,31.0,IBM Tivoli Identity Management TIM,ibm tivoli identity management tim,1,1,0,0
O*NET,31.0,IBM Tivoli NetView Distribution Manager,ibm tivoli netview distribution manager,1,1,0,0
O*NET,31.0,IBM Tivoli software,ibm tivoli software,3,3,0,0
O*NET,31.0,IBM Unica Enterprise,ibm unica enterprise,1,1,0,0
O*NET,31.0,IBM WebSphere,ibm websphere,26,26,0,0
O*NET,31.0,IBM WebSphere MQ,ibm websphere mq,8,8,8,1
O*NET,31.0,IBM z/OS operating systems,ibm z/os operating systems,2,2,0,0
O*NET,31.0,IBS MRP,ibs mrp,1,1,0,0
O*NET,31.0,IBS Software Services Tour Partner,ibs software services tour partner,1,1,0,0
O*NET,31.0,IBS Supply Chain Management,ibs supply chain management,1,1,0,0
O*NET,31.0,ICAM CAM-POST,icam cam-post,1,1,0,0
O*NET,31.0,ICANotes,icanotes,3,3,0,0
O*NET,31.0,ICCO CreditSoft,icco creditsoft,1,1,0,0
O*NET,31.0,ICE Dental Systems,ice dental systems,1,1,0,0
O*NET,31.0,iChartPlus,ichartplus,2,2,0,0
O*NET,31.0,ICIMS,icims,1,1,0,0
O*NET,31.0,iCIMS Talent Cloud software,icims talent cloud software,3,3,0,0
O*NET,31.0,iCode Everest,icode everest,1,1,0,0
O*NET,31.0,ICON programming language,icon programming language,3,3,0,0
O*NET,31.0,ICS Learning Group Inquisiq EX,ics learning group inquisiq ex,2,2,0,0
O*NET,31.0,ICS Software SammyUSA,ics software sammyusa,1,1,0,0
O*NET,31.0,ICTraining,ictraining,1,1,0,0
O*NET,31.0,IDEA TrialPro,idea trialpro,1,1,0,0
O*NET,31.0,Ideal Computer Systems Ideal OPE,ideal computer systems ideal ope,1,1,0,0
O*NET,31.0,IDEAS Software & Training IDEAS Property Clerk,ideas software & training ideas property clerk,1,1,0,0
O*NET,31.0,IDEXX Laboratories IDEXX Cornerstone,idexx laboratories idexx cornerstone,2,2,0,0
O*NET,31.0,IDEXX Laboratories IDEXX VPM,idexx laboratories idexx vpm,1,1,0,0
O*NET,31.0,IDM Computer Solutions UltraEdit,idm computer solutions ultraedit,1,1,0,0
O*NET,31.0,IDMS Account Ability,idms account ability,1,1,0,0
O*NET,31.0,IDX Groupcast,idx groupcast,1,1,0,0
O*NET,31.0,IDX Systems IDXtend,idx systems idxtend,2,2,0,0
O*NET,31.0,IDX Systems Patient Chart Tracking,idx systems patient chart tracking,3,3,0,0
O*NET,31.0,IEA Software Emerald,iea software emerald,3,3,0,0
O*NET,31.0,iEmployee,iemployee,1,1,0,0
O*NET,31.0,IES Ecellerate,ies ecellerate,1,1,0,0
O*NET,31.0,ifconfig,ifconfig,1,1,0,0
O*NET,31.0,IFS Applications for Supply Chain Management,ifs applications for supply chain management,1,1,0,0
O*NET,31.0,IFT-Pro,ift-pro,1,1,0,0
O*NET,31.0,iGrafx,igrafx,1,1,0,0
O*NET,31.0,IHRSR++,ihrsr++,1,1,0,0
O*NET,31.0,IHS Energy PowerTools,ihs energy powertools,1,1,0,0
O*NET,31.0,IHS Kingdom,ihs kingdom,1,1,0,0
O*NET,31.0,IHS Petra,ihs petra,3,3,0,0
O*NET,31.0,IHS QUE$TOR,ihs que$tor,1,1,0,0
O*NET,31.0,IK Multimedia GrooveMaker,ik multimedia groovemaker,1,1,0,0
O*NET,31.0,Ikon Science RokDoc,ikon science rokdoc,1,1,0,0
O*NET,31.0,Ikonami AT-Learning Tool,ikonami at-learning tool,2,2,0,0
O*NET,31.0,iKorb Real Estate,ikorb real estate,1,1,0,0
O*NET,31.0,iLinc Communications LearnLinc,ilinc communications learnlinc,1,1,0,0
O*NET,31.0,Illumina Laboratory Information Management System LIMS,illumina laboratory information management system lims,2,2,0,0
O*NET,31.0,Illusions Online Illusions OnDemand,illusions online illusions ondemand,1,1,0,0
O*NET,31.0,ILOG CPLEX,ilog cplex,1,1,0,0
O*NET,31.0,ILOG OPL-CPLEX Development System,ilog opl-cplex development system,1,1,0,0
O*NET,31.0,IMA Technologies CaseTrakker,ima technologies casetrakker,1,1,0,0
O*NET,31.0,Image analysis software,image analysis software,7,7,0,0
O*NET,31.0,Image analysis systems,image analysis systems,1,1,0,0
O*NET,31.0,Image capture and analysis software,image capture and analysis software,1,1,0,0
O*NET,31.0,Image capture software,image capture software,1,1,0,0
O*NET,31.0,Image databases,image databases,1,1,0,0
O*NET,31.0,Image Deposit Exchange Check Station,image deposit exchange check station,1,1,0,0
O*NET,31.0,Image editing software,image editing software,3,3,0,0
O*NET,31.0,Image enhancement software,image enhancement software,3,3,0,0
O*NET,31.0,Image exchange networks,image exchange networks,1,1,0,0
O*NET,31.0,Image management software,image management software,1,1,0,0
O*NET,31.0,Image processing software,image processing software,5,5,0,0
O*NET,31.0,Image processing systems,image processing systems,2,2,0,0
O*NET,31.0,Image processors,image processors,1,1,0,0
O*NET,31.0,Image replacement document IRD printing software,image replacement document ird printing software,1,1,0,0
O*NET,31.0,Image scanning software,image scanning software,37,37,0,0
O*NET,31.0,Image Solutions eCTDXpress,image solutions ectdxpress,1,1,0,0
O*NET,31.0,Image Solutions ISIPublisher,image solutions isipublisher,1,1,0,0
O*NET,31.0,Image-guided surgery software,image-guided surgery software,2,2,0,0
O*NET,31.0,Image-Line FL Studio,image-line fl studio,1,1,0,0
O*NET,31.0,ImageJ,imagej,1,1,0,0
O*NET,31.0,ImageWave MSDSFinder,imagewave msdsfinder,1,1,0,0
O*NET,31.0,iMagic Restaurant Reservation,imagic restaurant reservation,2,2,0,0
O*NET,31.0,IMAGINE OrthoBASE,imagine orthobase,1,1,0,0
O*NET,31.0,Imagine Software Imagine Trading System,imagine software imagine trading system,1,1,0,0
O*NET,31.0,Imagine That Extend OR,imagine that extend or,1,1,0,0
O*NET,31.0,Imaging software,imaging software,1,1,0,0
O*NET,31.0,iManage document management software,imanage document management software,1,1,0,0
O*NET,31.0,Immigrant Software Immigrant Professional,immigrant software immigrant professional,1,1,0,0
O*NET,31.0,ImPACT Applications ImPACT,impact applications impact,1,1,0,0
O*NET,31.0,Impact PlanLabX3,impact planlabx3,1,1,0,0
O*NET,31.0,IMPACT software,impact software,1,1,0,0
O*NET,31.0,IMPACT Wealth Distribution Analysis,impact wealth distribution analysis,1,1,0,0
O*NET,31.0,Imperva SecureSphere,imperva securesphere,1,1,0,0
O*NET,31.0,Impro-Visor,impro-visor,1,1,0,0
O*NET,31.0,ImproMed Infinity,impromed infinity,1,1,0,0
O*NET,31.0,IMS Specialty Services IMS Digital Office,ims specialty services ims digital office,1,1,0,0
O*NET,31.0,IMS Travel Agent Reservation Software System,ims travel agent reservation software system,1,1,0,0
O*NET,31.0,IMSI Design DesignCAD,imsi design designcad,1,1,0,0
O*NET,31.0,IMSI TurboCAD,imsi turbocad,4,4,0,0
O*NET,31.0,IMSure Solutions SHIPflex,imsure solutions shipflex,1,1,0,0
O*NET,31.0,In-Hand Pocket APOD,in-hand pocket apod,1,1,0,0
O*NET,31.0,Incentive management system software,incentive management system software,1,1,0,0
O*NET,31.0,Inception Technologies InfiniTime,inception technologies infinitime,1,1,0,0
O*NET,31.0,Incident command system ICS software,incident command system ics software,3,3,0,0
O*NET,31.0,Incident tracking software,incident tracking software,2,2,0,0
O*NET,31.0,Income tax return preparation software,income tax return preparation software,1,1,0,0
O*NET,31.0,INCORE code,incore code,1,1,0,0
O*NET,31.0,Incremental compiler software,incremental compiler software,1,1,0,0
O*NET,31.0,inData TrialDirector,indata trialdirector,1,1,0,0
O*NET,31.0,Index tuning software,index tuning software,2,2,0,0
O*NET,31.0,Indigo Renderer,indigo renderer,1,1,0,0
O*NET,31.0,Individualized Educational Program IEP software,individualized educational program iep software,3,3,0,0
O*NET,31.0,Indus Lending Solutions,indus lending solutions,1,1,0,0
O*NET,31.0,Industrial Code Recruitpoint.net,industrial code recruitpoint.net,1,1,0,0
O*NET,31.0,Industrial control systems software,industrial control systems software,1,1,0,0
O*NET,31.0,Industrial job assessment software,industrial job assessment software,1,1,0,0
O*NET,31.0,Industrial production manager and stock control software,industrial production manager and stock control software,1,1,0,0
O*NET,31.0,Industrial Scientific iNET,industrial scientific inet,1,1,0,0
O*NET,31.0,IndySoft Gage InSite Enterprise,indysoft gage insite enterprise,1,1,0,0
O*NET,31.0,Inetsoft,inetsoft,2,2,0,0
O*NET,31.0,InferMed MACRO Electronic Data Capture,infermed macro electronic data capture,1,1,0,0
O*NET,31.0,Infinite Radiology Opal-RAD,infinite radiology opal-rad,1,1,0,0
O*NET,31.0,Infinity CAD Systems AutoSculpt,infinity cad systems autosculpt,1,1,0,0
O*NET,31.0,Infinity QS ProFicient,infinity qs proficient,2,2,0,0
O*NET,31.0,InfinityHR,infinityhr,1,1,0,0
O*NET,31.0,Infoblox NetMRI,infoblox netmri,1,1,0,0
O*NET,31.0,Infoblox security and networking software,infoblox security and networking software,1,1,0,0
O*NET,31.0,Infobright Community Edition ICE,infobright community edition ice,1,1,0,0
O*NET,31.0,Infocom JACS,infocom jacs,1,1,0,0
O*NET,31.0,Infocorp Computer Solutions $mart System,infocorp computer solutions $mart system,2,2,0,0
O*NET,31.0,Infocorp Softwear/POS,infocorp softwear/pos,2,2,0,0
O*NET,31.0,InfoLogix HealthTrax Engine,infologix healthtrax engine,1,1,0,0
O*NET,31.0,Infor ERP Baan,infor erp baan,3,3,0,0
O*NET,31.0,Infor ERP SyteLine,infor erp syteline,5,5,0,0
O*NET,31.0,Infor ERP Visual,infor erp visual,1,1,0,0
O*NET,31.0,Infor Global Solutions eSITE,infor global solutions esite,1,1,0,0
O*NET,31.0,Infor Global Solutions Starbuilder,infor global solutions starbuilder,1,1,0,0
O*NET,31.0,Infor Industrial Essentials,infor industrial essentials,1,1,0,0
O*NET,31.0,Infor Lawson Supply Chain Management,infor lawson supply chain management,2,2,0,0
O*NET,31.0,Infor SCM,infor scm,1,1,0,0
O*NET,31.0,Infor SSA Human Capital Management,infor ssa human capital management,2,2,0,0
O*NET,31.0,Infor Supply Chain Management,infor supply chain management,1,1,0,0
O*NET,31.0,Infor XA,infor xa,1,1,0,0
O*NET,31.0,Informatica Big Data,informatica big data,2,2,0,0
O*NET,31.0,Informatica Corporation PowerCenter,informatica corporation powercenter,4,4,0,0
O*NET,31.0,Informatica Data Explorer,informatica data explorer,1,1,0,0
O*NET,31.0,Informatica PowerCenter,informatica powercenter,2,2,0,0
O*NET,31.0,Informatica software,informatica software,5,5,5,1
O*NET,31.0,Informatik MapDraw Deed Mapper,informatik mapdraw deed mapper,1,1,0,0
O*NET,31.0,Information Builders WebFOCUS,information builders webfocus,2,2,0,0
O*NET,31.0,Information management subsystem software,information management subsystem software,1,1,0,0
O*NET,31.0,Information presentation software,information presentation software,2,2,0,0
O*NET,31.0,Information Resource Products Clinical Coding Expert,information resource products clinical coding expert,2,2,0,0
O*NET,31.0,Information Services Inc. CCC Pathways Appraisal Solution,information services inc. ccc pathways appraisal solution,1,1,0,0
O*NET,31.0,Information systems integration software,information systems integration software,3,3,0,0
O*NET,31.0,Information Technology Incorporated Premier Teller,information technology incorporated premier teller,1,1,0,0
O*NET,31.0,InformationActive ActiveData for Excel,informationactive activedata for excel,1,1,0,0
O*NET,31.0,InformaVet ALIS-VET,informavet alis-vet,1,1,0,0
O*NET,31.0,Informed EMS Field Guide,informed ems field guide,2,2,0,0
O*NET,31.0,InforSense InforSense,inforsense inforsense,2,2,0,0
O*NET,31.0,Infosite Technologies Dispatch-Mate,infosite technologies dispatch-mate,1,1,0,0
O*NET,31.0,Infosite Technologies DM Warehousing,infosite technologies dm warehousing,1,1,0,0
O*NET,31.0,Infospectrum Quick Insure,infospectrum quick insure,1,1,0,0
O*NET,31.0,Infostat RIMBase,infostat rimbase,1,1,0,0
O*NET,31.0,Infotronics Attendance Enterprise,infotronics attendance enterprise,1,1,0,0
O*NET,31.0,Infovision Amlib,infovision amlib,1,1,0,0
O*NET,31.0,Infusion management software,infusion management software,1,1,0,0
O*NET,31.0,Ingenious ProPlan,ingenious proplan,1,1,0,0
O*NET,31.0,Ingenious ProSched,ingenious prosched,1,1,0,0
O*NET,31.0,Ingenuity Systems Ingenuity Pathways Analysis,ingenuity systems ingenuity pathways analysis,1,1,0,0
O*NET,31.0,Ingenuware CoronerBase,ingenuware coronerbase,1,1,0,0
O*NET,31.0,Inivis AC3D,inivis ac3d,1,1,0,0
O*NET,31.0,Injury Sciences EDR InSight,injury sciences edr insight,1,1,0,0
O*NET,31.0,Injury tracking software,injury tracking software,1,1,0,0
O*NET,31.0,Inkscape,inkscape,2,2,0,0
O*NET,31.0,Inlet Technologies Semaphore,inlet technologies semaphore,1,1,0,0
O*NET,31.0,Inline code expander software,inline code expander software,1,1,0,0
O*NET,31.0,InLoox,inloox,1,1,0,0
O*NET,31.0,Inmagic DB/TextWorks,inmagic db/textworks,1,1,0,0
O*NET,31.0,Inmagic Genie,inmagic genie,1,1,0,0
O*NET,31.0,Inmagic TextWorks,inmagic textworks,2,2,0,0
O*NET,31.0,INN-Client Server Systems ICSS Atrium,inn-client server systems icss atrium,1,1,0,0
O*NET,31.0,Innova Financial Solutions Derivatives Expert,innova financial solutions derivatives expert,2,2,0,0
O*NET,31.0,Innovative Business Computer Solutions Spa/Salon Manager,innovative business computer solutions spa/salon manager,1,1,0,0
O*NET,31.0,Innovative Interfaces Millennium,innovative interfaces millennium,2,2,0,0
O*NET,31.0,Innovative Software Inn-Soft Office Manager,innovative software inn-soft office manager,1,1,0,0
O*NET,31.0,Innovative Software Solutions Picas,innovative software solutions picas,1,1,0,0
O*NET,31.0,InnovMetric PolyWorks,innovmetric polyworks,1,1,0,0
O*NET,31.0,InnQuest roomMaster,innquest roommaster,1,1,0,0
O*NET,31.0,InnQuest Software roomMaster,innquest software roommaster,1,1,0,0
O*NET,31.0,InPhase Technologies Group InPhase Concept,inphase technologies group inphase concept,1,1,0,0
O*NET,31.0,InScribe,inscribe,3,3,0,0
O*NET,31.0,InsideSales.com,insidesales.com,1,1,0,0
O*NET,31.0,Insight Direct ServiceCEO,insight direct serviceceo,5,5,0,0
O*NET,31.0,Insight Software My Vision Express,insight software my vision express,2,2,0,0
O*NET,31.0,Insightful Corporation Confirmit,insightful corporation confirmit,1,1,0,0
O*NET,31.0,Insightful S-PLUS,insightful s-plus,19,19,0,0
O*NET,31.0,Inspection Depot Home Guide System,inspection depot home guide system,1,1,0,0
O*NET,31.0,Inspection management system,inspection management system,1,1,0,0
O*NET,31.0,Inspection marking systems,inspection marking systems,1,1,0,0
O*NET,31.0,Inspection Selection System ISS,inspection selection system iss,1,1,0,0
O*NET,31.0,Inspired eLearning iLMS,inspired elearning ilms,2,2,0,0
O*NET,31.0,Instagram,instagram,10,10,0,0
O*NET,31.0,Installalogy Access Client,installalogy access client,1,1,0,0
O*NET,31.0,InstallShield,installshield,1,1,0,0
O*NET,31.0,InStar Orion,instar orion,1,1,0,0
O*NET,31.0,Instructional software,instructional software,2,2,0,0
O*NET,31.0,Instructure Canvas,instructure canvas,4,4,0,0
O*NET,31.0,Instrument control software,instrument control software,1,1,0,0
O*NET,31.0,Instrument validation software,instrument validation software,1,1,0,0
O*NET,31.0,Insurance analysis software,insurance analysis software,1,1,0,0
O*NET,31.0,Insurance claim processing software,insurance claim processing software,1,1,0,0
O*NET,31.0,Insurance claims fraud detection software,insurance claims fraud detection software,1,1,0,0
O*NET,31.0,Insurance rating software,insurance rating software,2,2,0,0
O*NET,31.0,Insurance Systems WebWriter BackOffice,insurance systems webwriter backoffice,1,1,0,0
O*NET,31.0,Insurance Technologies Corporation InsurancePro,insurance technologies corporation insurancepro,1,1,0,0
O*NET,31.0,Insurance Technologies ForeSight Enterprise,insurance technologies foresight enterprise,1,1,0,0
O*NET,31.0,Insurance Technology Consultants WOW,insurance technology consultants wow,1,1,0,0
O*NET,31.0,Insureware ICRFS-ELRF,insureware icrfs-elrf,1,1,0,0
O*NET,31.0,InSystems Calligo Document Management System,insystems calligo document management system,1,1,0,0
O*NET,31.0,InSystems Calligo Enterprise,insystems calligo enterprise,1,1,0,0
O*NET,31.0,Intac International Wintac,intac international wintac,1,1,0,0
O*NET,31.0,Intacct ERP,intacct erp,1,1,0,0
O*NET,31.0,Integra Destiny Loan Origination,integra destiny loan origination,1,1,0,0
O*NET,31.0,Integra Radionics NeuroSight Arc,integra radionics neurosight arc,2,2,0,0
O*NET,31.0,Integrant DebtLogic,integrant debtlogic,1,1,0,0
O*NET,31.0,Integrated Automated Fingerprint Identification System IAFIS,integrated automated fingerprint identification system iafis,6,6,0,0
O*NET,31.0,Integrated circuit simulation software,integrated circuit simulation software,1,1,0,0
O*NET,31.0,Integrated construction management software,integrated construction management software,1,1,0,0
O*NET,31.0,Integrated Decision Support Corporation Expert Fuel,integrated decision support corporation expert fuel,1,1,0,0
O*NET,31.0,Integrated Decision Support Corporation Netwise Supply Chain,integrated decision support corporation netwise supply chain,1,1,0,0
O*NET,31.0,Integrated Decision Support Corporation Route Advice,integrated decision support corporation route advice,1,1,0,0
O*NET,31.0,Integrated Decision Support Corporation Swap Advice,integrated decision support corporation swap advice,1,1,0,0
O*NET,31.0,Integrated Decision Support Match Advice,integrated decision support match advice,1,1,0,0
O*NET,31.0,Integrated Decision Support Netwise Enterprise,integrated decision support netwise enterprise,1,1,0,0
O*NET,31.0,Integrated Decision Support Netwise Frontline,integrated decision support netwise frontline,1,1,0,0
O*NET,31.0,Integrated development environment IDE software,integrated development environment ide software,27,27,0,0
O*NET,31.0,Integrated Environmental Services 3D Master,integrated environmental services 3d master,1,1,0,0
O*NET,31.0,Integrated Management Systems Food Connex Cloud,integrated management systems food connex cloud,1,1,0,0
O*NET,31.0,Integrated materials management systems,integrated materials management systems,1,1,0,0
O*NET,31.0,Integrated Parking Solutions MApp,integrated parking solutions mapp,1,1,0,0
O*NET,31.0,Integrated Systems Management OmniMD,integrated systems management omnimd,2,2,0,0
O*NET,31.0,Integration testing software,integration testing software,3,3,0,0
O*NET,31.0,Integrity verification software,integrity verification software,1,1,0,0
O*NET,31.0,Intel Data Migration Software,intel data migration software,1,1,0,0
O*NET,31.0,Intel Integrated Performance Primitives,intel integrated performance primitives,1,1,0,0
O*NET,31.0,Intel Math Kernel Library,intel math kernel library,1,1,0,0
O*NET,31.0,InteLext Past Masters,intelext past masters,1,1,0,0
O*NET,31.0,Intelitek spectraCAM Milling,intelitek spectracam milling,1,1,0,0
O*NET,31.0,Intelitek spectraCAM Turning,intelitek spectracam turning,1,1,0,0
O*NET,31.0,Intelius,intelius,1,1,0,0
O*NET,31.0,Intelladon Enterprise Knowledge Platform EKP,intelladon enterprise knowledge platform ekp,2,2,0,0
O*NET,31.0,IntelliCAD,intellicad,1,1,0,0
O*NET,31.0,Intelligen SuperPro Designer,intelligen superpro designer,1,1,0,0
O*NET,31.0,Intelligent Algorithms InfoGIST Platinum Recruiter,intelligent algorithms infogist platinum recruiter,1,1,0,0
O*NET,31.0,Intelligent Editing PerfectIt,intelligent editing perfectit,1,1,0,0
O*NET,31.0,Intelligent Imaging Innovations SlideBook,intelligent imaging innovations slidebook,1,1,0,0
O*NET,31.0,Intelligent Information Conversion Technologies MeritScholar,intelligent information conversion technologies meritscholar,2,2,0,0
O*NET,31.0,intelligenz Solutions intelliSpa,intelligenz solutions intellispa,1,1,0,0
O*NET,31.0,Intelligrated InControlWare,intelligrated incontrolware,1,1,0,0
O*NET,31.0,Intellimed,intellimed,1,1,0,0
O*NET,31.0,IntelliPDF CURVES,intellipdf curves,1,1,0,0
O*NET,31.0,Intellisense Intellisuite,intellisense intellisuite,1,1,0,0
O*NET,31.0,Intellisys Project Desktop,intellisys project desktop,1,1,0,0
O*NET,31.0,Intellitax financial solutions software,intellitax financial solutions software,2,2,0,0
O*NET,31.0,IntelliTrack 3PL,intellitrack 3pl,2,2,0,0
O*NET,31.0,IntelliTrack DMS Check In-Out,intellitrack dms check in-out,1,1,0,0
O*NET,31.0,IntelliTrack Warehouse Management System (WMS),intellitrack warehouse management system (wms),2,2,0,0
O*NET,31.0,Intellum Rollbook,intellum rollbook,2,2,0,0
O*NET,31.0,InteProc Material Requirements Planning,inteproc material requirements planning,1,1,0,0
O*NET,31.0,Intera Systems Hawk-i,intera systems hawk-i,1,1,0,0
O*NET,31.0,InteractElsevier Netter's 3D Interactive Anatomy,interactelsevier netter's 3d interactive anatomy,1,1,0,0
O*NET,31.0,Interactive learning software,interactive learning software,1,1,0,0
O*NET,31.0,Interactive Mathematical Proof System IMPS,interactive mathematical proof system imps,1,1,0,0
O*NET,31.0,interactive Personnel Electronic Records Management System iPERMS,interactive personnel electronic records management system iperms,1,1,0,0
O*NET,31.0,Interactive psychological evaluation software,interactive psychological evaluation software,2,2,0,0
O*NET,31.0,Interactive radar analysis software IRAS,interactive radar analysis software iras,1,1,0,0
O*NET,31.0,Interconsult Brann G-JET,interconsult brann g-jet,1,1,0,0
O*NET,31.0,InterEnergy Software Building Energy Analyzer PRO,interenergy software building energy analyzer pro,2,2,0,0
O*NET,31.0,Interface Computers Data Loader,interface computers data loader,1,1,0,0
O*NET,31.0,Interface definition language IDL,interface definition language idl,8,8,0,0
O*NET,31.0,Intergraph GeoMedia Transportation Manager,intergraph geomedia transportation manager,1,1,0,0
O*NET,31.0,Intergraph Image Analyst,intergraph image analyst,1,1,0,0
O*NET,31.0,Intergraph ImageStation Stereo Softcopy Kit SSK,intergraph imagestation stereo softcopy kit ssk,2,2,0,0
O*NET,31.0,Intergraph INtools,intergraph intools,1,1,0,0
O*NET,31.0,Intergraph MGE,intergraph mge,2,2,0,0
O*NET,31.0,Intergraph Plant Design System PDS,intergraph plant design system pds,1,1,0,0
O*NET,31.0,Intergraph SmartMarine 3D,intergraph smartmarine 3d,1,1,0,0
O*NET,31.0,interlinkONE,interlinkone,1,1,0,0
O*NET,31.0,Interlock shutdown systems,interlock shutdown systems,2,2,0,0
O*NET,31.0,Intermediate System to Intermediate System IS-IS,intermediate system to intermediate system is-is,1,1,0,0
O*NET,31.0,InterMine,intermine,1,1,0,0
O*NET,31.0,Internal audit software,internal audit software,1,1,0,0
O*NET,31.0,International Centre for Diffraction Data ICDD DDView,international centre for diffraction data icdd ddview,1,1,0,0
O*NET,31.0,International Material Data System IMDS,international material data system imds,1,1,0,0
O*NET,31.0,International Response Technologies CowChip - Ranch House,international response technologies cowchip - ranch house,1,1,0,0
O*NET,31.0,International TechneGroup IGESworks,international technegroup igesworks,1,1,0,0
O*NET,31.0,Internet based MLS database software,internet based mls database software,1,1,0,0
O*NET,31.0,Internet Grievance System IGS,internet grievance system igs,1,1,0,0
O*NET,31.0,Internet or intranet image distribution software,internet or intranet image distribution software,2,2,0,0
O*NET,31.0,Internet Protocol Security IPSEC,internet protocol security ipsec,1,1,0,0
O*NET,31.0,Internet Protocol Television Systems,internet protocol television systems,1,1,0,0
O*NET,31.0,Internet search engine software,internet search engine software,1,1,0,0
O*NET,31.0,Interoperability testing software,interoperability testing software,3,3,0,0
O*NET,31.0,Interpex IXID,interpex ixid,1,1,0,0
O*NET,31.0,Interpreter software,interpreter software,1,1,0,0
O*NET,31.0,Interstate connection ICON,interstate connection icon,3,3,0,0
O*NET,31.0,Interstudio Geo-Tec B,interstudio geo-tec b,1,1,0,0
O*NET,31.0,Interuniversity Consortium for Political and Social Research (ICPSR) database,interuniversity consortium for political and social research (icpsr) database,1,1,0,0
O*NET,31.0,Interviewer software,interviewer software,1,1,0,0
O*NET,31.0,Interwave Technology RS Bizware Scheduler,interwave technology rs bizware scheduler,1,1,0,0
O*NET,31.0,Interwoven RecordsManager,interwoven recordsmanager,1,1,0,0
O*NET,31.0,Interwoven software,interwoven software,2,2,0,0
O*NET,31.0,Intland Software codeBeamer,intland software codebeamer,1,1,0,0
O*NET,31.0,Intrado SchoolMessenger,intrado schoolmessenger,10,10,0,0
O*NET,31.0,IntraVet,intravet,1,1,0,0
O*NET,31.0,Intrax ProcedureNet,intrax procedurenet,2,2,0,0
O*NET,31.0,Intrusion detection system IDS,intrusion detection system ids,4,4,0,0
O*NET,31.0,Intrusion prevention system IPS,intrusion prevention system ips,5,5,0,0
O*NET,31.0,Intuit Lacerte,intuit lacerte,1,1,0,0
O*NET,31.0,Intuit MRI Residential,intuit mri residential,1,1,0,0
O*NET,31.0,Intuit ProSeries,intuit proseries,2,2,0,0
O*NET,31.0,Intuit QuickBooks,intuit quickbooks,84,84,84,4
O*NET,31.0,Intuit QuickBooks Point of Sale,intuit quickbooks point of sale,6,6,0,0
O*NET,31.0,Intuit QuickBoooks Payments,intuit quickboooks payments,1,1,0,0
O*NET,31.0,Intuit TurboTax,intuit turbotax,3,3,3,1
O*NET,31.0,Intusoft ICAP,intusoft icap,1,1,0,0
O*NET,31.0,Inventory control software,inventory control software,16,16,0,0
O*NET,31.0,Inventory control system software,inventory control system software,5,5,0,2
O*NET,31.0,Inventory control systems,inventory control systems,2,2,0,0
O*NET,31.0,Inventory management systems,inventory management systems,29,29,0,6
O*NET,31.0,Inventory software,inventory software,3,3,0,0
O*NET,31.0,Inventory tracking software,inventory tracking software,45,45,0,0
O*NET,31.0,Inventrix Labtrac,inventrix labtrac,1,1,0,0
O*NET,31.0,Investigation management software,investigation management software,1,1,0,0
O*NET,31.0,Investigo,investigo,1,1,0,0
O*NET,31.0,Investment and business valuation template software,investment and business valuation template software,1,1,0,0
O*NET,31.0,Investment tracking software,investment tracking software,1,1,0,0
O*NET,31.0,Invicti Acunetix,invicti acunetix,1,1,0,0
O*NET,31.0,InVision software,invision software,3,3,0,0
O*NET,31.0,Invivo Data EPX ePRO Management System,invivo data epx epro management system,3,3,0,0
O*NET,31.0,Invoice software,invoice software,1,1,0,0
O*NET,31.0,IONA Orbix,iona orbix,1,1,0,0
O*NET,31.0,IOS Health Systems Medios EHR,ios health systems medios ehr,9,9,0,0
O*NET,31.0,iParadigms Turnitin,iparadigms turnitin,38,38,0,0
O*NET,31.0,ipconfig,ipconfig,1,1,0,0
O*NET,31.0,IpFilter,ipfilter,1,1,0,0
O*NET,31.0,iPhotoMEASURE,iphotomeasure,1,1,0,0
O*NET,31.0,iPro,ipro,3,3,0,0
O*NET,31.0,"IPro Restaurant Inventory, Recipe & Menu Software","ipro restaurant inventory, recipe & menu software",2,2,0,0
O*NET,31.0,IPS of Boston DoubleCheck,ips of boston doublecheck,1,1,0,0
O*NET,31.0,IPS-Sendero Relationship Profitability Manager Catalyst,ips-sendero relationship profitability manager catalyst,1,1,0,0
O*NET,31.0,Ipswitch WhatsUp Gold,ipswitch whatsup gold,1,1,0,0
O*NET,31.0,IpTables,iptables,1,1,0,0
O*NET,31.0,Iptor Supply Chain,iptor supply chain,1,1,0,0
O*NET,31.0,iQmetrix RQ4 Retail Management System,iqmetrix rq4 retail management system,1,1,0,0
O*NET,31.0,iRealty Manager,irealty manager,1,1,0,0
O*NET,31.0,iRez Systems Rezware XP7,irez systems rezware xp7,1,1,0,0
O*NET,31.0,IRIS,iris,1,1,0,0
O*NET,31.0,IRIS Seismic Processing Workshop,iris seismic processing workshop,1,1,0,0
O*NET,31.0,Iron Mountain Accutrac records management software,iron mountain accutrac records management software,4,4,0,0
O*NET,31.0,IronCAD,ironcad,1,1,0,0
O*NET,31.0,irs-aims MARS,irs-aims mars,1,1,0,0
O*NET,31.0,IRSIM,irsim,1,1,0,0
O*NET,31.0,Iseemedia Photovista Panorama,iseemedia photovista panorama,1,1,0,0
O*NET,31.0,iShip,iship,1,1,0,0
O*NET,31.0,ISO ClaimSearch,iso claimsearch,1,1,0,0
O*NET,31.0,ISO NetMap for Claims,iso netmap for claims,1,1,0,0
O*NET,31.0,Isograph FaultTree,isograph faulttree,1,1,0,0
O*NET,31.0,Isograph Markov,isograph markov,2,2,0,0
O*NET,31.0,isolved Time,isolved time,1,1,0,0
O*NET,31.0,ISS Construction Manager,iss construction manager,1,1,0,0
O*NET,31.0,ISS RealSecure,iss realsecure,1,1,0,0
O*NET,31.0,Issue tracking system software,issue tracking system software,1,1,0,0
O*NET,31.0,iSystems Evolution Payroll and Tax Management,isystems evolution payroll and tax management,1,1,0,0
O*NET,31.0,ITC Integrated Land and Water Information System ILWIS,itc integrated land and water information system ilwis,1,1,0,0
O*NET,31.0,ITEM Software ITEM ToolKit,item software item toolkit,1,1,0,0
O*NET,31.0,ITEM Software Spare Cost,item software spare cost,1,1,0,0
O*NET,31.0,ItemTracker,itemtracker,2,2,0,0
O*NET,31.0,Iteris Turbo Architecture,iteris turbo architecture,1,1,0,0
O*NET,31.0,Iterum eMedic,iterum emedic,2,2,0,0
O*NET,31.0,ITHAKA JSTOR,ithaka jstor,1,1,0,0
O*NET,31.0,Itron Enterprise Energy Management EEM Suite,itron enterprise energy management eem suite,2,2,0,0
O*NET,31.0,ITSpatial InterSCOPE,itspatial interscope,1,1,0,0
O*NET,31.0,ITT Exelis Visual Information Solutions ENVI,itt exelis visual information solutions envi,2,2,0,0
O*NET,31.0,ITT Visual Information Solutions ENVI,itt visual information solutions envi,4,4,0,0
O*NET,31.0,iView Systems,iview systems,1,1,0,0
O*NET,31.0,Ivorix Neurostrategy Finance,ivorix neurostrategy finance,2,2,0,0
O*NET,31.0,IWR-PLAN,iwr-plan,1,1,0,0
O*NET,31.0,IXL Learning Quia Web,ixl learning quia web,1,1,0,0
O*NET,31.0,iZotope Ozone,izotope ozone,1,1,0,0
O*NET,31.0,J,j,4,4,0,0
O*NET,31.0,J&L Financial Planner,j&l financial planner,1,1,0,0
O*NET,31.0,j2 Global Communications onebox,j2 global communications onebox,1,1,0,0
O*NET,31.0,JACAL,jacal,1,1,0,0
O*NET,31.0,Jack Henry & Associates Vertex,jack henry & associates vertex,1,1,0,0
O*NET,31.0,Jackbeat,jackbeat,1,1,0,0
O*NET,31.0,Jackrabbit Technologies Jackrabbit Care,jackrabbit technologies jackrabbit care,1,1,0,0
O*NET,31.0,Jail management software,jail management software,2,2,0,0
O*NET,31.0,jalada GmbH Just Translate,jalada gmbh just translate,1,1,0,0
O*NET,31.0,JAMAR Technologies PETRAPro,jamar technologies petrapro,1,1,0,0
O*NET,31.0,JamBoard,jamboard,17,17,0,0
O*NET,31.0,JaMBW,jambw,1,1,0,0
O*NET,31.0,James Frazier Associates DataStart,james frazier associates datastart,2,2,0,0
O*NET,31.0,Jantek Electronics Jupiter Time & Attendance,jantek electronics jupiter time & attendance,1,1,0,0
O*NET,31.0,Jantek Jupiter Time Attendance,jantek jupiter time attendance,1,1,0,0
O*NET,31.0,Jaspersoft Business Intelligence Suite,jaspersoft business intelligence suite,1,1,0,0
O*NET,31.0,Javamin Composer,javamin composer,1,1,0,0
O*NET,31.0,JavaScript,javascript,84,84,84,13
O*NET,31.0,JavaScript framework software,javascript framework software,2,2,0,1
O*NET,31.0,JavaScript Object Notation JSON,javascript object notation json,26,26,26,1
O*NET,31.0,JDA Arthur KnowledgeBase database,jda arthur knowledgebase database,1,1,0,0
O*NET,31.0,JDA Manugistics,jda manugistics,2,2,0,0
O*NET,31.0,JDA Master Planning,jda master planning,1,1,0,0
O*NET,31.0,JDA Software Group Advanced Warehouse Replenishment by E3,jda software group advanced warehouse replenishment by e3,1,1,0,0
O*NET,31.0,JDA Software Group Assortment Planning by Arthur,jda software group assortment planning by arthur,1,1,0,0
O*NET,31.0,Jekyll,jekyll,2,2,0,0
O*NET,31.0,Jenark Business Systems,jenark business systems,1,1,0,0
O*NET,31.0,Jenkins CI,jenkins ci,14,14,14,5
O*NET,31.0,Jenmar International DL-Plus,jenmar international dl-plus,1,1,0,0
O*NET,31.0,Jenss & Associates CompKeeper,jenss & associates compkeeper,1,1,0,0
O*NET,31.0,Jenzabar ERP,jenzabar erp,1,1,0,0
O*NET,31.0,Jenzabar EX,jenzabar ex,2,2,0,0
O*NET,31.0,Jeppesen Marine Nobeltec Admiral,jeppesen marine nobeltec admiral,1,1,0,0
O*NET,31.0,JessX stock simulator software,jessx stock simulator software,1,1,0,0
O*NET,31.0,Jest,jest,1,1,0,0
O*NET,31.0,JET,jet,1,1,0,0
O*NET,31.0,JetBrains IntelliJ IDEA,jetbrains intellij idea,1,1,0,0
O*NET,31.0,JetBrains PhpStorm,jetbrains phpstorm,2,2,0,0
O*NET,31.0,JetBrains Team City,jetbrains team city,1,1,0,0
O*NET,31.0,JETCAM,jetcam,2,2,0,0
O*NET,31.0,JETCAM Expert,jetcam expert,1,1,0,0
O*NET,31.0,Jewelry design software,jewelry design software,1,1,0,0
O*NET,31.0,Jewelry store point of sale POS software,jewelry store point of sale pos software,1,1,0,0
O*NET,31.0,JFrog Artifactory,jfrog artifactory,1,1,0,0
O*NET,31.0,JHDL,jhdl,1,1,0,0
O*NET,31.0,Jitterbit,jitterbit,2,2,0,0
O*NET,31.0,JMS Software RCM WorkSaver,jms software rcm worksaver,1,1,0,0
O*NET,31.0,Job control language JCL,job control language jcl,23,23,0,0
O*NET,31.0,Job costing software,job costing software,5,5,0,0
O*NET,31.0,Job posting software,job posting software,1,1,0,0
O*NET,31.0,Job scheduling software,job scheduling software,1,1,0,0
O*NET,31.0,Job tracking software,job tracking software,1,1,0,0
O*NET,31.0,Jobber Computer Plus,jobber computer plus,1,1,0,0
O*NET,31.0,JobBOSS,jobboss,1,1,0,0
O*NET,31.0,JobPack MES Scheduler,jobpack mes scheduler,1,1,0,0
O*NET,31.0,John Deere Apex Farm Management,john deere apex farm management,2,2,0,0
O*NET,31.0,John Hesselberth and Ron Roy GlazeMaster,john hesselberth and ron roy glazemaster,1,1,0,0
O*NET,31.0,Johnson Controls Metasys,johnson controls metasys,1,1,0,0
O*NET,31.0,Joint Prediction of Operons JPOP,joint prediction of operons jpop,1,1,0,0
O*NET,31.0,Joomla,joomla,1,1,0,0
O*NET,31.0,jQuery,jquery,27,27,27,1
O*NET,31.0,JRC navigation software,jrc navigation software,1,1,0,0
O*NET,31.0,JRP Consulting Plant Wizard,jrp consulting plant wizard,1,1,0,0
O*NET,31.0,JRP Consulting Survey Wizard,jrp consulting survey wizard,1,1,0,0
O*NET,31.0,JSTOR database,jstor database,1,1,0,0
O*NET,31.0,JTL Enterprises MedIntake,jtl enterprises medintake,1,1,0,0
O*NET,31.0,JudgeIt II,judgeit ii,1,1,0,0
O*NET,31.0,Julia,julia,1,1,0,0
O*NET,31.0,Juniper Networks NetScreen-Security Manager,juniper networks netscreen-security manager,2,2,0,0
O*NET,31.0,Juniper Systems LandMark Mobile,juniper systems landmark mobile,1,1,0,0
O*NET,31.0,JUnit,junit,20,20,20,0
O*NET,31.0,Junxure CRM Software,junxure crm software,1,1,0,0
O*NET,31.0,Jupyter Notebook,jupyter notebook,16,16,0,0
O*NET,31.0,Jupyter software,jupyter software,1,1,0,0
O*NET,31.0,Jurek Software Pedigree-Draw,jurek software pedigree-draw,1,1,0,0
O*NET,31.0,Juris,juris,1,1,0,0
O*NET,31.0,Just So Software The Property Manager,just so software the property manager,1,1,0,0
O*NET,31.0,Just-in-time compiler,just-in-time compiler,1,1,0,0
O*NET,31.0,JustBio SeqPainter,justbio seqpainter,1,1,0,0
O*NET,31.0,Justice Systems FullCourt Enterprise,justice systems fullcourt enterprise,2,2,0,0
O*NET,31.0,JustSystems XMetaL,justsystems xmetal,1,1,0,0
O*NET,31.0,K&K Associates Thermal Analysis Kit TAK,k&k associates thermal analysis kit tak,1,1,0,0
O*NET,31.0,K2 Business Process Automation,k2 business process automation,1,1,0,0
O*NET,31.0,K9 Bytes K9 Koordinator,k9 bytes k9 koordinator,1,1,0,0
O*NET,31.0,Kahoot!,kahoot!,9,9,0,0
O*NET,31.0,Kali Linux,kali linux,3,3,0,1
O*NET,31.0,Kalido Information Engine,kalido information engine,1,1,0,0
O*NET,31.0,Kanoodle,kanoodle,1,1,0,0
O*NET,31.0,KANT,kant,1,1,0,0
O*NET,31.0,KAPES,kapes,2,2,0,0
O*NET,31.0,Kapwing,kapwing,5,5,0,0
O*NET,31.0,Kareo Practice Management,kareo practice management,9,9,0,0
O*NET,31.0,KARIO,kario,1,1,0,0
O*NET,31.0,Katchitek Corporation OrthoManager,katchitek corporation orthomanager,1,1,0,0
O*NET,31.0,Katsura Shareware KS Strobe Tuner,katsura shareware ks strobe tuner,1,1,0,0
O*NET,31.0,Katsura Shareware ProLevel,katsura shareware prolevel,1,1,0,0
O*NET,31.0,Katsura Shareware SoundFrames,katsura shareware soundframes,1,1,0,0
O*NET,31.0,KayPENTAX Multi-Speech,kaypentax multi-speech,2,2,0,0
O*NET,31.0,KayPENTAX Nasometer,kaypentax nasometer,1,1,0,0
O*NET,31.0,KCD cabinet design software,kcd cabinet design software,1,1,0,0
O*NET,31.0,KE Software EMu,ke software emu,1,1,0,0
O*NET,31.0,Kea Software impDAT,kea software impdat,1,1,0,0
O*NET,31.0,Keane SCORE,keane score,1,1,0,0
O*NET,31.0,Keb Combivis Studio,keb combivis studio,2,2,0,0
O*NET,31.0,Keffer Development Services Athletic Trainer System ATS,keffer development services athletic trainer system ats,1,1,0,0
O*NET,31.0,Kelowna Software L4U,kelowna software l4u,1,1,0,0
O*NET,31.0,KELTEC Systems HerdMaster,keltec systems herdmaster,1,1,0,0
O*NET,31.0,Kennel Link,kennel link,1,1,0,0
O*NET,31.0,Kentech Kipware M CNC,kentech kipware m cnc,1,1,0,0
O*NET,31.0,Kentech Kipware Studio,kentech kipware studio,2,2,0,0
O*NET,31.0,Kentech Kipware T CNC,kentech kipware t cnc,1,1,0,0
O*NET,31.0,Kentech Kipware Trig Kalculator,kentech kipware trig kalculator,2,2,0,0
O*NET,31.0,Kentech Kipware X CNC,kentech kipware x cnc,1,1,0,0
O*NET,31.0,Kentech machine shop software,kentech machine shop software,2,2,0,0
O*NET,31.0,Kentech PROTALK,kentech protalk,1,1,0,0
O*NET,31.0,Keras,keras,1,1,0,0
O*NET,31.0,Ketogenic planning software,ketogenic planning software,1,1,0,0
O*NET,31.0,Kewill Clippership,kewill clippership,1,1,0,0
O*NET,31.0,Kewill Compliance Partner,kewill compliance partner,1,1,0,0
O*NET,31.0,Kewill Global Trade and Logistics,kewill global trade and logistics,1,1,0,0
O*NET,31.0,Kewill Javelin Distribution Ship,kewill javelin distribution ship,1,1,0,0
O*NET,31.0,KEYENCE PLC Ladder Logic,keyence plc ladder logic,1,1,0,0
O*NET,31.0,Keypoint DataDesk,keypoint datadesk,2,2,0,0
O*NET,31.0,Keysight Intuilink Connectivity Software,keysight intuilink connectivity software,1,1,0,0
O*NET,31.0,Keysight Technologies Advanced Design System,keysight technologies advanced design system,2,2,0,0
O*NET,31.0,Keystroke monitoring software,keystroke monitoring software,1,1,0,0
O*NET,31.0,Kforge,kforge,1,1,0,0
O*NET,31.0,Khameleon,khameleon,1,1,0,0
O*NET,31.0,KiCad,kicad,1,1,0,0
O*NET,31.0,Kidasa Milestones Professional,kidasa milestones professional,1,1,0,0
O*NET,31.0,KIKA Veracity,kika veracity,2,2,0,0
O*NET,31.0,Kinematic Engineering MicroMeasure IV,kinematic engineering micromeasure iv,1,1,0,0
O*NET,31.0,KinTraks,kintraks,1,1,0,0
O*NET,31.0,Kirix ProffiPoint,kirix proffipoint,1,1,0,0
O*NET,31.0,Kismet,kismet,1,1,0,0
O*NET,31.0,Kitty Hawk,kitty hawk,3,3,0,0
O*NET,31.0,KLA-Tencor PROLITH,kla-tencor prolith,1,1,0,0
O*NET,31.0,Klear Estimator,klear estimator,1,1,0,0
O*NET,31.0,Kleinrock Publishing,kleinrock publishing,1,1,0,0
O*NET,31.0,Kliger-Weiss Infosystems,kliger-weiss infosystems,1,1,0,0
O*NET,31.0,KMR software,kmr software,1,1,0,0
O*NET,31.0,Knees Software PT DocTools,knees software pt doctools,1,1,0,0
O*NET,31.0,Knight BondPoint,knight bondpoint,1,1,0,0
O*NET,31.0,KNMI TurboWin,knmi turbowin,2,2,0,0
O*NET,31.0,Kodak Dental Systems Kodak Cosmetic Imaging Module,kodak dental systems kodak cosmetic imaging module,1,1,0,0
O*NET,31.0,Kodak Dental Systems Kodak ORTHOWARE,kodak dental systems kodak orthoware,1,1,0,0
O*NET,31.0,Kodak Dental Systems Kodak PRACTICEWORKS Practice management software PMS,kodak dental systems kodak practiceworks practice management software pms,2,2,0,0
O*NET,31.0,Kodak Dental Systems Kodak SOFTDENT Practice management software PMS,kodak dental systems kodak softdent practice management software pms,4,4,0,0
O*NET,31.0,KOffice.org Kplato,koffice.org kplato,1,1,0,0
O*NET,31.0,KommandCore,kommandcore,1,1,0,0
O*NET,31.0,Komplete Kontrol,komplete kontrol,1,1,0,0
O*NET,31.0,Kongsberg Maritime K-Log Deck Logbook,kongsberg maritime k-log deck logbook,1,1,0,0
O*NET,31.0,Kongsberg Maritime K-LOG Electronic Logbooks,kongsberg maritime k-log electronic logbooks,1,1,0,0
O*NET,31.0,Kookaburra Studios Knowledge Presenter,kookaburra studios knowledge presenter,1,1,0,0
O*NET,31.0,Korchek Technologies CareChek,korchek technologies carechek,1,1,0,0
O*NET,31.0,Korg EM-1 Editor,korg em-1 editor,1,1,0,0
O*NET,31.0,KornShell,kornshell,21,21,0,0
O*NET,31.0,Kotlin,kotlin,2,2,0,0
O*NET,31.0,KPB Associates TaxStream,kpb associates taxstream,1,1,0,0
O*NET,31.0,Kressa Software SchoolLeader,kressa software schoolleader,1,1,0,0
O*NET,31.0,Kronos Enterprise Workforce Management,kronos enterprise workforce management,2,2,0,0
O*NET,31.0,Kronos Workforce HR,kronos workforce hr,1,1,0,0
O*NET,31.0,Kronos Workforce Payroll,kronos workforce payroll,3,3,0,0
O*NET,31.0,Kronos Workforce Timekeeper,kronos workforce timekeeper,13,13,13,1
O*NET,31.0,KRS Enterprises Service First!,krs enterprises service first!,1,1,0,0
O*NET,31.0,KSEG,kseg,1,1,0,0
O*NET,31.0,Kubeflow,kubeflow,1,1,0,0
O*NET,31.0,Kubernetes,kubernetes,15,15,15,8
O*NET,31.0,Kubotek CADKEY Wireframe,kubotek cadkey wireframe,1,1,0,0
O*NET,31.0,Kubotek KeyCreator Machinist,kubotek keycreator machinist,1,1,0,0
O*NET,31.0,Kubotek USA KeyCreator,kubotek usa keycreator,1,1,0,0
O*NET,31.0,Kuder Navigator,kuder navigator,1,1,0,0
O*NET,31.0,KYPipe,kypipe,1,1,0,0
O*NET,31.0,L-Systems X-ONE,l-systems x-one,1,1,0,0
O*NET,31.0,LA PRO Loan Administrator Pro,la pro loan administrator pro,1,1,0,0
O*NET,31.0,LAB SUM3D,lab sum3d,1,1,0,0
O*NET,31.0,Label inspection systems,label inspection systems,1,1,0,0
O*NET,31.0,Label printing software,label printing software,2,2,0,0
O*NET,31.0,Label-making software,label-making software,2,2,0,0
O*NET,31.0,Labeling software,labeling software,2,2,0,0
O*NET,31.0,Labelmaster Software REG-Trieve,labelmaster software reg-trieve,1,1,0,0
O*NET,31.0,Lablite Laboratory Information Management Systems LIMS,lablite laboratory information management systems lims,1,1,0,0
O*NET,31.0,LabMagic,labmagic,1,1,0,0
O*NET,31.0,LabOne NET,labone net,1,1,0,0
O*NET,31.0,Laboratory Automated Quality Control Systems LAQC,laboratory automated quality control systems laqc,1,1,0,0
O*NET,31.0,Laboratory information management system LIMS,laboratory information management system lims,18,18,0,0
O*NET,31.0,Laboratory information system LIS,laboratory information system lis,9,9,0,0
O*NET,31.0,Laboratory Systems Group Lab Manager,laboratory systems group lab manager,1,1,0,0
O*NET,31.0,LaborSoft LaborForce Arbitration/Appeals Manager module,laborsoft laborforce arbitration/appeals manager module,1,1,0,0
O*NET,31.0,LaborSoft LaborForce Discipline Manager module,laborsoft laborforce discipline manager module,1,1,0,0
O*NET,31.0,LaborSoft LaborForce EEO Claims Manager module,laborsoft laborforce eeo claims manager module,1,1,0,0
O*NET,31.0,LaborSoft LaborForce Grievance Manager module,laborsoft laborforce grievance manager module,1,1,0,0
O*NET,31.0,LaborSoft LaborForce Incident Tracking module,laborsoft laborforce incident tracking module,1,1,0,0
O*NET,31.0,LaborSoft LaborForce Personnel Manager module,laborsoft laborforce personnel manager module,1,1,0,0
O*NET,31.0,LaborSoft LaborForce Reporting/Dashboard Manager module,laborsoft laborforce reporting/dashboard manager module,1,1,0,0
O*NET,31.0,LabSoft LabNet,labsoft labnet,2,2,0,0
O*NET,31.0,LabTrack Electronic Lab Notebook,labtrack electronic lab notebook,1,1,0,0
O*NET,31.0,Labvantage Solutions LIMS,labvantage solutions lims,1,1,0,0
O*NET,31.0,LabWare LIMS,labware lims,1,1,0,0
O*NET,31.0,LaCerte 1040 Tax Analyzer,lacerte 1040 tax analyzer,1,1,0,0
O*NET,31.0,Ladder Logic,ladder logic,4,4,0,0
O*NET,31.0,Lakes Environmental EcoRisk View,lakes environmental ecorisk view,1,1,0,0
O*NET,31.0,Lakes Environmental Emissions View,lakes environmental emissions view,1,1,0,0
O*NET,31.0,Lakes Environmental ISC-AERMOD View,lakes environmental isc-aermod view,1,1,0,0
O*NET,31.0,Lakes Environmental SLAB View,lakes environmental slab view,1,1,0,0
O*NET,31.0,Lakes Environmental Software WRPLOT View,lakes environmental software wrplot view,1,1,0,0
O*NET,31.0,Lamar Info Net,lamar info net,1,1,0,0
O*NET,31.0,Lambda Research OSLO,lambda research oslo,1,1,0,0
O*NET,31.0,LAMMPS Molecular Dynamics Simulator,lammps molecular dynamics simulator,1,1,0,0
O*NET,31.0,LAMP Stack,lamp stack,21,21,0,0
O*NET,31.0,Lancaster DHIA PCDART,lancaster dhia pcdart,1,1,0,0
O*NET,31.0,Land & Sea DYNO-MAX,land & sea dyno-max,1,1,0,0
O*NET,31.0,Land management databases,land management databases,1,1,0,0
O*NET,31.0,Land Software Customer Pro-File,land software customer pro-file,1,1,0,0
O*NET,31.0,Landfill gas analysis software,landfill gas analysis software,2,2,0,0
O*NET,31.0,Landlord Software Pro Flipper,landlord software pro flipper,1,1,0,0
O*NET,31.0,LandlordMax,landlordmax,1,1,0,0
O*NET,31.0,Landmark Graphics GeoGraphix,landmark graphics geographix,3,3,0,0
O*NET,31.0,Landmark Graphics TOW/cs,landmark graphics tow/cs,1,1,0,0
O*NET,31.0,Landmark Sales LOG-istics,landmark sales log-istics,1,1,0,0
O*NET,31.0,Landmark SeisWorks,landmark seisworks,1,1,0,0
O*NET,31.0,Landmark VIP,landmark vip,1,1,0,0
O*NET,31.0,Landport Systems Landport,landport systems landport,1,1,0,0
O*NET,31.0,Landscape Management System LMS,landscape management system lms,1,1,0,0
O*NET,31.0,Landscape modeling software,landscape modeling software,1,1,0,0
O*NET,31.0,LandSerf,landserf,1,1,0,0
O*NET,31.0,Landtec System Software LFG Pro,landtec system software lfg pro,2,2,0,0
O*NET,31.0,Landtitle USA,landtitle usa,1,1,0,0
O*NET,31.0,LangChain,langchain,1,1,0,1
O*NET,31.0,Langlais Computer Consultants CalMan,langlais computer consultants calman,1,1,0,0
O*NET,31.0,Language analysis software,language analysis software,2,2,0,0
O*NET,31.0,Language arts educational software,language arts educational software,2,2,0,0
O*NET,31.0,Language Engineering Corporation Translate Pro,language engineering corporation translate pro,1,1,0,0
O*NET,31.0,LAPACK,lapack,1,1,0,0
O*NET,31.0,Large eddy simulation LES software,large eddy simulation les software,1,1,0,0
O*NET,31.0,Laser imaging detection and ranging LIDAR system,laser imaging detection and ranging lidar system,2,2,0,0
O*NET,31.0,Laser Substrates PostalXport,laser substrates postalxport,1,1,0,0
O*NET,31.0,Laserfiche Avante,laserfiche avante,2,2,0,0
O*NET,31.0,Laserfiche Rio,laserfiche rio,1,1,0,0
O*NET,31.0,Laserfiche software,laserfiche software,2,2,0,0
O*NET,31.0,LaserSoft Imaging SilverFast Ai Studio,lasersoft imaging silverfast ai studio,1,1,0,0
O*NET,31.0,LaTeX,latex,3,3,0,0
O*NET,31.0,Lathem Time PayClock EZ,lathem time payclock ez,1,1,0,0
O*NET,31.0,Latitude software,latitude software,1,1,0,0
O*NET,31.0,Lattice MediCopia,lattice medicopia,1,1,0,0
O*NET,31.0,Lauriso Software Music Publisher,lauriso software music publisher,1,1,0,0
O*NET,31.0,Lavalys Everest,lavalys everest,1,1,0,0
O*NET,31.0,Law enforcement database software,law enforcement database software,1,1,0,0
O*NET,31.0,Law enforcement information databases,law enforcement information databases,6,6,0,0
O*NET,31.0,Lawex TrialWorks,lawex trialworks,1,1,0,0
O*NET,31.0,LawLogix Edge,lawlogix edge,1,1,0,0
O*NET,31.0,LawManager,lawmanager,1,1,0,0
O*NET,31.0,Lawson ERP,lawson erp,2,2,0,0
O*NET,31.0,Lawson Human Resource Management,lawson human resource management,3,3,0,0
O*NET,31.0,Lawson Human Resources Suite,lawson human resources suite,1,1,0,0
O*NET,31.0,Lawson S3 Supply Chain Management,lawson s3 supply chain management,1,1,0,0
O*NET,31.0,Lead Activity Analyzer,lead activity analyzer,1,1,0,0
O*NET,31.0,Lead Business Analyzer,lead business analyzer,1,1,0,0
O*NET,31.0,Leading Market Technologies EXPO,leading market technologies expo,3,3,0,0
O*NET,31.0,LeanForward LearnPoint,leanforward learnpoint,1,1,0,0
O*NET,31.0,Learn HQ Activate LMS,learn hq activate lms,2,2,0,0
O*NET,31.0,Learn.com CourseMaker Studio,learn.com coursemaker studio,1,1,0,0
O*NET,31.0,Learn.com LearnCenter Talent Management Suite,learn.com learncenter talent management suite,1,1,0,0
O*NET,31.0,Learning Fundamentals Speech Visualization,learning fundamentals speech visualization,2,2,0,0
O*NET,31.0,Learning management system LMS,learning management system lms,47,47,0,31
O*NET,31.0,Learning Technology Research Institute GLO Maker,learning technology research institute glo maker,1,1,0,0
O*NET,31.0,Lease Cost Solutions LseMod,lease cost solutions lsemod,1,1,0,0
O*NET,31.0,Lectra Prima Vision Print Repeat,lectra prima vision print repeat,1,1,0,0
O*NET,31.0,LegacyUSA BakeSmart,legacyusa bakesmart,1,1,0,0
O*NET,31.0,Legal document software,legal document software,1,1,0,0
O*NET,31.0,Legal Files software,legal files software,2,2,0,0
O*NET,31.0,Legal research software,legal research software,1,1,0,0
O*NET,31.0,Legal software,legal software,1,1,0,0
O*NET,31.0,LegalEdge Law Firm Suite,legaledge law firm suite,1,1,0,0
O*NET,31.0,Legislative Automative Workflow System LAWS,legislative automative workflow system laws,1,1,0,0
O*NET,31.0,Leica AEROPLAN LiDAR,leica aeroplan lidar,1,1,0,0
O*NET,31.0,Leica Geosystems ERDAS IMAGINE,leica geosystems erdas imagine,15,15,0,0
O*NET,31.0,Leica Geosystems FMS,leica geosystems fms,1,1,0,0
O*NET,31.0,Lemkesoft GraphicConverter,lemkesoft graphicconverter,1,1,0,0
O*NET,31.0,Lending software systems,lending software systems,1,1,0,0
O*NET,31.0,Lenos marketing automation software,lenos marketing automation software,1,1,0,0
O*NET,31.0,Lenox Softworks VideoPoint,lenox softworks videopoint,1,1,0,0
O*NET,31.0,LeonardoMD Renaissance,leonardomd renaissance,2,2,0,0
O*NET,31.0,Leprechaun Spa and Salon Software,leprechaun spa and salon software,1,1,0,0
O*NET,31.0,Levare Center Court,levare center court,2,2,0,0
O*NET,31.0,Lewis & Ellis LEAPPS,lewis & ellis leapps,1,1,0,0
O*NET,31.0,LexisNexis,lexisnexis,57,57,0,0
O*NET,31.0,LexisNexis Accurint,lexisnexis accurint,1,1,0,0
O*NET,31.0,LexisNexis Applied Discovery,lexisnexis applied discovery,1,1,0,0
O*NET,31.0,LexisNexis Banko,lexisnexis banko,1,1,0,0
O*NET,31.0,LexisNexis CaseMap,lexisnexis casemap,3,3,0,0
O*NET,31.0,LexisNexis CheckCite,lexisnexis checkcite,1,1,0,0
O*NET,31.0,LexisNexis CodeMaster,lexisnexis codemaster,1,1,0,0
O*NET,31.0,LexisNexis Company Analyzer,lexisnexis company analyzer,1,1,0,0
O*NET,31.0,LexisNexis Concordance,lexisnexis concordance,1,1,0,0
O*NET,31.0,LexisNexis CourtLink Strategic Profiles,lexisnexis courtlink strategic profiles,2,2,0,0
O*NET,31.0,LexisNexis File and Serve,lexisnexis file and serve,1,1,0,0
O*NET,31.0,LexisNexis Lexis Advance,lexisnexis lexis advance,1,1,0,0
O*NET,31.0,LexisNexis Lexis Back Office,lexisnexis lexis back office,1,1,0,0
O*NET,31.0,LexisNexis Lexis Front Office,lexisnexis lexis front office,1,1,0,0
O*NET,31.0,LexisNexis PCLaw,lexisnexis pclaw,1,1,0,0
O*NET,31.0,LexisNexis RiskWise,lexisnexis riskwise,1,1,0,0
O*NET,31.0,LexisNexis Shepard's Citations Service,lexisnexis shepard's citations service,1,1,0,0
O*NET,31.0,LexisNexis SmartLinx,lexisnexis smartlinx,2,2,0,0
O*NET,31.0,LexisNexis Time Matters,lexisnexis time matters,2,2,0,0
O*NET,31.0,LexisNexis Total Search,lexisnexis total search,1,1,0,0
O*NET,31.0,Lexrotech LxPediatric,lexrotech lxpediatric,1,1,0,0
O*NET,31.0,Libera System7,libera system7,1,1,0,0
O*NET,31.0,Library of Congress digital collections,library of congress digital collections,1,1,0,0
O*NET,31.0,Library of Congress E-resources Online Catalog,library of congress e-resources online catalog,1,1,0,0
O*NET,31.0,Library of Congress online databases,library of congress online databases,1,1,0,0
O*NET,31.0,LibreOffice,libreoffice,2,2,0,0
O*NET,31.0,LibreOffice Draw,libreoffice draw,1,1,0,0
O*NET,31.0,LIDP Consulting Services The Administrator,lidp consulting services the administrator,1,1,0,0
O*NET,31.0,Life cycle assessment LCA software,life cycle assessment lca software,1,1,0,0
O*NET,31.0,Life cycle cost software,life cycle cost software,2,2,0,0
O*NET,31.0,Life Systems Software ChiroSuite EHR,life systems software chirosuite ehr,1,1,0,0
O*NET,31.0,Life Technologies SOLiD,life technologies solid,1,1,0,0
O*NET,31.0,Life Technologies Vector NTI,life technologies vector nti,1,1,0,0
O*NET,31.0,Lifeline Software RadCalc,lifeline software radcalc,1,1,0,0
O*NET,31.0,Lifestyles Technologies DietMaster Pro,lifestyles technologies dietmaster pro,1,1,0,0
O*NET,31.0,Light Blue Software Light Blue,light blue software light blue,1,1,0,0
O*NET,31.0,Lighting calculation software,lighting calculation software,1,1,0,0
O*NET,31.0,LightSpeed Cloud,lightspeed cloud,2,2,0,0
O*NET,31.0,Lilly Software Associates VISUAL DCMS,lilly software associates visual dcms,1,1,0,0
O*NET,31.0,Lilly Software Associates VISUAL Enterprise,lilly software associates visual enterprise,1,1,0,0
O*NET,31.0,LINDO Systems LINDO API,lindo systems lindo api,1,1,0,0
O*NET,31.0,LINDO Systems LINGO,lindo systems lingo,1,1,0,0
O*NET,31.0,LINDO Systems optimization modeling software,lindo systems optimization modeling software,2,2,0,0
O*NET,31.0,Linear Technology LTSpice,linear technology ltspice,1,1,0,0
O*NET,31.0,LinearTeam WinISD,linearteam winisd,1,1,0,0
O*NET,31.0,Lingoes,lingoes,1,1,0,0
O*NET,31.0,Link actuated vents LAVENT software,link actuated vents lavent software,1,1,0,0
O*NET,31.0,Link analysis software,link analysis software,1,1,0,0
O*NET,31.0,Link encryption software,link encryption software,1,1,0,0
O*NET,31.0,Link Microtek,link microtek,1,1,0,0
O*NET,31.0,LinkCAD,linkcad,1,1,0,0
O*NET,31.0,LinkedIn,linkedin,53,53,0,0
O*NET,31.0,Linspire Nvu,linspire nvu,1,1,0,0
O*NET,31.0,Linux,linux,122,122,122,20
O*NET,31.0,Linux Virtual Server,linux virtual server,1,1,0,0
O*NET,31.0,Lion Edge Technologies Ranch Manager,lion edge technologies ranch manager,2,2,0,0
O*NET,31.0,LiquidPlanner,liquidplanner,1,1,0,0
O*NET,31.0,List processing language LISP,list processing language lisp,6,6,0,0
O*NET,31.0,Listserv software,listserv software,1,1,0,0
O*NET,31.0,Litchi,litchi,5,5,0,0
O*NET,31.0,Literature & Latte Scrivener,literature & latte scrivener,1,1,0,0
O*NET,31.0,Litigation management software,litigation management software,1,1,0,0
O*NET,31.0,Litigation support software,litigation support software,1,1,0,0
O*NET,31.0,Little Piano,little piano,1,1,0,0
O*NET,31.0,Live streaming software,live streaming software,1,1,0,0
O*NET,31.0,LJI Technologies Lumberjack,lji technologies lumberjack,1,1,0,0
O*NET,31.0,LMS Imagine.Lab AMESim,lms imagine.lab amesim,1,1,0,0
O*NET,31.0,Load optimization software,load optimization software,1,1,0,0
O*NET,31.0,Load testing software,load testing software,4,4,0,0
O*NET,31.0,Load-bearing analysis software,load-bearing analysis software,1,1,0,0
O*NET,31.0,Loan application processing software,loan application processing software,2,2,0,0
O*NET,31.0,Loan origination software,loan origination software,1,1,0,0
O*NET,31.0,Loan tracking software,loan tracking software,1,1,0,0
O*NET,31.0,LOB RetailPoint,lob retailpoint,2,2,0,0
O*NET,31.0,Local area network LAN software,local area network lan software,5,5,0,0
O*NET,31.0,Location allocation decision support system LADSS,location allocation decision support system ladss,1,1,0,0
O*NET,31.0,Location mapping software,location mapping software,1,1,0,0
O*NET,31.0,Locomotive distribution software,locomotive distribution software,1,1,0,0
O*NET,31.0,Log book software,log book software,2,2,0,0
O*NET,31.0,Logger data manager LDM,logger data manager ldm,1,1,0,0
O*NET,31.0,Logger software,logger software,1,1,0,0
O*NET,31.0,LoggerPC software,loggerpc software,1,1,0,0
O*NET,31.0,Logic Design RoboLogix,logic design robologix,1,1,0,0
O*NET,31.0,Logic Group Scanner Digitizing Software,logic group scanner digitizing software,1,1,0,0
O*NET,31.0,Logic programming software,logic programming software,1,1,0,0
O*NET,31.0,Logic simulators,logic simulators,1,1,0,0
O*NET,31.0,Logic Software Easy Projects.NET,logic software easy projects.net,2,2,0,0
O*NET,31.0,Logic synthesis software,logic synthesis software,2,2,0,0
O*NET,31.0,Logical partition LPAR software,logical partition lpar software,1,1,0,0
O*NET,31.0,LogicalBit Eimas,logicalbit eimas,1,1,0,0
O*NET,31.0,LogicSphere Firstmix,logicsphere firstmix,1,1,0,0
O*NET,31.0,LogicVision icBIST,logicvision icbist,1,1,0,0
O*NET,31.0,Logility Voyager WarehousePRO,logility voyager warehousepro,1,1,0,0
O*NET,31.0,Logisim,logisim,1,1,0,0
O*NET,31.0,Logisoft Positive Pos System,logisoft positive pos system,2,2,0,0
O*NET,31.0,Logistics Cost Estimating Tool,logistics cost estimating tool,1,1,0,0
O*NET,31.0,Logistics management information LMI database software,logistics management information lmi database software,1,1,0,0
O*NET,31.0,Logistics Support Analysts SmartLogic,logistics support analysts smartlogic,1,1,0,0
O*NET,31.0,Logisuite Enterprise,logisuite enterprise,2,2,0,0
O*NET,31.0,Logisuite Forwarder,logisuite forwarder,2,2,0,0
O*NET,31.0,Logitech 3D Pro,logitech 3d pro,1,1,0,0
O*NET,31.0,LogiXML Ad-HOC,logixml ad-hoc,1,1,0,0
O*NET,31.0,LogMatrix NerveCenter,logmatrix nervecenter,2,2,0,0
O*NET,31.0,LogMeIn GoToMeeting,logmein gotomeeting,24,24,0,0
O*NET,31.0,LogMeIn GoToWebinar,logmein gotowebinar,17,17,0,0
O*NET,31.0,Logo design software,logo design software,2,2,0,0
O*NET,31.0,Logopress,logopress,1,1,0,0
O*NET,31.0,Logplot software,logplot software,1,1,0,0
O*NET,31.0,LogRhythm,logrhythm,1,1,0,0
O*NET,31.0,LOGSA COMPASS,logsa compass,1,1,0,0
O*NET,31.0,LOGSA SYSPARS,logsa syspars,1,1,0,0
O*NET,31.0,Lombardi Teamworks,lombardi teamworks,1,1,0,0
O*NET,31.0,London Computer Systems Rent Manager,london computer systems rent manager,2,2,0,0
O*NET,31.0,Longview Consolidation,longview consolidation,2,2,0,0
O*NET,31.0,Longview Performance Management Platform,longview performance management platform,2,2,0,0
O*NET,31.0,Longview Solutions Khalix,longview solutions khalix,2,2,0,0
O*NET,31.0,Loom,loom,15,15,0,0
O*NET,31.0,Lorenz DocuBridge,lorenz docubridge,1,1,0,0
O*NET,31.0,Lorenz eValidator,lorenz evalidator,1,1,0,0
O*NET,31.0,Lorenz labelBridge,lorenz labelbridge,1,1,0,0
O*NET,31.0,Low-level debugger software,low-level debugger software,1,1,0,0
O*NET,31.0,Low-level driver LLD software,low-level driver lld software,1,1,0,0
O*NET,31.0,Low-level virtual machine LLVM compilers,low-level virtual machine llvm compilers,2,2,0,0
O*NET,31.0,LP360,lp360,3,3,0,0
O*NET,31.0,LRN Ethics and Compliance Alliance,lrn ethics and compliance alliance,1,1,0,0
O*NET,31.0,LSA Visual DBR,lsa visual dbr,1,1,0,0
O*NET,31.0,LSA Visual Easy Lean,lsa visual easy lean,3,3,0,0
O*NET,31.0,LT Online Corporation LAWTRAC,lt online corporation lawtrac,1,1,0,0
O*NET,31.0,Lua,lua,1,1,0,0
O*NET,31.0,Lucent VitalSuite,lucent vitalsuite,1,1,0,0
O*NET,31.0,Lucero System Office Management,lucero system office management,1,1,0,0
O*NET,31.0,Lucia CGH,lucia cgh,1,1,0,0
O*NET,31.0,Lucia Comet Assay,lucia comet assay,1,1,0,0
O*NET,31.0,Lucia FISH,lucia fish,1,1,0,0
O*NET,31.0,Lucia Karyo,lucia karyo,1,1,0,0
O*NET,31.0,Lucia Metaphase Finder,lucia metaphase finder,1,1,0,0
O*NET,31.0,LUCIA MFISH,lucia mfish,1,1,0,0
O*NET,31.0,Lucid IQ CMP,lucid iq cmp,2,2,0,0
O*NET,31.0,Lucidchart,lucidchart,2,2,0,0
O*NET,31.0,Lumigent Entegra,lumigent entegra,1,1,0,0
O*NET,31.0,Lumion,lumion,1,1,0,1
O*NET,31.0,LunchByte Systems NUTRIKIDS,lunchbyte systems nutrikids,1,1,0,0
O*NET,31.0,LuntBuild,luntbuild,1,1,0,0
O*NET,31.0,Luxology Modo,luxology modo,1,1,0,0
O*NET,31.0,Luxrender,luxrender,1,1,0,0
O*NET,31.0,Lynchval Systems Lvadmin,lynchval systems lvadmin,1,1,0,0
O*NET,31.0,Lynchval Systems Lvval,lynchval systems lvval,1,1,0,0
O*NET,31.0,Lynchval Systems Lvxact,lynchval systems lvxact,1,1,0,0
O*NET,31.0,Lynk Everest,lynk everest,1,1,0,0
O*NET,31.0,Lyris HQ Web-Analytics Solution,lyris hq web-analytics solution,2,2,0,0
O*NET,31.0,M-code,m-code,4,4,0,0
O*NET,31.0,M-Sim,m-sim,1,1,0,0
O*NET,31.0,M-Tech Hotel Service Optimization System HotSOS,m-tech hotel service optimization system hotsos,2,2,0,0
O*NET,31.0,M8 Client Billing,m8 client billing,1,1,0,0
O*NET,31.0,Mac HelpMate,mac helpmate,3,3,0,0
O*NET,31.0,Machine control software,machine control software,3,3,0,0
O*NET,31.0,Machine Control Specialists CoilPro,machine control specialists coilpro,1,1,0,0
O*NET,31.0,Machine control systems,machine control systems,1,1,0,0
O*NET,31.0,Machine monitoring software,machine monitoring software,1,1,0,0
O*NET,31.0,Machine operation software,machine operation software,2,2,0,0
O*NET,31.0,MachineWorks Ltd. MachineWorks,machineworks ltd. machineworks,1,1,0,0
O*NET,31.0,MacKichan Software Scientific Notebook,mackichan software scientific notebook,1,1,0,0
O*NET,31.0,MacKichan Software Scientific WorkPlace,mackichan software scientific workplace,1,1,0,0
O*NET,31.0,Macromedia Cold Fusion,macromedia cold fusion,1,1,0,0
O*NET,31.0,Macropool Web Research,macropool web research,1,1,0,0
O*NET,31.0,Macroscopic diffusion software,macroscopic diffusion software,1,1,0,0
O*NET,31.0,MacVector,macvector,1,1,0,0
O*NET,31.0,MadCap Software MadCap Flare,madcap software madcap flare,1,1,0,0
O*NET,31.0,Made2Manage Supply Chain Management,made2manage supply chain management,1,1,0,0
O*NET,31.0,Made2Manage Systems M2M ERP,made2manage systems m2m erp,1,1,0,0
O*NET,31.0,Madison Technical Software Chempak Plus,madison technical software chempak plus,1,1,0,0
O*NET,31.0,Madison Technical Software Enviropak,madison technical software enviropak,1,1,0,0
O*NET,31.0,Madison Technical Software Steampak,madison technical software steampak,1,1,0,0
O*NET,31.0,Madrigal Soft Tools Delegator,madrigal soft tools delegator,1,1,0,0
O*NET,31.0,MadTracker,madtracker,1,1,0,0
O*NET,31.0,Maestro Music Software MagicScore,maestro music software magicscore,1,1,0,0
O*NET,31.0,Mag+,mag+,1,1,0,0
O*NET,31.0,Magellan Firmware,magellan firmware,12,12,0,2
O*NET,31.0,Magenta MultiMedia Tools Magenta II,magenta multimedia tools magenta ii,1,1,0,0
O*NET,31.0,Magento Analytics,magento analytics,1,1,0,0
O*NET,31.0,MAGGEY Child Care Management Software,maggey child care management software,1,1,0,0
O*NET,31.0,MAGIC,magic,1,1,0,0
O*NET,31.0,MAGIC software,magic software,2,2,0,0
O*NET,31.0,MagicLogic Optimization Cube-IQ,magiclogic optimization cube-iq,1,1,0,0
O*NET,31.0,MagicTracer,magictracer,1,1,0,0
O*NET,31.0,MAGIX Music Maker,magix music maker,1,1,0,0
O*NET,31.0,MAGIX Software Sound Forge,magix software sound forge,1,1,0,0
O*NET,31.0,Magix Vegas Pro,magix vegas pro,1,1,0,0
O*NET,31.0,Magma Design Automation Blast Create,magma design automation blast create,1,1,0,0
O*NET,31.0,Magma Design Automation Blast FPGA,magma design automation blast fpga,1,1,0,0
O*NET,31.0,Magma Design Automation software,magma design automation software,2,2,0,0
O*NET,31.0,MAGMA MAGMASOFT,magma magmasoft,1,1,0,0
O*NET,31.0,Magnify Predictive Targeting System,magnify predictive targeting system,1,1,0,0
O*NET,31.0,MAHLE Powertrain,mahle powertrain,1,1,0,0
O*NET,31.0,MailChimp,mailchimp,2,2,0,0
O*NET,31.0,Main Injector Neutrino Oscillation Search MINOS software,main injector neutrino oscillation search minos software,1,1,0,0
O*NET,31.0,Main Sequence Technologies PCRecruiter,main sequence technologies pcrecruiter,1,1,0,0
O*NET,31.0,Main Sequence Technologies PCRecruiter Resume Inhaler,main sequence technologies pcrecruiter resume inhaler,1,1,0,0
O*NET,31.0,Main Street Softworks Monetra,main street softworks monetra,1,1,0,0
O*NET,31.0,Mainsaver Asset Management,mainsaver asset management,1,1,0,0
O*NET,31.0,Mainstreet Systems & Software DentaLab/PC II,mainstreet systems & software dentalab/pc ii,1,1,0,0
O*NET,31.0,Mainstreet Systems & Software DentaRX,mainstreet systems & software dentarx,1,1,0,0
O*NET,31.0,Maintainability prediction software,maintainability prediction software,1,1,0,0
O*NET,31.0,Maintenance documentation software,maintenance documentation software,1,1,0,0
O*NET,31.0,Maintenance information databases,maintenance information databases,2,2,0,0
O*NET,31.0,Maintenance management software,maintenance management software,10,10,0,0
O*NET,31.0,Maintenance planning and control software,maintenance planning and control software,1,1,0,0
O*NET,31.0,Maintenance planning software,maintenance planning software,2,2,0,0
O*NET,31.0,Maintenance record software,maintenance record software,8,8,0,0
O*NET,31.0,Maintenance reporting software,maintenance reporting software,1,1,0,0
O*NET,31.0,Maintenance scheduling software,maintenance scheduling software,1,1,0,0
O*NET,31.0,Maintenance software,maintenance software,1,1,0,0
O*NET,31.0,Majestic SEO,majestic seo,1,1,0,0
O*NET,31.0,MakeMusic Finale,makemusic finale,3,3,0,0
O*NET,31.0,MAKER CAD/CAM Services DIEMAKER,maker cad/cam services diemaker,1,1,0,0
O*NET,31.0,Making Waves Audio Making Waves,making waves audio making waves,1,1,0,0
O*NET,31.0,Management information base MIB software,management information base mib software,1,1,0,0
O*NET,31.0,Management information systems MIS,management information systems mis,16,16,0,0
O*NET,31.0,ManageMore Cellular Manager,managemore cellular manager,2,2,0,0
O*NET,31.0,ManageMySpa,managemyspa,1,1,0,0
O*NET,31.0,ManagerPlus,managerplus,1,1,0,0
O*NET,31.0,Manatron CustomCAMA,manatron customcama,1,1,0,0
O*NET,31.0,Manatron MVP Tax,manatron mvp tax,1,1,0,0
O*NET,31.0,Manatron ProVal Plus,manatron proval plus,1,1,0,0
O*NET,31.0,Mangold INTERACT,mangold interact,1,1,0,0
O*NET,31.0,Mangold LogSquare,mangold logsquare,1,1,0,0
O*NET,31.0,Mangold Soundalyzer,mangold soundalyzer,1,1,0,0
O*NET,31.0,Manhattan Associates PkMS Pickticket,manhattan associates pkms pickticket,1,1,0,0
O*NET,31.0,Manhattan Cross Cultural Group Quality Interactions,manhattan cross cultural group quality interactions,1,1,0,0
O*NET,31.0,Manhattan Scale,manhattan scale,1,1,0,0
O*NET,31.0,Manhattan Supply Chain Process Platform,manhattan supply chain process platform,1,1,0,0
O*NET,31.0,Manitoba HVDC Research Centre PSCAD,manitoba hvdc research centre pscad,1,1,0,0
O*NET,31.0,Mannus Compliance: EHS,mannus compliance: ehs,1,1,0,0
O*NET,31.0,MantisBT,mantisbt,1,1,0,0
O*NET,31.0,Manufacturing execution system MES,manufacturing execution system mes,1,1,0,0
O*NET,31.0,Manufacturing reporting system,manufacturing reporting system,1,1,0,0
O*NET,31.0,Manufacturing resource planning MRP software,manufacturing resource planning mrp software,3,3,0,0
O*NET,31.0,Manufacturing Technology Costimater,manufacturing technology costimater,1,1,0,0
O*NET,31.0,Manusoft Technologies IMOLD,manusoft technologies imold,1,1,0,0
O*NET,31.0,Map building software,map building software,1,1,0,0
O*NET,31.0,Map Maker,map maker,1,1,0,0
O*NET,31.0,Mapcom systems M4,mapcom systems m4,1,1,0,0
O*NET,31.0,MapInfo,mapinfo,5,5,0,0
O*NET,31.0,MapInfo MapMarker,mapinfo mapmarker,2,2,0,0
O*NET,31.0,MapInfo Professional,mapinfo professional,4,4,0,0
O*NET,31.0,MapInfo StreetPro,mapinfo streetpro,1,1,0,0
O*NET,31.0,Maplesoft Maple,maplesoft maple,15,15,0,0
O*NET,31.0,Maplesoft MapleSim,maplesoft maplesim,1,1,0,0
O*NET,31.0,Maplewood Software StaffReady,maplewood software staffready,1,1,0,0
O*NET,31.0,Mapping software,mapping software,22,22,0,0
O*NET,31.0,MapR Converged Data Platform,mapr converged data platform,2,2,0,0
O*NET,31.0,MapReduce big data software,mapreduce big data software,2,2,0,0
O*NET,31.0,MapScenes Evidence Recorder,mapscenes evidence recorder,1,1,0,0
O*NET,31.0,MapScenes Pro,mapscenes pro,1,1,0,0
O*NET,31.0,MapShots EASi Suite,mapshots easi suite,2,2,0,0
O*NET,31.0,Maptech The CAPN,maptech the capn,1,1,0,0
O*NET,31.0,Maptek Vulcan,maptek vulcan,3,3,0,0
O*NET,31.0,Mapthematics GeoCart,mapthematics geocart,1,1,0,0
O*NET,31.0,Marathon Data Systems PestPac,marathon data systems pestpac,1,1,0,0
O*NET,31.0,Marathon Data Systems ServiceCEO,marathon data systems serviceceo,1,1,0,0
O*NET,31.0,MarcoSoft Quo Vadis,marcosoft quo vadis,1,1,0,0
O*NET,31.0,Marel production system MPS,marel production system mps,1,1,0,0
O*NET,31.0,MariaDB,mariadb,2,2,0,0
O*NET,31.0,Marine Software Marine Planned Maintenance,marine software marine planned maintenance,1,1,0,0
O*NET,31.0,Marine Software Marine Safety Manager,marine software marine safety manager,1,1,0,0
O*NET,31.0,Market forecast software,market forecast software,2,2,0,0
O*NET,31.0,Marketo Marketing Automation,marketo marketing automation,30,30,30,0
O*NET,31.0,MarketSharp,marketsharp,2,2,0,0
O*NET,31.0,MarkLogic,marklogic,2,2,0,0
O*NET,31.0,Martens Farms Farm Site Mate,martens farms farm site mate,1,1,0,0
O*NET,31.0,Martens Farms Farm Trac,martens farms farm trac,1,1,0,0
O*NET,31.0,Martin D Adamiker's TruFlite,martin d adamiker's truflite,2,2,0,0
O*NET,31.0,Mass appraisal records system MARS,mass appraisal records system mars,2,2,0,0
O*NET,31.0,Mass Flux Toolkit,mass flux toolkit,1,1,0,0
O*NET,31.0,MASS Group FactoryLink SCADA HMI,mass group factorylink scada hmi,1,1,0,0
O*NET,31.0,Massage Suite,massage suite,1,1,0,0
O*NET,31.0,Massive Jet,massive jet,1,1,0,0
O*NET,31.0,Master Cook Deluxe Professional Cook,master cook deluxe professional cook,1,1,0,0
O*NET,31.0,Master Merchant Systems Music Store,master merchant systems music store,2,2,0,0
O*NET,31.0,Master Ration Calculator,master ration calculator,1,1,0,0
O*NET,31.0,Master scheduling software,master scheduling software,1,1,0,0
O*NET,31.0,Master Seafloor Digital Database,master seafloor digital database,1,1,0,0
O*NET,31.0,Mastercam computer-aided design and manufacturing software,mastercam computer-aided design and manufacturing software,9,9,0,2
O*NET,31.0,Mastercam Design,mastercam design,1,1,0,0
O*NET,31.0,MasterControl MD,mastercontrol md,1,1,0,0
O*NET,31.0,MasterControl software,mastercontrol software,2,2,0,0
O*NET,31.0,MasterControl TotalPharma,mastercontrol totalpharma,1,1,0,0
O*NET,31.0,MASterMind,mastermind,1,1,0,0
O*NET,31.0,MasterPlan,masterplan,1,1,0,0
O*NET,31.0,Masters Software CakeBoss,masters software cakeboss,1,1,0,0
O*NET,31.0,MasterWriter,masterwriter,1,1,0,0
O*NET,31.0,MatchWare MindView,matchware mindview,1,1,0,0
O*NET,31.0,Material safety data sheet MSDS software,material safety data sheet msds software,6,6,0,0
O*NET,31.0,Materialise Dental SimPLANT,materialise dental simplant,1,1,0,0
O*NET,31.0,Materialise Dental SurgiGuide,materialise dental surgiguide,1,1,0,0
O*NET,31.0,Materials Data Incorporated Jade,materials data incorporated jade,1,1,0,0
O*NET,31.0,Materials inventory software,materials inventory software,1,1,0,0
O*NET,31.0,Materials management software,materials management software,2,2,0,0
O*NET,31.0,Materials requirement planning MRP software,materials requirement planning mrp software,6,6,0,0
O*NET,31.0,Materials resource planning MRP software,materials resource planning mrp software,2,2,0,0
O*NET,31.0,Materials testing software,materials testing software,1,1,0,0
O*NET,31.0,Materilise Magics,materilise magics,1,1,0,0
O*NET,31.0,Math educational software,math educational software,2,2,0,0
O*NET,31.0,Mathematical simulation software,mathematical simulation software,1,1,0,0
O*NET,31.0,Mathematical software,mathematical software,4,4,0,0
O*NET,31.0,Matheny Pattern Forecaster Plus,matheny pattern forecaster plus,2,2,0,0
O*NET,31.0,Mathsoft Mathcad,mathsoft mathcad,20,20,0,0
O*NET,31.0,MathWorks Simulink,mathworks simulink,19,19,0,4
O*NET,31.0,MathWorks Simulink DSP Blockset,mathworks simulink dsp blockset,1,1,0,0
O*NET,31.0,MathWorks Simulink Fixed-Point Blockset,mathworks simulink fixed-point blockset,1,1,0,0
O*NET,31.0,Matrix calculation software,matrix calculation software,1,1,0,0
O*NET,31.0,Mavenlink,mavenlink,1,1,0,0
O*NET,31.0,MAX Systems Max-Gold Medical Clinic Software,max systems max-gold medical clinic software,1,1,0,0
O*NET,31.0,MAX Systems Max-Gold7,max systems max-gold7,1,1,0,0
O*NET,31.0,Maxima Software,maxima software,1,1,0,0
O*NET,31.0,Maximal Software MPL Modeling System,maximal software mpl modeling system,1,1,0,0
O*NET,31.0,Maximizer Software Maximizer Enterprise,maximizer software maximizer enterprise,3,3,0,0
O*NET,31.0,Maxon BodyPaint 3D,maxon bodypaint 3d,1,1,0,0
O*NET,31.0,Maxon Cinema 4D,maxon cinema 4d,6,6,0,1
O*NET,31.0,MaxScript,maxscript,1,1,0,0
O*NET,31.0,MaxSea Time Zero Navigator NOAA,maxsea time zero navigator noaa,1,1,0,0
O*NET,31.0,MaxSea TIMEZERO,maxsea timezero,1,1,0,0
O*NET,31.0,Maxwell Systems American Contractor,maxwell systems american contractor,1,1,0,0
O*NET,31.0,Maxwell Systems Quest Estimator,maxwell systems quest estimator,1,1,0,0
O*NET,31.0,Maya Embedded Language MEL,maya embedded language mel,1,1,0,0
O*NET,31.0,Maya HTT I-DEAS,maya htt i-deas,1,1,0,0
O*NET,31.0,MAYA Nastran,maya nastran,5,5,0,0
O*NET,31.0,Mayer-Johnson Boardmaker,mayer-johnson boardmaker,1,1,0,0
O*NET,31.0,Maynard PlanStaff Manager,maynard planstaff manager,2,2,0,0
O*NET,31.0,Mazak Mazatrol SMART CNC,mazak mazatrol smart cnc,2,2,0,0
O*NET,31.0,MC2 Systems Auto Librarian,mc2 systems auto librarian,1,1,0,0
O*NET,31.0,McAfee,mcafee,35,35,0,0
O*NET,31.0,McAfee Enterprise Security Manager,mcafee enterprise security manager,1,1,0,0
O*NET,31.0,McAfee VirusScan,mcafee virusscan,2,2,0,0
O*NET,31.0,McAllister Software Systems AVImark,mcallister software systems avimark,2,2,0,0
O*NET,31.0,McCabe Software TRUEchange,mccabe software truechange,1,1,0,0
O*NET,31.0,McKesson ANSOS One-Staff,mckesson ansos one-staff,2,2,0,0
O*NET,31.0,McKesson Horizon Ambulatory Care,mckesson horizon ambulatory care,1,1,0,0
O*NET,31.0,McKesson Horizon Anatomic Pathology,mckesson horizon anatomic pathology,1,1,0,0
O*NET,31.0,McKesson Horizon Blood Bank,mckesson horizon blood bank,1,1,0,0
O*NET,31.0,McKesson Horizon Lab,mckesson horizon lab,2,2,0,0
O*NET,31.0,McKesson Horizon Lab Financials,mckesson horizon lab financials,1,1,0,0
O*NET,31.0,McKesson Horizon MobileCare Phlebotomy,mckesson horizon mobilecare phlebotomy,1,1,0,0
O*NET,31.0,McKesson Lytec,mckesson lytec,2,2,0,0
O*NET,31.0,McKesson Practice Plus,mckesson practice plus,9,9,0,0
O*NET,31.0,McKesson Radiology Manager,mckesson radiology manager,1,1,0,0
O*NET,31.0,McNeel Rhinoceros 3D,mcneel rhinoceros 3d,11,11,0,4
O*NET,31.0,MCNP dose assessment computer code,mcnp dose assessment computer code,1,1,0,0
O*NET,31.0,McTrans Center TSIS-CORSIM,mctrans center tsis-corsim,2,2,0,0
O*NET,31.0,McTrans HCS+,mctrans hcs+,2,2,0,0
O*NET,31.0,McTrans TRANSYT-7F,mctrans transyt-7f,1,1,0,0
O*NET,31.0,MD Synergy Medical Appointment Scheduling,md synergy medical appointment scheduling,2,2,0,0
O*NET,31.0,Mdansby The PsychReport,mdansby the psychreport,2,2,0,0
O*NET,31.0,MDC Services DentalMate,mdc services dentalmate,1,1,0,0
O*NET,31.0,MDeverywhere,mdeverywhere,1,1,0,0
O*NET,31.0,MDofficeManager MediVoxx,mdofficemanager medivoxx,1,1,0,0
O*NET,31.0,MDS Analytical Technologies GenePix Pro,mds analytical technologies genepix pro,1,1,0,0
O*NET,31.0,MDSI OpenCNC,mdsi opencnc,1,1,0,0
O*NET,31.0,Mealmaster Cookbook Wizard,mealmaster cookbook wizard,1,1,0,0
O*NET,31.0,Meals Plus,meals plus,1,1,0,0
O*NET,31.0,Mean time between failures MBTF software,mean time between failures mbtf software,2,2,0,0
O*NET,31.0,Mean time to failure MTTF software,mean time to failure mttf software,2,2,0,0
O*NET,31.0,Measure Square,measure square,1,1,0,0
O*NET,31.0,Measure Square FloorEstimate Pro,measure square floorestimate pro,4,4,0,0
O*NET,31.0,Meat inventory software,meat inventory software,1,1,0,0
O*NET,31.0,Mechanical electrical plumbing MEP design software,mechanical electrical plumbing mep design software,1,1,0,1
O*NET,31.0,MecSoft Corporation RhinoCAM,mecsoft corporation rhinocam,1,1,0,0
O*NET,31.0,MecSoft Corporation VisualMILL,mecsoft corporation visualmill,1,1,0,0
O*NET,31.0,MecSoft Corporation VisualTURN,mecsoft corporation visualturn,1,1,0,0
O*NET,31.0,Med Math,med math,2,2,0,0
O*NET,31.0,MedcomSoft Record,medcomsoft record,4,4,0,0
O*NET,31.0,MedDataSolutions Regist*r,meddatasolutions regist*r,2,2,0,0
O*NET,31.0,MEDENT,medent,2,2,0,0
O*NET,31.0,MedePresence,medepresence,1,1,0,0
O*NET,31.0,MedEvolve eCeno,medevolve eceno,1,1,0,0
O*NET,31.0,MedEZ behavioral healthcare and substance abuse software,medez behavioral healthcare and substance abuse software,1,1,0,0
O*NET,31.0,Medflow Complete,medflow complete,2,2,0,0
O*NET,31.0,MedFORCE Technologies WorkFLOW,medforce technologies workflow,1,1,0,0
O*NET,31.0,Medgate Enterprise EHS,medgate enterprise ehs,1,1,0,0
O*NET,31.0,Medgen PED,medgen ped,1,1,0,0
O*NET,31.0,Media storage management software,media storage management software,1,1,0,0
O*NET,31.0,MediaChance Multimedia Builder,mediachance multimedia builder,1,1,0,0
O*NET,31.0,MediaNet Solutions e-IEP PRO,medianet solutions e-iep pro,1,1,0,0
O*NET,31.0,MediaShout,mediashout,1,1,0,0
O*NET,31.0,Mediasoft mediOFFICE,mediasoft medioffice,2,2,0,0
O*NET,31.0,MediaVue,mediavue,1,1,0,0
O*NET,31.0,MediaWiki,mediawiki,1,1,0,0
O*NET,31.0,Medicaid management information system MMIS,medicaid management information system mmis,1,1,0,0
O*NET,31.0,Medical billing software,medical billing software,1,1,0,0
O*NET,31.0,Medical calculator software,medical calculator software,1,1,0,0
O*NET,31.0,Medical condition coding software,medical condition coding software,40,40,0,0
O*NET,31.0,Medical decision support software,medical decision support software,1,1,0,0
O*NET,31.0,Medical digital imaging software,medical digital imaging software,2,2,0,0
O*NET,31.0,Medical equipment diagnostic software,medical equipment diagnostic software,1,1,0,0
O*NET,31.0,Medical image processing software,medical image processing software,1,1,0,0
O*NET,31.0,Medical imaging software,medical imaging software,1,1,0,0
O*NET,31.0,Medical information databases,medical information databases,1,1,0,0
O*NET,31.0,Medical information software,medical information software,1,1,0,0
O*NET,31.0,Medical laser control software,medical laser control software,2,2,0,0
O*NET,31.0,Medical Outcome Systems eMINI Software Suite,medical outcome systems emini software suite,1,1,0,0
O*NET,31.0,Medical procedure coding software,medical procedure coding software,45,45,0,0
O*NET,31.0,Medical record charting software,medical record charting software,2,2,0,0
O*NET,31.0,Medical records software,medical records software,1,1,0,0
O*NET,31.0,Medical reference software,medical reference software,3,3,0,0
O*NET,31.0,Medical Scientists HybridAI,medical scientists hybridai,1,1,0,0
O*NET,31.0,Medical Scientists MediSave,medical scientists medisave,1,1,0,0
O*NET,31.0,Medical surveillance software,medical surveillance software,1,1,0,0
O*NET,31.0,Medical system integration software,medical system integration software,2,2,0,0
O*NET,31.0,Medical terminology databases,medical terminology databases,1,1,0,0
O*NET,31.0,Medical Wizards ER & ICU ToolBox,medical wizards er & icu toolbox,2,2,0,0
O*NET,31.0,Medical Wizards ER Suite,medical wizards er suite,2,2,0,0
O*NET,31.0,Medical Wizards Paramedics ToolBox,medical wizards paramedics toolbox,2,2,0,0
O*NET,31.0,Medicine Rules PowerSEAT 360,medicine rules powerseat 360,1,1,0,0
O*NET,31.0,MedicWare EMR,medicware emr,3,3,0,0
O*NET,31.0,Medidata Rave Data Management,medidata rave data management,1,1,0,0
O*NET,31.0,MediGraph,medigraph,1,1,0,0
O*NET,31.0,MediNotes Charting Plus,medinotes charting plus,1,1,0,0
O*NET,31.0,MediPro Medisoft Clinical,medipro medisoft clinical,2,2,0,0
O*NET,31.0,MediRegs ComplyTrack,mediregs complytrack,1,1,0,0
O*NET,31.0,MediRegs E-dition Compliance Monitor,mediregs e-dition compliance monitor,1,1,0,0
O*NET,31.0,MediRegs Pharmaceutical Regulation Suite,mediregs pharmaceutical regulation suite,1,1,0,0
O*NET,31.0,MediRegs Regulation and Reimbursement Suite,mediregs regulation and reimbursement suite,1,1,0,0
O*NET,31.0,MediRegs Risk Assessment Manager,mediregs risk assessment manager,1,1,0,0
O*NET,31.0,Meditab IMS Orthopedics/Sports Medicine,meditab ims orthopedics/sports medicine,1,1,0,0
O*NET,31.0,Meditab Software AllergyEHR,meditab software allergyehr,1,1,0,0
O*NET,31.0,MEDITECH Anatomical Pathology,meditech anatomical pathology,1,1,0,0
O*NET,31.0,MEDITECH Behavioral Health Clinicals,meditech behavioral health clinicals,2,2,0,0
O*NET,31.0,MEDITECH Blood Bank,meditech blood bank,1,1,0,0
O*NET,31.0,MEDITECH HCIS,meditech hcis,1,1,0,0
O*NET,31.0,MEDITECH Healthcare Information System HCIS,meditech healthcare information system hcis,2,2,0,0
O*NET,31.0,MEDITECH Laboratory and Microbiology,meditech laboratory and microbiology,1,1,0,0
O*NET,31.0,MEDITECH Medical and Practice Management MPM Suite,meditech medical and practice management mpm suite,2,2,0,0
O*NET,31.0,MEDITECH software,meditech software,77,77,77,0
O*NET,31.0,MEDITECH Supply Chain Management,meditech supply chain management,1,1,0,0
O*NET,31.0,Meditwatch Portaflow Advanced,meditwatch portaflow advanced,1,1,0,0
O*NET,31.0,Mediware ClosedLoop Clinical Systems,mediware closedloop clinical systems,1,1,0,0
O*NET,31.0,Mediware Information Systems HCLL Donor,mediware information systems hcll donor,1,1,0,0
O*NET,31.0,Mediware Information Systems HCLL Transfusion,mediware information systems hcll transfusion,1,1,0,0
O*NET,31.0,Mediware Information Systems LifeTrak,mediware information systems lifetrak,1,1,0,0
O*NET,31.0,Mediware Information Systems MediCOE,mediware information systems medicoe,1,1,0,0
O*NET,31.0,Medovation RadRunner,medovation radrunner,1,1,0,0
O*NET,31.0,medQ Q/ris,medq q/ris,1,1,0,0
O*NET,31.0,MedQuist DocQment Enterprise Platform,medquist docqment enterprise platform,1,1,0,0
O*NET,31.0,Medscribbler Enterprise,medscribbler enterprise,7,7,0,0
O*NET,31.0,MedStar Systems DrWorks,medstar systems drworks,2,2,0,0
O*NET,31.0,Medstat/INFORUM,medstat/inforum,1,1,0,0
O*NET,31.0,Medworxx Learning Management System,medworxx learning management system,2,2,0,0
O*NET,31.0,MedXView eCTDauditor,medxview ectdauditor,1,1,0,0
O*NET,31.0,Meeting scheduling software,meeting scheduling software,1,1,0,0
O*NET,31.0,MeetingMatrix International,meetingmatrix international,1,1,0,0
O*NET,31.0,Megger PowerDB,megger powerdb,2,2,0,0
O*NET,31.0,MemberClicks COMPLETE,memberclicks complete,1,1,0,0
O*NET,31.0,Membership databases,membership databases,1,1,0,0
O*NET,31.0,Memphis Survey Explorer,memphis survey explorer,1,1,0,0
O*NET,31.0,MEMSCAP MEMS Pro,memscap mems pro,1,1,0,0
O*NET,31.0,Mendel,mendel,2,2,0,0
O*NET,31.0,MENSI 3Dipsos,mensi 3dipsos,1,1,0,0
O*NET,31.0,Mensurix Audio,mensurix audio,1,1,0,0
O*NET,31.0,Mental Images Mental Ray,mental images mental ray,1,1,0,0
O*NET,31.0,Mentimeter,mentimeter,13,13,0,0
O*NET,31.0,Mentor Graphics BSDArchitect,mentor graphics bsdarchitect,1,1,0,0
O*NET,31.0,Mentor Graphics Calibre,mentor graphics calibre,1,1,0,0
O*NET,31.0,Mentor Graphics Expedition Enterprise,mentor graphics expedition enterprise,1,1,0,0
O*NET,31.0,Mentor Graphics Flowmaster,mentor graphics flowmaster,1,1,0,0
O*NET,31.0,Mentor Graphics LeonardoSpectrum,mentor graphics leonardospectrum,2,2,0,0
O*NET,31.0,Mentor Graphics PADS,mentor graphics pads,3,3,0,0
O*NET,31.0,Mentor Graphics Precision RTL,mentor graphics precision rtl,1,1,0,0
O*NET,31.0,Mentor Graphics software,mentor graphics software,2,2,0,0
O*NET,31.0,Mentor Graphics VeSys Design,mentor graphics vesys design,1,1,0,0
O*NET,31.0,Mentor Graphics Xpedition xDX Designer,mentor graphics xpedition xdx designer,2,2,0,0
O*NET,31.0,Menu and nutrition database software,menu and nutrition database software,1,1,0,0
O*NET,31.0,Menu planning software,menu planning software,2,2,0,0
O*NET,31.0,MERCURE dose assessment computer codes,mercure dose assessment computer codes,1,1,0,0
O*NET,31.0,Merge Healthcare eTrials,merge healthcare etrials,1,1,0,0
O*NET,31.0,Merge Healthcare Merge RIS,merge healthcare merge ris,1,1,0,0
O*NET,31.0,MergerStat Control Premiums,mergerstat control premiums,2,2,0,0
O*NET,31.0,MergerStat Price to Earnings Ratios,mergerstat price to earnings ratios,2,2,0,0
O*NET,31.0,Meridian Technologies SurePoint,meridian technologies surepoint,1,1,0,0
O*NET,31.0,Merlin Information Services databases,merlin information services databases,1,1,0,0
O*NET,31.0,Merlinco MERLIN,merlinco merlin,1,1,0,0
O*NET,31.0,Merry Mechanization SMP/IS,merry mechanization smp/is,1,1,0,0
O*NET,31.0,Mesh generation software,mesh generation software,1,1,0,0
O*NET,31.0,Mesoscale modeling software,mesoscale modeling software,1,1,0,0
O*NET,31.0,Mesquite Software CSIM,mesquite software csim,1,1,0,0
O*NET,31.0,Meta-analysis with interactive explanations MIX,meta-analysis with interactive explanations mix,1,1,0,0
O*NET,31.0,Metal designing software,metal designing software,1,1,0,0
O*NET,31.0,Metalcam Fikus Visualcam,metalcam fikus visualcam,1,1,0,0
O*NET,31.0,Metalix CAD/CAM System cncKad,metalix cad/cam system cnckad,1,1,0,0
O*NET,31.0,Metamation MetaCAM,metamation metacam,1,1,0,0
O*NET,31.0,Metasploit,metasploit,4,4,0,1
O*NET,31.0,MetaSystems Isis Color Karyotyping,metasystems isis color karyotyping,1,1,0,0
O*NET,31.0,MeteorJS,meteorjs,2,2,0,0
O*NET,31.0,Meter reading software,meter reading software,1,1,0,0
O*NET,31.0,Methodware ERA,methodware era,1,1,0,0
O*NET,31.0,MethodWare ProAudit Advisor,methodware proaudit advisor,2,2,0,0
O*NET,31.0,MetricStream Compliance Management,metricstream compliance management,1,1,0,0
O*NET,31.0,MetricStream Enterprise Compliance Platform,metricstream enterprise compliance platform,1,1,0,0
O*NET,31.0,MetricStream Regulatory Reporting,metricstream regulatory reporting,1,1,0,0
O*NET,31.0,Metrix Imageware Surfacer,metrix imageware surfacer,1,1,0,0
O*NET,31.0,Metrologic Group Metrolog XG,metrologic group metrolog xg,1,1,0,0
O*NET,31.0,Meyer Instruments Optimas,meyer instruments optimas,1,1,0,0
O*NET,31.0,MGHworld Travel Agents,mghworld travel agents,1,1,0,0
O*NET,31.0,MHC Document Express,mhc document express,1,1,0,0
O*NET,31.0,MI-Assistant MI Management System,mi-assistant mi management system,1,1,0,0
O*NET,31.0,Mi-Co Mi-Forms,mi-co mi-forms,2,2,0,0
O*NET,31.0,Mi-Co software,mi-co software,1,1,0,0
O*NET,31.0,MICA Information Systems MICA-MED Practice Manager,mica information systems mica-med practice manager,1,1,0,0
O*NET,31.0,Michigan State University MSU ProFlex,michigan state university msu proflex,1,1,0,0
O*NET,31.0,Micosoft SQL Server Analysis Services SSAS,micosoft sql server analysis services ssas,2,2,0,0
O*NET,31.0,Micro Estimating FabPlan,micro estimating fabplan,2,2,0,0
O*NET,31.0,Micro Focus OpenView,micro focus openview,2,2,0,0
O*NET,31.0,Micro Focus TestPartner,micro focus testpartner,1,1,0,0
O*NET,31.0,Micro J Systems PcHunter,micro j systems pchunter,1,1,0,0
O*NET,31.0,Micro Video Video Voice Speech Training System,micro video video voice speech training system,1,1,0,0
O*NET,31.0,Micro Video Voice Speech Training System,micro video voice speech training system,1,1,0,0
O*NET,31.0,Micro-Press MicroStation PowerDraft,micro-press microstation powerdraft,1,1,0,0
O*NET,31.0,Microarchitecture simulation software,microarchitecture simulation software,1,1,0,0
O*NET,31.0,MicroBiz,microbiz,2,2,0,0
O*NET,31.0,MicroBlast Recipe Wizard for Windows,microblast recipe wizard for windows,1,1,0,0
O*NET,31.0,Microchip MPLAB Integrated Development Environment (IDE),microchip mplab integrated development environment (ide),2,2,0,0
O*NET,31.0,MicroCog Assessment of Cognitive Functioning,microcog assessment of cognitive functioning,2,2,0,0
O*NET,31.0,MICRODEM,microdem,1,1,0,0
O*NET,31.0,Microelectromechanical systems MEMS simulation software,microelectromechanical systems mems simulation software,1,1,0,0
O*NET,31.0,MicroFit HealthWizard,microfit healthwizard,1,1,0,0
O*NET,31.0,MicroFocus GroupWise,microfocus groupwise,10,10,0,0
O*NET,31.0,MicroFour PracticeStudio.NET EMR,microfour practicestudio.net emr,8,8,0,0
O*NET,31.0,Micromuse NetCool,micromuse netcool,1,1,0,0
O*NET,31.0,Micronetics Xpert Write-up,micronetics xpert write-up,1,1,0,0
O*NET,31.0,Micropact entellitrak Labor Relations Edition,micropact entellitrak labor relations edition,1,1,0,0
O*NET,31.0,MicroPress VTeX,micropress vtex,1,1,0,0
O*NET,31.0,MICROS Systems HSI Profits Series,micros systems hsi profits series,4,4,0,0
O*NET,31.0,MICROS Systems MICROS 9700 HMS,micros systems micros 9700 hms,1,1,0,0
O*NET,31.0,MICROS Systems OPERA Enterprise Solution OES,micros systems opera enterprise solution oes,1,1,0,0
O*NET,31.0,MICROS Systems OPERA Property Management System PMS,micros systems opera property management system pms,1,1,0,0
O*NET,31.0,MICROS XBR Loss Prevention,micros xbr loss prevention,1,1,0,0
O*NET,31.0,Microscope imaging software,microscope imaging software,1,1,0,0
O*NET,31.0,Microscopic image capturing software,microscopic image capturing software,3,3,0,0
O*NET,31.0,Microservices Architecture,microservices architecture,5,5,0,0
O*NET,31.0,Microsoft .NET Framework,microsoft .net framework,31,31,31,1
O*NET,31.0,Microsoft Access,microsoft access,372,372,372,9
O*NET,31.0,Microsoft Active Directory,microsoft active directory,14,14,14,8
O*NET,31.0,Microsoft Active Server Pages ASP,microsoft active server pages asp,49,49,49,0
O*NET,31.0,Microsoft ActiveSync,microsoft activesync,1,1,0,0
O*NET,31.0,Microsoft ActiveX,microsoft activex,18,18,0,0
O*NET,31.0,Microsoft ASP.NET,microsoft asp.net,21,21,21,0
O*NET,31.0,Microsoft ASP.NET Core MVC,microsoft asp.net core mvc,14,14,0,0
O*NET,31.0,Microsoft Axapta,microsoft axapta,1,1,0,0
O*NET,31.0,Microsoft Azure Data Factory,microsoft azure data factory,1,1,0,1
O*NET,31.0,Microsoft Azure DevOps Services,microsoft azure devops services,4,4,0,1
O*NET,31.0,Microsoft Azure Sentinel,microsoft azure sentinel,1,1,0,0
O*NET,31.0,Microsoft Azure software,microsoft azure software,48,48,48,23
O*NET,31.0,Microsoft Bing,microsoft bing,1,1,0,0
O*NET,31.0,Microsoft Business Contact Manager,microsoft business contact manager,3,3,0,0
O*NET,31.0,Microsoft Business Intelligence BI,microsoft business intelligence bi,1,1,0,0
O*NET,31.0,Microsoft Commerce Server,microsoft commerce server,2,2,0,0
O*NET,31.0,Microsoft Defender Antivirus,microsoft defender antivirus,2,2,0,0
O*NET,31.0,Microsoft DirectX,microsoft directx,3,3,0,0
O*NET,31.0,Microsoft DNS Server,microsoft dns server,1,1,0,0
O*NET,31.0,Microsoft Dynamics,microsoft dynamics,118,118,0,0
O*NET,31.0,Microsoft Dynamics AX,microsoft dynamics ax,6,6,0,0
O*NET,31.0,Microsoft Dynamics CRM,microsoft dynamics crm,3,3,0,0
O*NET,31.0,Microsoft Dynamics ERP,microsoft dynamics erp,1,1,0,0
O*NET,31.0,Microsoft Dynamics GP,microsoft dynamics gp,49,49,0,0
O*NET,31.0,Microsoft Dynamics Marketing,microsoft dynamics marketing,2,2,0,0
O*NET,31.0,Microsoft Dynamics NAV,microsoft dynamics nav,3,3,0,0
O*NET,31.0,Microsoft Dynamics SL,microsoft dynamics sl,3,3,0,0
O*NET,31.0,Microsoft Edge,microsoft edge,12,12,12,3
O*NET,31.0,Microsoft Entourage,microsoft entourage,1,1,0,0
O*NET,31.0,Microsoft ESP SDK,microsoft esp sdk,3,3,0,0
O*NET,31.0,Microsoft Excel,microsoft excel,859,859,859,339
O*NET,31.0,Microsoft Exchange,microsoft exchange,59,59,0,0
O*NET,31.0,Microsoft Expression Blend,microsoft expression blend,1,1,0,0
O*NET,31.0,Microsoft Expression Design,microsoft expression design,1,1,0,0
O*NET,31.0,Microsoft Extensible Application Markup Language (XAML),microsoft extensible application markup language (xaml),1,1,0,0
O*NET,31.0,Microsoft Forefront Identify Manager,microsoft forefront identify manager,1,1,0,0
O*NET,31.0,Microsoft Forefront Threat Management Gateway,microsoft forefront threat management gateway,1,1,0,0
O*NET,31.0,Microsoft FrontPage,microsoft frontpage,7,7,0,0
O*NET,31.0,Microsoft FRx,microsoft frx,4,4,0,0
O*NET,31.0,Microsoft Great Plains Personal Data Keeper,microsoft great plains personal data keeper,3,3,0,0
O*NET,31.0,Microsoft High Level Shader Language HLSL,microsoft high level shader language hlsl,1,1,0,0
O*NET,31.0,Microsoft Hyper-V Server,microsoft hyper-v server,2,2,0,0
O*NET,31.0,Microsoft Hyperterminal,microsoft hyperterminal,2,2,0,0
O*NET,31.0,Microsoft Image Composite Editor,microsoft image composite editor,2,2,0,0
O*NET,31.0,Microsoft Internet Explorer,microsoft internet explorer,61,61,0,0
O*NET,31.0,Microsoft Internet Information Services (IIS),microsoft internet information services (iis),9,9,0,1
O*NET,31.0,Microsoft Internet Information Services (IIS) Manager,microsoft internet information services (iis) manager,1,1,0,1
O*NET,31.0,Microsoft MapPoint,microsoft mappoint,3,3,0,0
O*NET,31.0,Microsoft Mobile Explorer MME,microsoft mobile explorer mme,1,1,0,0
O*NET,31.0,Microsoft Money,microsoft money,1,1,0,0
O*NET,31.0,Microsoft NetMeeting,microsoft netmeeting,3,3,0,0
O*NET,31.0,Microsoft Network Monitor,microsoft network monitor,1,1,0,0
O*NET,31.0,Microsoft Office Document Imaging,microsoft office document imaging,1,1,0,0
O*NET,31.0,Microsoft Office FrontPage,microsoft office frontpage,1,1,0,0
O*NET,31.0,Microsoft Office Live Meeting,microsoft office live meeting,2,2,0,0
O*NET,31.0,Microsoft Office Mobile,microsoft office mobile,1,1,0,0
O*NET,31.0,Microsoft Office Outlook,microsoft office outlook,2,2,0,0
O*NET,31.0,Microsoft Office software,microsoft office software,817,817,817,384
O*NET,31.0,Microsoft OneNote,microsoft onenote,21,21,0,0
O*NET,31.0,Microsoft Onfolio,microsoft onfolio,1,1,0,0
O*NET,31.0,Microsoft Outlook,microsoft outlook,642,642,642,187
O*NET,31.0,Microsoft Paint,microsoft paint,5,5,0,0
O*NET,31.0,Microsoft Picture It!,microsoft picture it!,1,1,0,0
O*NET,31.0,Microsoft Playwright,microsoft playwright,1,1,0,1
O*NET,31.0,Microsoft Power Automate,microsoft power automate,4,4,4,0
O*NET,31.0,Microsoft Power BI,microsoft power bi,25,25,25,18
O*NET,31.0,Microsoft Power Platform software,microsoft power platform software,4,4,4,1
O*NET,31.0,Microsoft PowerPoint,microsoft powerpoint,629,629,629,196
O*NET,31.0,Microsoft PowerShell,microsoft powershell,29,29,29,8
O*NET,31.0,Microsoft Proclarity,microsoft proclarity,1,1,0,0
O*NET,31.0,Microsoft Project,microsoft project,201,201,201,2
O*NET,31.0,Microsoft Publisher,microsoft publisher,94,94,0,0
O*NET,31.0,Microsoft Security Esssentials,microsoft security esssentials,1,1,0,0
O*NET,31.0,Microsoft SharePoint,microsoft sharepoint,166,166,166,11
O*NET,31.0,Microsoft SharePoint Server,microsoft sharepoint server,20,20,0,0
O*NET,31.0,Microsoft Silverlight,microsoft silverlight,2,2,0,0
O*NET,31.0,Microsoft SQL Server,microsoft sql server,94,94,94,3
O*NET,31.0,Microsoft SQL Server Compact,microsoft sql server compact,1,1,0,0
O*NET,31.0,Microsoft SQL Server Integration Services SSIS,microsoft sql server integration services ssis,19,19,19,1
O*NET,31.0,Microsoft SQL Server Reporting Services SSRS,microsoft sql server reporting services ssrs,33,33,33,0
O*NET,31.0,Microsoft System Center,microsoft system center,1,1,0,0
O*NET,31.0,Microsoft Systems Management Server,microsoft systems management server,1,1,0,0
O*NET,31.0,Microsoft Team Foundation Server,microsoft team foundation server,6,6,6,0
O*NET,31.0,Microsoft Teams,microsoft teams,32,32,32,5
O*NET,31.0,Microsoft Total Quality Control Management,microsoft total quality control management,1,1,0,0
O*NET,31.0,Microsoft transact-structural query language T-SQL,microsoft transact-structural query language t-sql,2,2,0,0
O*NET,31.0,Microsoft Virtual Server,microsoft virtual server,1,1,0,0
O*NET,31.0,Microsoft Visio,microsoft visio,149,149,149,3
O*NET,31.0,Microsoft Visual Basic,microsoft visual basic,96,96,96,0
O*NET,31.0,Microsoft Visual Basic for Applications VBA,microsoft visual basic for applications vba,45,45,45,2
O*NET,31.0,Microsoft Visual Basic Scripting Edition VBScript,microsoft visual basic scripting edition vbscript,34,34,0,0
O*NET,31.0,Microsoft Visual Basic.NET,microsoft visual basic.net,17,17,0,0
O*NET,31.0,Microsoft Visual Basic.NET Compact Framework CF,microsoft visual basic.net compact framework cf,1,1,0,0
O*NET,31.0,Microsoft Visual C# .NET,microsoft visual c# .net,15,15,0,0
O*NET,31.0,Microsoft Visual FoxPro,microsoft visual foxpro,10,10,0,0
O*NET,31.0,Microsoft Visual InterDev,microsoft visual interdev,2,2,0,0
O*NET,31.0,Microsoft Visual J++,microsoft visual j++,1,1,0,0
O*NET,31.0,Microsoft Visual SourceSafe,microsoft visual sourcesafe,3,3,0,0
O*NET,31.0,Microsoft Visual Studio,microsoft visual studio,46,46,46,1
O*NET,31.0,Microsoft Visual Studio Test Professional,microsoft visual studio test professional,1,1,0,0
O*NET,31.0,Microsoft Visual Studio.NET,microsoft visual studio.net,1,1,0,0
O*NET,31.0,Microsoft Volume Shadow Copy Service,microsoft volume shadow copy service,1,1,0,0
O*NET,31.0,Microsoft Windows,microsoft windows,241,241,241,3
O*NET,31.0,Microsoft Windows Mobile,microsoft windows mobile,2,2,0,0
O*NET,31.0,Microsoft Windows Movie Maker,microsoft windows movie maker,2,2,0,0
O*NET,31.0,Microsoft Windows PowerShell,microsoft windows powershell,1,1,0,0
O*NET,31.0,Microsoft Windows Pre-installation Environment,microsoft windows pre-installation environment,1,1,0,0
O*NET,31.0,Microsoft Windows SDK,microsoft windows sdk,1,1,0,0
O*NET,31.0,Microsoft Windows Server,microsoft windows server,27,27,27,2
O*NET,31.0,Microsoft Windows Sysprep,microsoft windows sysprep,2,2,0,0
O*NET,31.0,Microsoft Windows Terminal Services Access Manager,microsoft windows terminal services access manager,1,1,0,0
O*NET,31.0,Microsoft Windows Vista Business,microsoft windows vista business,2,2,0,0
O*NET,31.0,Microsoft Windows XP,microsoft windows xp,4,4,0,0
O*NET,31.0,Microsoft Windows XP Professional,microsoft windows xp professional,1,1,0,0
O*NET,31.0,Microsoft Word,microsoft word,784,784,784,81
O*NET,31.0,Microsoft Works,microsoft works,1,1,0,0
O*NET,31.0,MicroSolve CAMA,microsolve cama,1,1,0,0
O*NET,31.0,MicroStrategy,microstrategy,46,46,0,0
O*NET,31.0,MicroStrategy Desktop,microstrategy desktop,2,2,0,0
O*NET,31.0,MicroStrategy Report Services,microstrategy report services,2,2,0,0
O*NET,31.0,MicroSurvey FieldGenius,microsurvey fieldgenius,2,2,0,0
O*NET,31.0,MicroSurvey OfficeSync,microsurvey officesync,1,1,0,0
O*NET,31.0,MicroSurvey Software MicroSurvey CAD,microsurvey software microsurvey cad,1,1,0,0
O*NET,31.0,MicroSurvey Star*Net,microsurvey star*net,1,1,0,0
O*NET,31.0,MicroSurveyCAD,microsurveycad,2,2,0,0
O*NET,31.0,Microsys MicroMD,microsys micromd,1,1,0,0
O*NET,31.0,Microwave circuit simulation software,microwave circuit simulation software,1,1,0,0
O*NET,31.0,Microwind Dsch,microwind dsch,1,1,0,0
O*NET,31.0,Mideo Systems EZDoc Plus,mideo systems ezdoc plus,2,2,0,0
O*NET,31.0,MIDI Maestro,midi maestro,1,1,0,0
O*NET,31.0,MIDI Score Creator,midi score creator,1,1,0,0
O*NET,31.0,MidiSwing,midiswing,1,1,0,0
O*NET,31.0,Midland Valley 2DMove,midland valley 2dmove,1,1,0,0
O*NET,31.0,Midland Valley 3DMove,midland valley 3dmove,1,1,0,0
O*NET,31.0,Midland Valley Move Suite,midland valley move suite,1,1,0,0
O*NET,31.0,Midrange Software XpertHire,midrange software xperthire,1,1,0,0
O*NET,31.0,Midwest Information Systems PAX-it,midwest information systems pax-it,1,1,0,0
O*NET,31.0,Midwest MicroSystems Cow Sense,midwest microsystems cow sense,2,2,0,0
O*NET,31.0,MightyScout,mightyscout,2,2,0,0
O*NET,31.0,Migration software,migration software,3,3,0,0
O*NET,31.0,Migration testing software,migration testing software,3,3,0,0
O*NET,31.0,MIKAL SMS,mikal sms,1,1,0,0
O*NET,31.0,Milano Spa,milano spa,1,1,0,0
O*NET,31.0,Mileage logging software,mileage logging software,1,1,0,0
O*NET,31.0,Millennium Software Atrex,millennium software atrex,3,3,0,0
O*NET,31.0,Millennium SpaSalon,millennium spasalon,1,1,0,0
O*NET,31.0,Milliman Corporate Affinity,milliman corporate affinity,1,1,0,0
O*NET,31.0,Milliman ReservePro,milliman reservepro,1,1,0,0
O*NET,31.0,Millisecond Software Inquisit,millisecond software inquisit,1,1,0,0
O*NET,31.0,Millon Behavioral Medicine Diagnostic,millon behavioral medicine diagnostic,1,1,0,0
O*NET,31.0,Milsoft DisSPatch,milsoft disspatch,1,1,0,0
O*NET,31.0,MIM Software MIMcardiac,mim software mimcardiac,1,1,0,0
O*NET,31.0,MIM Software MIMfusion,mim software mimfusion,1,1,0,0
O*NET,31.0,MIM Software MIMneuro,mim software mimneuro,1,1,0,0
O*NET,31.0,Mincom MineScape,mincom minescape,1,1,0,0
O*NET,31.0,Mind mapping software,mind mapping software,1,1,0,0
O*NET,31.0,MINDBODY business management software,mindbody business management software,1,1,0,0
O*NET,31.0,MindGenius,mindgenius,1,1,0,0
O*NET,31.0,MindJet MindManager,mindjet mindmanager,1,1,0,0
O*NET,31.0,Mine maintenance software,mine maintenance software,1,1,0,0
O*NET,31.0,MineGeo software,minegeo software,1,1,0,0
O*NET,31.0,Minemax iGantt,minemax igantt,1,1,0,0
O*NET,31.0,MineSight,minesight,3,3,0,0
O*NET,31.0,MINISIS MINT,minisis mint,1,1,0,0
O*NET,31.0,Minitab,minitab,70,70,0,0
O*NET,31.0,Minnesota Multiphasic Personality Inventory-2 MMPI-2,minnesota multiphasic personality inventory-2 mmpi-2,1,1,0,0
O*NET,31.0,Mintel Reports,mintel reports,1,1,0,0
O*NET,31.0,MinuteMan Systems MinuteMan Project Management Software,minuteman systems minuteman project management software,1,1,0,0
O*NET,31.0,MIR3 Intelligent Notification,mir3 intelligent notification,1,1,0,0
O*NET,31.0,Miridia Technology AcuGraph,miridia technology acugraph,1,1,0,0
O*NET,31.0,MIRS Compliance,mirs compliance,1,1,0,0
O*NET,31.0,Missler Software TopSolid,missler software topsolid,1,1,0,0
O*NET,31.0,Misys Healthcare Systems Misys Tiger,misys healthcare systems misys tiger,1,1,0,0
O*NET,31.0,Misys Healthcare Systems Mysis Tiger,misys healthcare systems mysis tiger,2,2,0,0
O*NET,31.0,MIT OASES,mit oases,1,1,0,0
O*NET,31.0,Mitchell International Mitchell WorkCenter,mitchell international mitchell workcenter,1,1,0,0
O*NET,31.0,Mitchell Manager Invoicing System,mitchell manager invoicing system,1,1,0,0
O*NET,31.0,Mitchell OnDemand5 Manager,mitchell ondemand5 manager,1,1,0,0
O*NET,31.0,Mitek Systems ImageNet Payments,mitek systems imagenet payments,1,1,0,0
O*NET,31.0,MITRE ATT&CK software,mitre att&ck software,4,4,0,4
O*NET,31.0,Mitre Software GSLOPE,mitre software gslope,2,2,0,0
O*NET,31.0,Mixed code generator,mixed code generator,1,1,0,0
O*NET,31.0,Mixed integer optimizer MINTO,mixed integer optimizer minto,1,1,0,0
O*NET,31.0,MJ Systems Logsleuth,mj systems logsleuth,1,1,0,0
O*NET,31.0,MJICCS PilotLog,mjiccs pilotlog,2,2,0,0
O*NET,31.0,Mlflow,mlflow,1,1,0,0
O*NET,31.0,MLPU,mlpu,1,1,0,0
O*NET,31.0,MNT Northwest MNT Assistant,mnt northwest mnt assistant,1,1,0,0
O*NET,31.0,Mobile application software,mobile application software,2,2,0,0
O*NET,31.0,Mobile building inspection software,mobile building inspection software,1,1,0,0
O*NET,31.0,Mobile Data Software VetInfo,mobile data software vetinfo,1,1,0,0
O*NET,31.0,Mobile Dog Grooming Software mGroomer,mobile dog grooming software mgroomer,1,1,0,0
O*NET,31.0,Mobile Knowledge Cabmate,mobile knowledge cabmate,2,2,0,0
O*NET,31.0,Mobile wireless network infrastructure software,mobile wireless network infrastructure software,1,1,0,0
O*NET,31.0,MobileToys MAIDXL,mobiletoys maidxl,1,1,0,0
O*NET,31.0,MobiTech Systems Route Sales Trakker,mobitech systems route sales trakker,1,1,0,0
O*NET,31.0,Modal analysis software,modal analysis software,1,1,0,0
O*NET,31.0,Modelica,modelica,1,1,0,0
O*NET,31.0,Modeling software,modeling software,3,3,0,0
O*NET,31.0,ModelKinetix ModelMaker,modelkinetix modelmaker,1,1,0,0
O*NET,31.0,Modellium PariTOP,modellium paritop,1,1,0,0
O*NET,31.0,Modernizing Medicine Practice Management,modernizing medicine practice management,9,9,0,0
O*NET,31.0,MODPATH,modpath,1,1,0,0
O*NET,31.0,Modula,modula,3,3,0,0
O*NET,31.0,Modular arrangement of predetermined time standards software MODAPTS,modular arrangement of predetermined time standards software modapts,1,1,0,0
O*NET,31.0,Modular Mining Systems DISPATCH,modular mining systems dispatch,1,1,0,0
O*NET,31.0,ModuleMD Allergy Module,modulemd allergy module,1,1,0,0
O*NET,31.0,Modulo Risk Manager,modulo risk manager,1,1,0,0
O*NET,31.0,MOGO Dental Software MOGO,mogo dental software mogo,1,1,0,0
O*NET,31.0,MolDraw,moldraw,1,1,0,0
O*NET,31.0,Molecular Devices Corporation MetaFluor,molecular devices corporation metafluor,1,1,0,0
O*NET,31.0,Molecular Devices Corporation MetaMorph,molecular devices corporation metamorph,2,2,0,0
O*NET,31.0,Molecular Devices Softmax Pro,molecular devices softmax pro,1,1,0,0
O*NET,31.0,Molecular Networks GmbH Biochemical Pathways,molecular networks gmbh biochemical pathways,1,1,0,0
O*NET,31.0,Molecular simulation software,molecular simulation software,3,3,0,0
O*NET,31.0,Molecular Simulations WebLab ViewerPro,molecular simulations weblab viewerpro,1,1,0,0
O*NET,31.0,Molecular visualization software,molecular visualization software,1,1,0,0
O*NET,31.0,Molsearch Pro,molsearch pro,1,1,0,0
O*NET,31.0,Monash University Low FODMAP Diet App,monash university low fodmap diet app,1,1,0,0
O*NET,31.0,MoneySoft Corporate Valuation,moneysoft corporate valuation,2,2,0,0
O*NET,31.0,MoneyTree Silver Financial Planner (financial analysis feature),moneytree silver financial planner (financial analysis feature),1,1,0,0
O*NET,31.0,MoneyTree Silver Financial Planner (presentation feature),moneytree silver financial planner (presentation feature),1,1,0,0
O*NET,31.0,MongoDB,mongodb,27,27,27,3
O*NET,31.0,Monitoring and Remediation Optimization System MAROS,monitoring and remediation optimization system maros,1,1,0,0
O*NET,31.0,Monte Carlo simulation software,monte carlo simulation software,5,5,0,0
O*NET,31.0,Montgomery Investment Technology Bonds XL,montgomery investment technology bonds xl,2,2,0,0
O*NET,31.0,Montgomery Investment Technology Exotics XL,montgomery investment technology exotics xl,2,2,0,0
O*NET,31.0,Montgomery Investment Technology FinTools,montgomery investment technology fintools,2,2,0,0
O*NET,31.0,Montgomery Investment Technology Options XL,montgomery investment technology options xl,2,2,0,0
O*NET,31.0,Montgomery Investment Technology QuoteTools,montgomery investment technology quotetools,2,2,0,0
O*NET,31.0,Montgomery Investment Technology Risk XL,montgomery investment technology risk xl,2,2,0,0
O*NET,31.0,Montgomery Investment Technology SigTools,montgomery investment technology sigtools,2,2,0,0
O*NET,31.0,Montgomery Investment Technology Utility XL,montgomery investment technology utility xl,2,2,0,0
O*NET,31.0,Moodle,moodle,32,32,0,0
O*NET,31.0,Moody's KMV CreditEdge,moody's kmv creditedge,3,3,0,0
O*NET,31.0,Moody's KMV Decisions,moody's kmv decisions,2,2,0,0
O*NET,31.0,Moody's KMV FAMAS,moody's kmv famas,1,1,0,0
O*NET,31.0,Moody's KMV Financial Analyst,moody's kmv financial analyst,2,2,0,0
O*NET,31.0,Moody's KMV Risk Advisor,moody's kmv risk advisor,2,2,0,0
O*NET,31.0,Moody's KMV Risk Analyst,moody's kmv risk analyst,2,2,0,0
O*NET,31.0,Moody's RiskCalc,moody's riskcalc,1,1,0,0
O*NET,31.0,Morningstar Principia,morningstar principia,1,1,0,0
O*NET,31.0,MORSE-CG dose assessment computer code,morse-cg dose assessment computer code,1,1,0,0
O*NET,31.0,Mortware Professional,mortware professional,1,1,0,0
O*NET,31.0,Mosby's Drug Consult,mosby's drug consult,2,2,0,0
O*NET,31.0,Mosby's Nutritrac,mosby's nutritrac,1,1,0,0
O*NET,31.0,Mosflm,mosflm,1,1,0,0
O*NET,31.0,Moss Adams Profit Mentor,moss adams profit mentor,2,2,0,0
O*NET,31.0,Motek Priya,motek priya,1,1,0,0
O*NET,31.0,Motion analysis software,motion analysis software,4,4,0,0
O*NET,31.0,Motion capture software,motion capture software,1,1,0,0
O*NET,31.0,Motion control software,motion control software,1,1,0,0
O*NET,31.0,Motion correction software,motion correction software,1,1,0,0
O*NET,31.0,Motion graphics software,motion graphics software,2,2,0,0
O*NET,31.0,Motor testing software,motor testing software,1,1,0,0
O*NET,31.0,MotorMaster+,motormaster+,2,2,0,0
O*NET,31.0,Motorola Digital Signal Processing (DSP) Assembler,motorola digital signal processing (dsp) assembler,1,1,0,0
O*NET,31.0,Mount Taylor Programs Private Advantage,mount taylor programs private advantage,1,1,0,0
O*NET,31.0,Mountainside Software Allergy Lab,mountainside software allergy lab,1,1,0,0
O*NET,31.0,Moxa software,moxa software,1,1,0,0
O*NET,31.0,Moxi Works MoxiEngage,moxi works moxiengage,1,1,0,0
O*NET,31.0,Moxi Works MoxiImpress,moxi works moxiimpress,1,1,0,0
O*NET,31.0,Moxi Works MoxiPresent,moxi works moxipresent,1,1,0,0
O*NET,31.0,Moz search engine optimization SEO software,moz search engine optimization seo software,1,1,0,1
O*NET,31.0,Mozart Music Software Mozart,mozart music software mozart,1,1,0,0
O*NET,31.0,Mozilla Firefox,mozilla firefox,26,26,26,3
O*NET,31.0,Mozilla Thunderbird,mozilla thunderbird,2,2,0,0
O*NET,31.0,MPAY Millennium,mpay millennium,1,1,0,0
O*NET,31.0,MPI Micro Planner X-Pert,mpi micro planner x-pert,1,1,0,0
O*NET,31.0,mPlexus DICOM RadiX,mplexus dicom radix,1,1,0,0
O*NET,31.0,MPMsoft billing,mpmsoft billing,1,1,0,0
O*NET,31.0,MRA Technologies MRATrack Warehouse Management System,mra technologies mratrack warehouse management system,1,1,0,0
O*NET,31.0,MRO Audit Tracker,mro audit tracker,1,1,0,0
O*NET,31.0,MRX Solutions OfficeMaster,mrx solutions officemaster,1,1,0,0
O*NET,31.0,MS*Health Software/CMHC,ms*health software/cmhc,1,1,0,0
O*NET,31.0,MSB Software Astroart,msb software astroart,1,1,0,0
O*NET,31.0,MSC Software Adams,msc software adams,3,3,0,0
O*NET,31.0,MSC Software Fatigue,msc software fatigue,1,1,0,0
O*NET,31.0,MSC Software Nastran,msc software nastran,4,4,0,0
O*NET,31.0,MSC Software Patran,msc software patran,3,3,0,0
O*NET,31.0,MSI Insight/Discover,msi insight/discover,1,1,0,0
O*NET,31.0,MSR Visual Exporter,msr visual exporter,1,1,0,0
O*NET,31.0,MSR Visual Exporter Document Library,msr visual exporter document library,1,1,0,0
O*NET,31.0,MSR Visual Exporter Enterprise Integrator,msr visual exporter enterprise integrator,1,1,0,0
O*NET,31.0,MTI Systems Costimator JS,mti systems costimator js,2,2,0,0
O*NET,31.0,MTS Testworks,mts testworks,1,1,0,0
O*NET,31.0,MuleSoft software,mulesoft software,1,1,0,0
O*NET,31.0,Multi-center traffic management advisor McTMA,multi-center traffic management advisor mctma,1,1,0,0
O*NET,31.0,Multi-channel contact center software,multi-channel contact center software,1,1,0,0
O*NET,31.0,Multi-functional calculators,multi-functional calculators,1,1,0,0
O*NET,31.0,Multi-line optical character reader OCR software,multi-line optical character reader ocr software,3,3,0,0
O*NET,31.0,Multi-router traffic grapher MRTG software,multi-router traffic grapher mrtg software,2,2,0,0
O*NET,31.0,Multichannel microelectrode analyzer MMA software,multichannel microelectrode analyzer mma software,1,1,0,0
O*NET,31.0,Multidata Computer Systems MultiTech,multidata computer systems multitech,2,2,0,0
O*NET,31.0,Multidimensional Expressions MDX,multidimensional expressions mdx,1,1,0,0
O*NET,31.0,MultiGen Paradigm 3D GIS,multigen paradigm 3d gis,1,1,0,0
O*NET,31.0,MultiGen Paradigm Vega Prime,multigen paradigm vega prime,1,1,0,0
O*NET,31.0,Multimedia video analysis software,multimedia video analysis software,1,1,0,0
O*NET,31.0,Multipath Corporation Fast Matrix Solver FMS,multipath corporation fast matrix solver fms,1,1,0,0
O*NET,31.0,Multiple listing service software,multiple listing service software,1,1,0,0
O*NET,31.0,Multiple Options Animal Shelter Management System,multiple options animal shelter management system,1,1,0,0
O*NET,31.0,Multiple trading transaction systems,multiple trading transaction systems,1,1,0,0
O*NET,31.0,Multiprotocol Label Switching MPLS,multiprotocol label switching mpls,1,1,0,0
O*NET,31.0,Multipurpose Interactive Image Processing System MIIPS,multipurpose interactive image processing system miips,1,1,0,0
O*NET,31.0,Multisensory data representation software,multisensory data representation software,1,1,0,0
O*NET,31.0,Multitask software,multitask software,1,1,0,0
O*NET,31.0,Multivariate Software EQS,multivariate software eqs,1,1,0,0
O*NET,31.0,Multivariate statistical program MVSP software,multivariate statistical program mvsp software,2,2,0,0
O*NET,31.0,Multiview Accounts Receivable,multiview accounts receivable,1,1,0,0
O*NET,31.0,MUMPS M,mumps m,5,5,0,0
O*NET,31.0,Muncy Plat Pronto,muncy plat pronto,1,1,0,0
O*NET,31.0,Municipal geographic management software,municipal geographic management software,1,1,0,0
O*NET,31.0,MuseScore,musescore,1,1,0,0
O*NET,31.0,Music Director Pro,music director pro,1,1,0,0
O*NET,31.0,Music scheduling software,music scheduling software,1,1,0,0
O*NET,31.0,Music software,music software,1,1,0,0
O*NET,31.0,Musical instrument digital interface MIDI software,musical instrument digital interface midi software,3,3,0,0
O*NET,31.0,Musical Palette,musical palette,1,1,0,0
O*NET,31.0,MusicDevelopments RapidComposer,musicdevelopments rapidcomposer,1,1,0,0
O*NET,31.0,MusicGraph,musicgraph,1,1,0,0
O*NET,31.0,Musilogic HarmonyBuilder,musilogic harmonybuilder,1,1,0,0
O*NET,31.0,Mutation testing software,mutation testing software,3,3,0,0
O*NET,31.0,Muthen & Muthen Mplus,muthen & muthen mplus,4,4,0,0
O*NET,31.0,Mutual fund analysis software,mutual fund analysis software,2,2,0,0
O*NET,31.0,MWH Soft H2ONET MSX,mwh soft h2onet msx,1,1,0,0
O*NET,31.0,MWH Soft InfoSWMM,mwh soft infoswmm,2,2,0,0
O*NET,31.0,Mxi Technologies Maintenix,mxi technologies maintenix,1,1,0,0
O*NET,31.0,My Clients Plus,my clients plus,1,1,0,0
O*NET,31.0,MyCommerce RegNow,mycommerce regnow,1,1,0,0
O*NET,31.0,MyComplianceOffice Compliance Operations Management System,mycomplianceoffice compliance operations management system,1,1,0,0
O*NET,31.0,Myers Briggs Type Indicator,myers briggs type indicator,1,1,0,0
O*NET,31.0,MyFamilySoftware Instant Architect,myfamilysoftware instant architect,1,1,0,0
O*NET,31.0,MyFitnessPal,myfitnesspal,1,1,0,0
O*NET,31.0,MYOB BusinessEssentials,myob businessessentials,1,1,0,0
O*NET,31.0,MYOB Premier Accounting Small Business Suite,myob premier accounting small business suite,1,1,0,0
O*NET,31.0,Myriad Software Harmony Assistant,myriad software harmony assistant,1,1,0,0
O*NET,31.0,Myspace,myspace,2,2,0,0
O*NET,31.0,MySQL,mysql,50,50,50,2
O*NET,31.0,myWriterTools,mywritertools,2,2,0,0
O*NET,31.0,Mzinga On-Demand Learning Suite,mzinga on-demand learning suite,2,2,0,0
O*NET,31.0,Nagios,nagios,23,23,0,0
O*NET,31.0,NAMD,namd,1,1,0,0
O*NET,31.0,Narratek Smartype,narratek smartype,1,1,0,0
O*NET,31.0,National Archives online databases,national archives online databases,1,1,0,0
O*NET,31.0,National Association of Realtors Online Database,national association of realtors online database,1,1,0,0
O*NET,31.0,National Center for Crisis and Continuity Coordination NC4 E Team,national center for crisis and continuity coordination nc4 e team,1,1,0,0
O*NET,31.0,National Concrete & Masonry Estimator,national concrete & masonry estimator,1,1,0,0
O*NET,31.0,National Crime Information Center (NCIC) database,national crime information center (ncic) database,11,11,0,0
O*NET,31.0,National Driver Register NDR,national driver register ndr,1,1,0,0
O*NET,31.0,National Fire Incident Reporting System NFIRS,national fire incident reporting system nfirs,1,1,0,0
O*NET,31.0,National Geodetic Survey NGS Geodetic Toolkit,national geodetic survey ngs geodetic toolkit,1,1,0,0
O*NET,31.0,National Geodetic Survey NGS VERTCON,national geodetic survey ngs vertcon,1,1,0,0
O*NET,31.0,National Geophysical Data Center GEODAS,national geophysical data center geodas,1,1,0,0
O*NET,31.0,National Institute for Occupational Safety and Health LaModel,national institute for occupational safety and health lamodel,1,1,0,0
O*NET,31.0,National Institute for Occupational Safety and Health NIOSH Life Table Analysis System,national institute for occupational safety and health niosh life table analysis system,1,1,0,0
O*NET,31.0,National Instruments Compact FieldPoint System,national instruments compact fieldpoint system,1,1,0,0
O*NET,31.0,National Instruments DAQ Assistant,national instruments daq assistant,1,1,0,0
O*NET,31.0,National Instruments LabVIEW,national instruments labview,62,62,0,1
O*NET,31.0,National Instruments Multisim,national instruments multisim,3,3,0,0
O*NET,31.0,National Instruments NI Motion Assistant,national instruments ni motion assistant,1,1,0,0
O*NET,31.0,National Instruments NI Vision Builder for Automated Inspection AI,national instruments ni vision builder for automated inspection ai,1,1,0,0
O*NET,31.0,National Instruments NI-DAQmx,national instruments ni-daqmx,1,1,0,0
O*NET,31.0,National Instruments TestStand,national instruments teststand,1,1,0,0
O*NET,31.0,National Instruments Ultiboard,national instruments ultiboard,1,1,0,0
O*NET,31.0,National Integrated Ballistics Information Network NIBIN,national integrated ballistics information network nibin,5,5,0,0
O*NET,31.0,National Land Cover Database NLCD,national land cover database nlcd,1,1,0,0
O*NET,31.0,National Law Enforcement Telecommunications System NLETS,national law enforcement telecommunications system nlets,1,1,0,0
O*NET,31.0,National Library of Medicine DOCLINE,national library of medicine docline,2,2,0,0
O*NET,31.0,National Library of Medicine Medline,national library of medicine medline,2,2,0,0
O*NET,31.0,National pollutant discharge elimination system NPDES compliance software,national pollutant discharge elimination system npdes compliance software,1,1,0,0
O*NET,31.0,National Resources Conservation Service Ecological Site Information System ESIS,national resources conservation service ecological site information system esis,1,1,0,0
O*NET,31.0,National Resources Conservation Service Grazing Spatial Analysis Tool,national resources conservation service grazing spatial analysis tool,1,1,0,0
O*NET,31.0,National Resources Conservation Service NRCS PEDON Description Program PDP,national resources conservation service nrcs pedon description program pdp,1,1,0,0
O*NET,31.0,National Resources Conservation Service NRCS Soils Explorer,national resources conservation service nrcs soils explorer,1,1,0,0
O*NET,31.0,National Resources Conservation Service Web Soil Survey WSS,national resources conservation service web soil survey wss,1,1,0,0
O*NET,31.0,National Soil Information System NASIS,national soil information system nasis,1,1,0,0
O*NET,31.0,National Union Catalog of Manuscript Collections (NUCMC),national union catalog of manuscript collections (nucmc),1,1,0,0
O*NET,31.0,NaturaeMed OfficePro,naturaemed officepro,1,1,0,0
O*NET,31.0,Naturopathic Clinic software,naturopathic clinic software,1,1,0,0
O*NET,31.0,NaturoPlus,naturoplus,1,1,0,0
O*NET,31.0,Natus NeuroWorks,natus neuroworks,1,1,0,0
O*NET,31.0,Naviance Succeed,naviance succeed,1,1,0,0
O*NET,31.0,Navigation software,navigation software,1,1,0,0
O*NET,31.0,Navigational chart software,navigational chart software,1,1,0,0
O*NET,31.0,NaviMedix NaviNet,navimedix navinet,1,1,0,0
O*NET,31.0,NaviNet Open,navinet open,2,2,0,0
O*NET,31.0,NavisWorks Jetstream,navisworks jetstream,5,5,0,3
O*NET,31.0,NaviSys Front Office,navisys front office,1,1,0,0
O*NET,31.0,Navzilla,navzilla,2,2,0,0
O*NET,31.0,nbtstat,nbtstat,1,1,0,0
O*NET,31.0,NC verification software,nc verification software,1,1,0,0
O*NET,31.0,NCAR Command Language NCL,ncar command language ncl,1,1,0,0
O*NET,31.0,NCBI RefSeq,ncbi refseq,1,1,0,0
O*NET,31.0,NCG Medical Systems d-Chart,ncg medical systems d-chart,2,2,0,0
O*NET,31.0,NCH Software Express Invoice,nch software express invoice,1,1,0,0
O*NET,31.0,NCR Advanced Checkout Solution,ncr advanced checkout solution,4,4,0,0
O*NET,31.0,NCR Advanced Store,ncr advanced store,2,2,0,0
O*NET,31.0,NCR NeighborhoodPOS,ncr neighborhoodpos,4,4,0,0
O*NET,31.0,NCR Teradata Warehouse Miner,ncr teradata warehouse miner,2,2,0,0
O*NET,31.0,NCSS,ncss,2,2,0,0
O*NET,31.0,NCSS Power Analysis and Sample Size PASS,ncss power analysis and sample size pass,2,2,0,0
O*NET,31.0,NDCMedisoft,ndcmedisoft,2,2,0,0
O*NET,31.0,Nearpod,nearpod,20,20,0,0
O*NET,31.0,Nebu Dub InterViewer,nebu dub interviewer,1,1,0,0
O*NET,31.0,Nedstat Sitestat,nedstat sitestat,2,2,0,0
O*NET,31.0,Needs analysis software,needs analysis software,1,1,0,0
O*NET,31.0,Neill Technologies SpaBiz,neill technologies spabiz,1,1,0,0
O*NET,31.0,Nemetschek Vectorworks Spotlight,nemetschek vectorworks spotlight,1,1,0,0
O*NET,31.0,NEO PI-R,neo pi-r,1,1,0,0
O*NET,31.0,Neo4j,neo4j,1,1,0,0
O*NET,31.0,Neoforma Healthcare Products Information Services HPIS Market Intelligence,neoforma healthcare products information services hpis market intelligence,1,1,0,0
O*NET,31.0,Neohapsis Certus GRC,neohapsis certus grc,1,1,0,0
O*NET,31.0,NeoOffice,neooffice,1,1,0,0
O*NET,31.0,Neotec WELLFLO,neotec wellflo,1,1,0,0
O*NET,31.0,Net Worth Strategies Stock Opter Pro,net worth strategies stock opter pro,1,1,0,0
O*NET,31.0,NetDimensions Enterprise Knowledge Platform EKP,netdimensions enterprise knowledge platform ekp,2,2,0,0
O*NET,31.0,NetDocuments,netdocuments,2,2,0,0
O*NET,31.0,NetEpi,netepi,1,1,0,0
O*NET,31.0,NetIQ,netiq,1,1,0,0
O*NET,31.0,NeTLIMS AutoAP,netlims autoap,1,1,0,0
O*NET,31.0,NeTLIMS AutoFusion,netlims autofusion,1,1,0,0
O*NET,31.0,NetLims AutoLims,netlims autolims,1,1,0,0
O*NET,31.0,NeTLIMS AutoLIMS Core Lab,netlims autolims core lab,2,2,0,0
O*NET,31.0,NetPrimer,netprimer,1,1,0,0
O*NET,31.0,Netreo OmniCenter,netreo omnicenter,1,1,0,0
O*NET,31.0,Netscape Navigator,netscape navigator,6,6,0,0
O*NET,31.0,NetScout InfinitiStream Console,netscout infinitistream console,1,1,0,0
O*NET,31.0,NetScout Sniffer Global Analyzer,netscout sniffer global analyzer,1,1,0,0
O*NET,31.0,NetScout Sniffer Portable Professional Analyzer,netscout sniffer portable professional analyzer,1,1,0,0
O*NET,31.0,Netsmart Technologies Avatar Clinical Workstation CWS,netsmart technologies avatar clinical workstation cws,2,2,0,0
O*NET,31.0,Netsmart Technologies CareNet,netsmart technologies carenet,1,1,0,0
O*NET,31.0,Netsmart Technologies Helper,netsmart technologies helper,1,1,0,0
O*NET,31.0,NetSoft IntelliPath,netsoft intellipath,1,1,0,0
O*NET,31.0,netstat,netstat,1,1,0,0
O*NET,31.0,NetSuite ERP,netsuite erp,48,48,0,0
O*NET,31.0,NetSuite NetCRM,netsuite netcrm,4,4,0,0
O*NET,31.0,NetSuite NetERP,netsuite neterp,2,2,0,0
O*NET,31.0,Network address management software,network address management software,1,1,0,0
O*NET,31.0,Network addressable storage NAS software,network addressable storage nas software,1,1,0,0
O*NET,31.0,Network Analysis SINDA-G,network analysis sinda-g,1,1,0,0
O*NET,31.0,Network and application load and performance testing software,network and application load and performance testing software,2,2,0,0
O*NET,31.0,Network and component performance analysis software,network and component performance analysis software,2,2,0,0
O*NET,31.0,Network and system vulnerability assessment software,network and system vulnerability assessment software,4,4,0,0
O*NET,31.0,Network architecture design software,network architecture design software,1,1,0,0
O*NET,31.0,Network availability monitoring software,network availability monitoring software,2,2,0,0
O*NET,31.0,Network bridge software,network bridge software,1,1,0,0
O*NET,31.0,Network design software,network design software,1,1,0,0
O*NET,31.0,Network directory services software,network directory services software,6,6,0,0
O*NET,31.0,Network documentation software,network documentation software,2,2,0,0
O*NET,31.0,Network flow modeling software,network flow modeling software,1,1,0,0
O*NET,31.0,Network Instruments Observer Standard,network instruments observer standard,1,1,0,0
O*NET,31.0,Network intrusion detection software,network intrusion detection software,5,5,0,0
O*NET,31.0,Network intrusion prevention systems NIPS,network intrusion prevention systems nips,6,6,0,0
O*NET,31.0,Network management software,network management software,2,2,0,0
O*NET,31.0,"Network modeling, mapping, and analysis software","network modeling, mapping, and analysis software",2,2,0,0
O*NET,31.0,Network reporting software,network reporting software,1,1,0,0
O*NET,31.0,Network Science IR Mentor Pro,network science ir mentor pro,1,1,0,0
O*NET,31.0,Network security auditing software,network security auditing software,1,1,0,0
O*NET,31.0,Network shutdown software,network shutdown software,1,1,0,0
O*NET,31.0,Network storage software,network storage software,1,1,0,0
O*NET,31.0,Network traffic flow monitoring and analysis software,network traffic flow monitoring and analysis software,2,2,0,0
O*NET,31.0,Network traffic probe software,network traffic probe software,2,2,0,0
O*NET,31.0,"Network, hardware, and software auditing software","network, hardware, and software auditing software",1,1,0,0
O*NET,31.0,"Network, server and operating system optimization software","network, server and operating system optimization software",2,2,0,0
O*NET,31.0,Neural network modeling software,neural network modeling software,5,5,0,0
O*NET,31.0,NeuralWare,neuralware,1,1,0,0
O*NET,31.0,Neuro Innovations Therapist's Toolkit,neuro innovations therapist's toolkit,1,1,0,0
O*NET,31.0,Neurobehavioral Systems Presentation,neurobehavioral systems presentation,1,1,0,0
O*NET,31.0,Neurofax SpikeDetector,neurofax spikedetector,1,1,0,0
O*NET,31.0,NeuroSolutions for MatLab,neurosolutions for matlab,3,3,0,0
O*NET,31.0,NeuroSolutions Trading Solutions,neurosolutions trading solutions,2,2,0,0
O*NET,31.0,Neurotronics Polysmith,neurotronics polysmith,1,1,0,0
O*NET,31.0,Nevercenter Silo,nevercenter silo,1,1,0,0
O*NET,31.0,New construction inspection form software,new construction inspection form software,1,1,0,0
O*NET,31.0,New Dawn Technologies JustWare Court,new dawn technologies justware court,1,1,0,0
O*NET,31.0,New Horizons Software OrthoExec,new horizons software orthoexec,1,1,0,0
O*NET,31.0,New Millennium Communications Genesis Accounting,new millennium communications genesis accounting,2,2,0,0
O*NET,31.0,New World Systems Logos.NET,new world systems logos.net,1,1,0,0
O*NET,31.0,Newgen Software Technologies OmniDocs,newgen software technologies omnidocs,1,1,0,0
O*NET,31.0,NewPortWave Year End Solutions,newportwave year end solutions,1,1,0,0
O*NET,31.0,Newsletter production software,newsletter production software,1,1,0,0
O*NET,31.0,NewTek Lightwave 3D,newtek lightwave 3d,1,1,0,0
O*NET,31.0,Nexiq Tech HDS Suite for Palm,nexiq tech hds suite for palm,1,1,0,0
O*NET,31.0,Next Limit Maxwell Render,next limit maxwell render,2,2,0,0
O*NET,31.0,Nextech EMR,nextech emr,1,1,0,0
O*NET,31.0,NexTech EMR & PM,nextech emr & pm,1,1,0,0
O*NET,31.0,NextGen Healthcare Information Systems EMR,nextgen healthcare information systems emr,10,10,0,0
O*NET,31.0,NextGen Healthcare NextGen Practice Management,nextgen healthcare nextgen practice management,9,9,0,0
O*NET,31.0,ngrep,ngrep,1,1,0,0
O*NET,31.0,ngspice,ngspice,1,1,0,0
O*NET,31.0,Niceware International LabelClinic CT,niceware international labelclinic ct,1,1,0,0
O*NET,31.0,Nielsen Arianna,nielsen arianna,1,1,0,0
O*NET,31.0,Nielsen Marketbreaks,nielsen marketbreaks,1,1,0,0
O*NET,31.0,NIIT Technologies WinRisk,niit technologies winrisk,1,1,0,0
O*NET,31.0,NIKSUN NetDetector,niksun netdetector,1,1,0,0
O*NET,31.0,Niku Clarity,niku clarity,1,1,0,0
O*NET,31.0,NILS INSource,nils insource,1,1,0,0
O*NET,31.0,Nimblefeet Technologies Captain's Keeper,nimblefeet technologies captain's keeper,2,2,0,0
O*NET,31.0,Ninian Huddle,ninian huddle,1,1,0,0
O*NET,31.0,NIWA Tideda,niwa tideda,1,1,0,0
O*NET,31.0,Nmap,nmap,2,2,0,1
O*NET,31.0,NOAA Shoreline Data Explorer,noaa shoreline data explorer,1,1,0,0
O*NET,31.0,Node.js,node.js,24,24,24,3
O*NET,31.0,NodeBox,nodebox,1,1,0,0
O*NET,31.0,Noldus Information Technology FaceReader,noldus information technology facereader,1,1,0,0
O*NET,31.0,Noldus Information Technology The Observer XT,noldus information technology the observer xt,4,4,0,0
O*NET,31.0,Noldus Information Technology uLog Pro,noldus information technology ulog pro,1,1,0,0
O*NET,31.0,Nolij Corporation Nolij Transfer,nolij corporation nolij transfer,1,1,0,0
O*NET,31.0,Nolo Quicken Legal Business Pro,nolo quicken legal business pro,1,1,0,0
O*NET,31.0,Non uniform rational b-splines NURBS software,non uniform rational b-splines nurbs software,2,2,0,0
O*NET,31.0,Norchard Solutions Succession Wizard,norchard solutions succession wizard,2,2,0,0
O*NET,31.0,North American Insulation Manufacturers Association NAIMA 3E Plus,north american insulation manufacturers association naima 3e plus,2,2,0,0
O*NET,31.0,North American Regional Climate Change Assessment Program NARCCAP data tables,north american regional climate change assessment program narccap data tables,1,1,0,0
O*NET,31.0,North American Software Associates Eclipse,north american software associates eclipse,1,1,0,0
O*NET,31.0,NorthWest Builders Network Plan Analyst,northwest builders network plan analyst,1,1,0,0
O*NET,31.0,Norton AntiVirus,norton antivirus,3,3,0,0
O*NET,31.0,NortonLifeLock cybersecurity software,nortonlifelock cybersecurity software,37,37,0,0
O*NET,31.0,NoSQL,nosql,30,30,30,3
O*NET,31.0,Notam Development Group Airport Insight,notam development group airport insight,2,2,0,0
O*NET,31.0,Notation Software Notation Composer,notation software notation composer,1,1,0,0
O*NET,31.0,NoteWorthy Software NoteWorthy Composer,noteworthy software noteworthy composer,1,1,0,0
O*NET,31.0,NovaMind Merlin Project Manager,novamind merlin project manager,1,1,0,0
O*NET,31.0,Novariant AutoFarm AF Viewer,novariant autofarm af viewer,1,1,0,0
O*NET,31.0,NovaStor NovaBACKUP,novastor novabackup,2,2,0,0
O*NET,31.0,Novell eDirectory,novell edirectory,1,1,0,0
O*NET,31.0,Novell NetWare Management Station,novell netware management station,1,1,0,0
O*NET,31.0,Novo Customer Tracking Software,novo customer tracking software,1,1,0,0
O*NET,31.0,Novovision NovoPath,novovision novopath,1,1,0,0
O*NET,31.0,NOW Solutions emPath,now solutions empath,1,1,0,0
O*NET,31.0,NPKTools Comp Analytics,npktools comp analytics,1,1,0,0
O*NET,31.0,NPKTools CompXpert,npktools compxpert,1,1,0,0
O*NET,31.0,NSF Hospitality Rendezvous Events,nsf hospitality rendezvous events,1,1,0,0
O*NET,31.0,Nslookup,nslookup,1,1,0,0
O*NET,31.0,Nuance Dragon NaturallySpeaking,nuance dragon naturallyspeaking,6,6,0,0
O*NET,31.0,Nuance OmniPage Professional,nuance omnipage professional,2,2,0,0
O*NET,31.0,Nuance PaperPort Professional,nuance paperport professional,2,2,0,0
O*NET,31.0,Nuance Power PDF,nuance power pdf,1,1,0,0
O*NET,31.0,Nucletron planning systems,nucletron planning systems,1,1,0,0
O*NET,31.0,Nuesoft Technologies NueMD,nuesoft technologies nuemd,3,3,0,0
O*NET,31.0,Numerical analysis software,numerical analysis software,1,1,0,0
O*NET,31.0,Numerical control software,numerical control software,1,1,0,0
O*NET,31.0,Numeritek NUMERICA,numeritek numerica,1,1,0,0
O*NET,31.0,NumPy,numpy,1,1,0,1
O*NET,31.0,NUnit,nunit,2,2,0,0
O*NET,31.0,Nunjucks,nunjucks,2,2,0,0
O*NET,31.0,Nupro CastView,nupro castview,1,1,0,0
O*NET,31.0,Nursing documentation software,nursing documentation software,2,2,0,0
O*NET,31.0,Nutrient analysis software,nutrient analysis software,1,1,0,0
O*NET,31.0,NutriGenie Optimal Nutrition,nutrigenie optimal nutrition,1,1,0,0
O*NET,31.0,Nutrition analysis software,nutrition analysis software,1,1,0,0
O*NET,31.0,Nutrition Balance Analyzer NUTBAL,nutrition balance analyzer nutbal,1,1,0,0
O*NET,31.0,NuView EBS,nuview ebs,1,1,0,0
O*NET,31.0,Nuview Systems Cort HCM,nuview systems cort hcm,1,1,0,0
O*NET,31.0,NuView Systems NuViewHR,nuview systems nuviewhr,1,1,0,0
O*NET,31.0,Nuvosoft Rwiz,nuvosoft rwiz,1,1,0,0
O*NET,31.0,NVDIA Gelato,nvdia gelato,1,1,0,0
O*NET,31.0,Nvu,nvu,1,1,0,0
O*NET,31.0,NWChem,nwchem,1,1,0,0
O*NET,31.0,O'Brien Grasso RE Software Property Master,o'brien grasso re software property master,1,1,0,0
O*NET,31.0,O*NET OnLine,o*net online,3,3,0,0
O*NET,31.0,O3spaces Workplace,o3spaces workplace,1,1,0,0
O*NET,31.0,Oak Mountain Software AnnuityValue,oak mountain software annuityvalue,1,1,0,0
O*NET,31.0,Oasys structural design and analysis software,oasys structural design and analysis software,2,2,0,0
O*NET,31.0,Oberon,oberon,3,3,0,0
O*NET,31.0,Object database management system ODBMS,object database management system odbms,2,2,0,0
O*NET,31.0,Object Management Group Object Request Broker,object management group object request broker,2,2,0,0
O*NET,31.0,Object oriented development environment software,object oriented development environment software,6,6,0,0
O*NET,31.0,Object oriented programming software,object oriented programming software,2,2,0,0
O*NET,31.0,Object-oriented programming languages,object-oriented programming languages,1,1,0,0
O*NET,31.0,Objectif Lune PlanetPress Suite,objectif lune planetpress suite,2,2,0,0
O*NET,31.0,Objectif Lune PrintShop Mail,objectif lune printshop mail,1,1,0,0
O*NET,31.0,Objective C,objective c,18,18,0,0
O*NET,31.0,Objective Caml,objective caml,3,3,0,0
O*NET,31.0,Objective Decision Contactizer Pro,objective decision contactizer pro,1,1,0,0
O*NET,31.0,Objective Electronic Document Management,objective electronic document management,1,1,0,0
O*NET,31.0,OCLC ILLiad,oclc illiad,1,1,0,0
O*NET,31.0,OCS Office-Partner,ocs office-partner,1,1,0,0
O*NET,31.0,Octagon StartingPoint,octagon startingpoint,1,1,0,0
O*NET,31.0,Octagon ViewPoint eCTD Complete,octagon viewpoint ectd complete,1,1,0,0
O*NET,31.0,OctTools,octtools,1,1,0,0
O*NET,31.0,ODEN Insurance Services State Rules & Regulations,oden insurance services state rules & regulations,1,1,0,0
O*NET,31.0,Office Gemini Diamond Vision,office gemini diamond vision,1,1,0,0
O*NET,31.0,Office Management Systems Mental Health Office All-in-One,office management systems mental health office all-in-one,1,1,0,0
O*NET,31.0,OfficeMate Software Solutions ExamWRITER,officemate software solutions examwriter,1,1,0,0
O*NET,31.0,OfficeMate Software Solutions OfficeMate,officemate software solutions officemate,2,2,0,0
O*NET,31.0,OfficeWork Software TurboProject,officework software turboproject,1,1,0,0
O*NET,31.0,Ohio Automation Integrated Computer Aided Mine Planning System ICAMPS,ohio automation integrated computer aided mine planning system icamps,1,1,0,0
O*NET,31.0,Ohio Willow Wood OMEGA Tracer System,ohio willow wood omega tracer system,2,2,0,0
O*NET,31.0,Oil mapping software,oil mapping software,1,1,0,0
O*NET,31.0,OLRAC Electronic Logbook Software Solution,olrac electronic logbook software solution,1,1,0,0
O*NET,31.0,Olympus Image Analysis,olympus image analysis,1,1,0,0
O*NET,31.0,OmegaT,omegat,1,1,0,0
O*NET,31.0,Omeka software,omeka software,1,1,0,0
O*NET,31.0,OMICRON Test Universe,omicron test universe,1,1,0,0
O*NET,31.0,Omni Group OmniGraffle,omni group omnigraffle,1,1,0,0
O*NET,31.0,OmniFleet Equipment Maintenance Management,omnifleet equipment maintenance management,1,1,0,0
O*NET,31.0,OmniMD PT./OT EHR,omnimd pt./ot ehr,1,1,0,0
O*NET,31.0,OmniMD Sports Medicine EHR,omnimd sports medicine ehr,1,1,0,0
O*NET,31.0,OmniRIM Records Management Suite,omnirim records management suite,3,3,0,0
O*NET,31.0,Omnitech OMNILAB,omnitech omnilab,2,2,0,0
O*NET,31.0,Omnitracs Performance Monitoring,omnitracs performance monitoring,1,1,0,0
O*NET,31.0,OMTI ReporterBase,omti reporterbase,1,1,0,0
O*NET,31.0,On Center On-Screen Takeoff,on center on-screen takeoff,2,2,0,1
O*NET,31.0,On Center Quick Bid,on center quick bid,6,6,0,0
O*NET,31.0,OnCare Advantage,oncare advantage,1,1,0,0
O*NET,31.0,One Mile Up Panel Planner,one mile up panel planner,1,1,0,0
O*NET,31.0,One pass compiler software,one pass compiler software,1,1,0,0
O*NET,31.0,ONE Software KidsONE,one software kidsone,1,1,0,0
O*NET,31.0,OneCNC CAD/CAM,onecnc cad/cam,1,1,0,0
O*NET,31.0,Online advertising reporting software,online advertising reporting software,2,2,0,0
O*NET,31.0,Online analytical processing OLAP software,online analytical processing olap software,1,1,0,0
O*NET,31.0,Online Computer Library Center (OCLC) databases,online computer library center (oclc) databases,3,3,0,0
O*NET,31.0,Online data collection systems,online data collection systems,1,1,0,0
O*NET,31.0,Online database search and retrieval software,online database search and retrieval software,2,2,0,0
O*NET,31.0,Online Database Solutions Agent Intelligence,online database solutions agent intelligence,1,1,0,0
O*NET,31.0,Online databases,online databases,8,8,0,0
O*NET,31.0,Online Dictionary for Library and Information Science ODLIS,online dictionary for library and information science odlis,1,1,0,0
O*NET,31.0,Online image and graphics database software,online image and graphics database software,1,1,0,0
O*NET,31.0,Online informational database software,online informational database software,1,1,0,0
O*NET,31.0,Online library databases,online library databases,1,1,0,0
O*NET,31.0,Online medical databases,online medical databases,2,2,0,0
O*NET,31.0,Online meeting software,online meeting software,1,1,0,0
O*NET,31.0,Online Mendelian Inheritance in Animals OMIA,online mendelian inheritance in animals omia,1,1,0,0
O*NET,31.0,Online public records search software,online public records search software,1,1,0,0
O*NET,31.0,Online reference databases,online reference databases,1,1,0,0
O*NET,31.0,Online registration software,online registration software,1,1,0,0
O*NET,31.0,Online River Software Personal Trainer Pro,online river software personal trainer pro,1,1,0,0
O*NET,31.0,Online service manual database software,online service manual database software,1,1,0,0
O*NET,31.0,Online title search and property report software,online title search and property report software,2,2,0,0
O*NET,31.0,Online trading software,online trading software,1,1,0,0
O*NET,31.0,Online traffic calculator software,online traffic calculator software,2,2,0,0
O*NET,31.0,OnPoint Digital OnPoint Learning & Performance Suite,onpoint digital onpoint learning & performance suite,2,2,0,0
O*NET,31.0,OnQue Technologies COBRA OnOne,onque technologies cobra onone,1,1,0,0
O*NET,31.0,Onset Computer Corporation HOBOware,onset computer corporation hoboware,1,1,0,0
O*NET,31.0,OnShape,onshape,1,1,0,0
O*NET,31.0,Ontario Systems FACS,ontario systems facs,1,1,0,0
O*NET,31.0,Open Dental,open dental,3,3,0,0
O*NET,31.0,Open Dynamics Collabtive,open dynamics collabtive,1,1,0,0
O*NET,31.0,Open e-LMS,open e-lms,1,1,0,0
O*NET,31.0,Open Graphics Library OpenGL,open graphics library opengl,3,3,0,0
O*NET,31.0,Open Mind hyperMILL,open mind hypermill,1,1,0,0
O*NET,31.0,Open Mind Software hyperMILL,open mind software hypermill,1,1,0,0
O*NET,31.0,OPEN MIND Technologies hyperMILL,open mind technologies hypermill,1,1,0,0
O*NET,31.0,Open Shortest Path First OSPF,open shortest path first ospf,1,1,0,0
O*NET,31.0,Open Song Composer,open song composer,1,1,0,0
O*NET,31.0,Open Source Matters Joomla!,open source matters joomla!,1,1,0,0
O*NET,31.0,Open source routing protocols OSPF,open source routing protocols ospf,1,1,0,0
O*NET,31.0,Open Systems TRAVERSE,open systems traverse,1,1,0,0
O*NET,31.0,"Open Text Fax Server, RightFax Edition","open text fax server, rightfax edition",1,1,0,0
O*NET,31.0,Open Text Web Solutions,open text web solutions,1,1,0,0
O*NET,31.0,OpenAI ChatGPT,openai chatgpt,6,6,0,0
O*NET,31.0,OpenClinica,openclinica,2,2,0,0
O*NET,31.0,OpenDocMan,opendocman,1,1,0,0
O*NET,31.0,OpenDroneMap,opendronemap,3,3,0,0
O*NET,31.0,OpendTect,opendtect,1,1,0,0
O*NET,31.0,OpenEpi,openepi,1,1,0,0
O*NET,31.0,OpenGL,opengl,1,1,0,0
O*NET,31.0,OpenMake Software Meister,openmake software meister,1,1,0,0
O*NET,31.0,OpenMake Software Mojo,openmake software mojo,1,1,0,0
O*NET,31.0,OpenOffice WRITER,openoffice writer,1,1,0,0
O*NET,31.0,OpenOffice.org,openoffice.org,3,3,0,0
O*NET,31.0,OpenRoads Designer,openroads designer,3,3,0,1
O*NET,31.0,OpenService Open NerveCenter,openservice open nervecenter,1,1,0,0
O*NET,31.0,OpenStack,openstack,1,1,0,0
O*NET,31.0,OpenTable,opentable,1,1,0,0
O*NET,31.0,OpenText eDOCS DM,opentext edocs dm,1,1,0,0
O*NET,31.0,OpenText Livelink ECM,opentext livelink ecm,1,1,0,0
O*NET,31.0,OpenVAS,openvas,1,1,0,0
O*NET,31.0,Operating log software,operating log software,1,1,0,0
O*NET,31.0,Operating system monitoring software,operating system monitoring software,1,1,0,0
O*NET,31.0,Operating system process control software,operating system process control software,1,1,0,0
O*NET,31.0,Operating system shells,operating system shells,2,2,0,0
O*NET,31.0,Operational Data Store ODS software,operational data store ods software,7,7,0,1
O*NET,31.0,Operational databases,operational databases,12,12,0,0
O*NET,31.0,Operations scheduling software,operations scheduling software,1,1,0,0
O*NET,31.0,Operitel LearnFlex,operitel learnflex,2,2,0,0
O*NET,31.0,Ophthalmic imaging software,ophthalmic imaging software,1,1,0,0
O*NET,31.0,OPIE Practice Management Suite,opie practice management suite,1,1,0,0
O*NET,31.0,OPNET APMXpert,opnet apmxpert,1,1,0,0
O*NET,31.0,OPNET SP Sentinel,opnet sp sentinel,1,1,0,0
O*NET,31.0,Opportunity management system OMS,opportunity management system oms,1,1,0,0
O*NET,31.0,OptaSoft Commercial Building Inspector,optasoft commercial building inspector,1,1,0,0
O*NET,31.0,Optical analysis software,optical analysis software,1,1,0,0
O*NET,31.0,Optical character reader OCR software,optical character reader ocr software,1,1,0,0
O*NET,31.0,Optical character recognition OCR software,optical character recognition ocr software,5,5,0,0
O*NET,31.0,Optical Gaging Products Measure-X,optical gaging products measure-x,1,1,0,0
O*NET,31.0,Optical imaging systems,optical imaging systems,1,1,0,0
O*NET,31.0,Optical Physics Technologies SUN_CHART,optical physics technologies sun_chart,1,1,0,0
O*NET,31.0,Optical Research Associates LightTools,optical research associates lighttools,2,2,0,0
O*NET,31.0,Optical scanning software,optical scanning software,1,1,0,0
O*NET,31.0,Opticks,opticks,1,1,0,0
O*NET,31.0,Optima IAS,optima ias,1,1,0,0
O*NET,31.0,Optimization software,optimization software,5,5,0,0
O*NET,31.0,Optimum Logistics LoadPlanner,optimum logistics loadplanner,1,1,0,0
O*NET,31.0,OptionVue Options Analysis,optionvue options analysis,2,2,0,0
O*NET,31.0,Optitex 3D Suite,optitex 3d suite,1,1,0,0
O*NET,31.0,Optiwave OptiBPM,optiwave optibpm,1,1,0,0
O*NET,31.0,Optiwave OptiFDTD,optiwave optifdtd,1,1,0,0
O*NET,31.0,Optiwave OptiSPICE,optiwave optispice,1,1,0,0
O*NET,31.0,Oracle Advanced Procurement,oracle advanced procurement,2,2,0,0
O*NET,31.0,Oracle Agile Product Lifecycle Management PLM,oracle agile product lifecycle management plm,2,2,0,0
O*NET,31.0,Oracle Application Express APEX,oracle application express apex,2,2,0,0
O*NET,31.0,Oracle Application Server,oracle application server,5,5,0,0
O*NET,31.0,Oracle Beehive,oracle beehive,1,1,0,0
O*NET,31.0,Oracle Business Intelligence Discoverer,oracle business intelligence discoverer,5,5,0,0
O*NET,31.0,Oracle Business Intelligence Enterprise Edition,oracle business intelligence enterprise edition,45,45,0,0
O*NET,31.0,Oracle Business Intelligence Publisher,oracle business intelligence publisher,1,1,0,0
O*NET,31.0,Oracle Business Intelligence Suite,oracle business intelligence suite,3,3,0,0
O*NET,31.0,Oracle Clinical,oracle clinical,2,2,0,0
O*NET,31.0,Oracle Cloud software,oracle cloud software,4,4,4,0
O*NET,31.0,Oracle Darwin,oracle darwin,1,1,0,0
O*NET,31.0,Oracle Data Guard,oracle data guard,2,2,0,0
O*NET,31.0,Oracle Data Integrator,oracle data integrator,1,1,0,0
O*NET,31.0,Oracle Database,oracle database,87,87,87,1
O*NET,31.0,Oracle Designer,oracle designer,2,2,0,0
O*NET,31.0,Oracle E-Business Suite,oracle e-business suite,4,4,0,0
O*NET,31.0,Oracle E-Business Suite Financials,oracle e-business suite financials,45,45,0,0
O*NET,31.0,Oracle E-Business Suite Human Resources Management System,oracle e-business suite human resources management system,1,1,0,0
O*NET,31.0,Oracle E-Business Suite Logistics,oracle e-business suite logistics,2,2,0,0
O*NET,31.0,Oracle e-Business Suite Supply Chain Management,oracle e-business suite supply chain management,1,1,0,0
O*NET,31.0,Oracle Eloqua,oracle eloqua,29,29,0,0
O*NET,31.0,Oracle Enterprise Asset Management eAM,oracle enterprise asset management eam,1,1,0,0
O*NET,31.0,"Oracle Enterprise Governance, Risk, and Compliance Manager","oracle enterprise governance, risk, and compliance manager",1,1,0,0
O*NET,31.0,Oracle Enterprise Manager,oracle enterprise manager,2,2,0,0
O*NET,31.0,Oracle Enterprise Manager Cloud Control,oracle enterprise manager cloud control,2,2,0,0
O*NET,31.0,Oracle Essbase,oracle essbase,2,2,0,0
O*NET,31.0,Oracle Flow Manufacturing,oracle flow manufacturing,1,1,0,0
O*NET,31.0,Oracle Fusion Applications,oracle fusion applications,38,38,0,0
O*NET,31.0,Oracle Fusion Middleware,oracle fusion middleware,16,16,0,0
O*NET,31.0,Oracle Golden Gate,oracle golden gate,2,2,0,0
O*NET,31.0,Oracle HRIS,oracle hris,9,9,0,7
O*NET,31.0,Oracle Hyperion,oracle hyperion,51,51,0,0
O*NET,31.0,Oracle Hyperion Financial Management,oracle hyperion financial management,1,1,0,0
O*NET,31.0,Oracle Hyperion Planning,oracle hyperion planning,2,2,0,0
O*NET,31.0,Oracle Insurance Compliance Tracker,oracle insurance compliance tracker,1,1,0,0
O*NET,31.0,Oracle Inventory,oracle inventory,1,1,0,0
O*NET,31.0,Oracle iPlanet Web Server,oracle iplanet web server,1,1,0,0
O*NET,31.0,Oracle Java,oracle java,99,99,99,17
O*NET,31.0,Oracle Java 2 Platform Enterprise Edition J2EE,oracle java 2 platform enterprise edition j2ee,9,9,9,0
O*NET,31.0,Oracle Java Enterprise Edition EE,oracle java enterprise edition ee,1,1,0,0
O*NET,31.0,Oracle Java Message Service JMS,oracle java message service jms,2,2,0,0
O*NET,31.0,Oracle JavaServer Pages JSP,oracle javaserver pages jsp,26,26,0,0
O*NET,31.0,Oracle JD Edwards EnterpriseOne,oracle jd edwards enterpriseone,69,69,0,0
O*NET,31.0,Oracle JD Edwards EnterpriseOne Project Management,oracle jd edwards enterpriseone project management,1,1,0,0
O*NET,31.0,Oracle JDBC,oracle jdbc,18,18,0,0
O*NET,31.0,Oracle Jdeveloper,oracle jdeveloper,1,1,0,0
O*NET,31.0,Oracle Learning Management,oracle learning management,1,1,0,0
O*NET,31.0,Oracle Manufacturing Scheduling,oracle manufacturing scheduling,2,2,0,0
O*NET,31.0,Oracle Master Data Management MDM Suite,oracle master data management mdm suite,1,1,0,0
O*NET,31.0,Oracle Migration Workbench,oracle migration workbench,1,1,0,0
O*NET,31.0,Oracle Net Manager,oracle net manager,2,2,0,0
O*NET,31.0,Oracle NetSuite,oracle netsuite,2,2,0,0
O*NET,31.0,Oracle PeopleSoft,oracle peoplesoft,79,79,79,0
O*NET,31.0,Oracle PeopleSoft Enterprise,oracle peoplesoft enterprise,1,1,0,0
O*NET,31.0,Oracle PeopleSoft Enterprise Employee Self-Service,oracle peoplesoft enterprise employee self-service,1,1,0,0
O*NET,31.0,Oracle PeopleSoft Enterprise Financial Management Solutions,oracle peoplesoft enterprise financial management solutions,1,1,0,0
O*NET,31.0,Oracle PeopleSoft Enterprise Human Resources,oracle peoplesoft enterprise human resources,1,1,0,0
O*NET,31.0,Oracle PeopleSoft Enterprise Supply Planning Multi-Site Material Planner,oracle peoplesoft enterprise supply planning multi-site material planner,1,1,0,0
O*NET,31.0,Oracle PeopleSoft Financials,oracle peoplesoft financials,41,41,0,0
O*NET,31.0,Oracle PeopleSoft Human Capital Management,oracle peoplesoft human capital management,1,1,0,0
O*NET,31.0,Oracle PeopleSoft Payroll for North America,oracle peoplesoft payroll for north america,1,1,0,0
O*NET,31.0,Oracle Performance Management Suites,oracle performance management suites,1,1,0,0
O*NET,31.0,Oracle PL/SQL,oracle pl/sql,24,24,24,1
O*NET,31.0,Oracle Primavera Enterprise Project Portfolio Management,oracle primavera enterprise project portfolio management,57,57,57,0
O*NET,31.0,Oracle Primavera P6 Enterprise Portfolio Project Management,oracle primavera p6 enterprise portfolio project management,2,2,0,0
O*NET,31.0,Oracle Primavera P6 Professional Project Management,oracle primavera p6 professional project management,1,1,0,0
O*NET,31.0,Oracle Primavera Systems,oracle primavera systems,13,13,0,0
O*NET,31.0,Oracle Real Application Cluster RAC,oracle real application cluster rac,2,2,0,0
O*NET,31.0,Oracle Recovery Manager,oracle recovery manager,1,1,0,0
O*NET,31.0,Oracle Remote Data Capture,oracle remote data capture,1,1,0,0
O*NET,31.0,Oracle Reports,oracle reports,5,5,0,0
O*NET,31.0,Oracle Retek,oracle retek,1,1,0,0
O*NET,31.0,Oracle Self-Service Human Resources,oracle self-service human resources,1,1,0,0
O*NET,31.0,Oracle Siebel CRM,oracle siebel crm,2,2,0,0
O*NET,31.0,Oracle Siebel Marketing Resource Management,oracle siebel marketing resource management,1,1,0,0
O*NET,31.0,Oracle Siebel Server Sync,oracle siebel server sync,5,5,0,0
O*NET,31.0,Oracle software,oracle software,1,1,0,0
O*NET,31.0,Oracle Solaris,oracle solaris,28,28,0,0
O*NET,31.0,Oracle SQL Developer,oracle sql developer,6,6,6,0
O*NET,31.0,Oracle SQL Loader,oracle sql loader,4,4,0,0
O*NET,31.0,Oracle SQL Plus,oracle sql plus,2,2,0,0
O*NET,31.0,Oracle Taleo,oracle taleo,29,29,0,0
O*NET,31.0,Oracle Unified Directory,oracle unified directory,1,1,0,0
O*NET,31.0,Oracle Universal Content Management,oracle universal content management,1,1,0,0
O*NET,31.0,Oracle Warehouse Builder,oracle warehouse builder,1,1,0,0
O*NET,31.0,Oracle WebLogic Server,oracle weblogic server,25,25,0,0
O*NET,31.0,OrangeHRM,orangehrm,1,1,0,0
O*NET,31.0,Orbitz Worldwide Orbitz for Agents,orbitz worldwide orbitz for agents,1,1,0,0
O*NET,31.0,Orbius,orbius,1,1,0,0
O*NET,31.0,OrCAD Capture,orcad capture,5,5,0,0
O*NET,31.0,Orchard Software Orchard Harvest LIS,orchard software orchard harvest lis,3,3,0,0
O*NET,31.0,Orchard Software Orchard Pathology,orchard software orchard pathology,1,1,0,0
O*NET,31.0,Order management software,order management software,4,4,0,1
O*NET,31.0,Ordering and purchasing software,ordering and purchasing software,1,1,0,0
O*NET,31.0,Ordering software,ordering software,1,1,0,0
O*NET,31.0,Organic synthesis planning software,organic synthesis planning software,1,1,0,0
O*NET,31.0,Orgmation iCare,orgmation icare,1,1,0,0
O*NET,31.0,OriginLab Origin,originlab origin,4,4,0,0
O*NET,31.0,Orion Law Management Systems Orion,orion law management systems orion,3,3,0,1
O*NET,31.0,Orpheus Technology Pro Writing Aid,orpheus technology pro writing aid,1,1,0,0
O*NET,31.0,Ortho Computer Systems ViewPoint,ortho computer systems viewpoint,1,1,0,0
O*NET,31.0,OrthoChart,orthochart,1,1,0,0
O*NET,31.0,Orthoease,orthoease,1,1,0,0
O*NET,31.0,Orthotic fabrication software,orthotic fabrication software,1,1,0,0
O*NET,31.0,OSI monarch/SGP,osi monarch/sgp,1,1,0,0
O*NET,31.0,OSI TrustWise,osi trustwise,1,1,0,0
O*NET,31.0,Otometrics OTOsuite,otometrics otosuite,1,1,0,0
O*NET,31.0,OTP ArmaCAD,otp armacad,1,1,0,0
O*NET,31.0,Outage management system OMS,outage management system oms,2,2,0,1
O*NET,31.0,Outboard engine diagnostic software,outboard engine diagnostic software,1,1,0,0
O*NET,31.0,OutlookSoft,outlooksoft,1,1,0,0
O*NET,31.0,Overland Conveyor Belt Analyst,overland conveyor belt analyst,1,1,0,0
O*NET,31.0,Oversight Insights On Demand,oversight insights on demand,1,1,0,0
O*NET,31.0,Ovid SilverPlatter WebSPIRS,ovid silverplatter webspirs,1,1,0,0
O*NET,31.0,Ovo Studios Ovo Logger,ovo studios ovo logger,1,1,0,0
O*NET,31.0,OWL Bookkeeping for Realtors,owl bookkeeping for realtors,1,1,0,0
O*NET,31.0,Oxford Reference Online,oxford reference online,1,1,0,0
O*NET,31.0,P-Sea WindPlot,p-sea windplot,1,1,0,0
O*NET,31.0,P-STAT,p-stat,1,1,0,0
O*NET,31.0,Pacific Solutions FloorRight,pacific solutions floorright,3,3,0,0
O*NET,31.0,Package location and tracking software,package location and tracking software,1,1,0,0
O*NET,31.0,Package tracking software,package tracking software,1,1,0,0
O*NET,31.0,Packet analysis software,packet analysis software,1,1,0,0
O*NET,31.0,Packet analyzers,packet analyzers,1,1,0,0
O*NET,31.0,Packet filter software,packet filter software,3,3,0,0
O*NET,31.0,Packet tracing software,packet tracing software,2,2,0,0
O*NET,31.0,Padlet,padlet,17,17,0,0
O*NET,31.0,Page markers,page markers,1,1,0,0
O*NET,31.0,Paint mixing and matching software,paint mixing and matching software,1,1,0,0
O*NET,31.0,Paintbrush,paintbrush,1,1,0,0
O*NET,31.0,Paisley AutoAudit,paisley autoaudit,2,2,0,0
O*NET,31.0,Paisley Cardmap,paisley cardmap,2,2,0,0
O*NET,31.0,Paisley Focus Control Assurance,paisley focus control assurance,2,2,0,0
O*NET,31.0,Paisley IssueTrack,paisley issuetrack,2,2,0,0
O*NET,31.0,Paisley RiskNavigator,paisley risknavigator,2,2,0,0
O*NET,31.0,Palantir Intelligence,palantir intelligence,1,1,0,0
O*NET,31.0,Palbridge Ubidesk,palbridge ubidesk,1,1,0,0
O*NET,31.0,PaleoMag,paleomag,1,1,0,0
O*NET,31.0,Paleontological Statistics PAST,paleontological statistics past,1,1,0,0
O*NET,31.0,PaleoTax,paleotax,1,1,0,0
O*NET,31.0,Palisade @Risk,palisade @risk,3,3,0,0
O*NET,31.0,Palisade Bond @nalyst,palisade bond @nalyst,2,2,0,0
O*NET,31.0,Palisade Evolver,palisade evolver,2,2,0,0
O*NET,31.0,Palisade StatTools,palisade stattools,3,3,0,0
O*NET,31.0,Palm Pal Transana,palm pal transana,1,1,0,0
O*NET,31.0,Palmtree EMS Field Reference Guide,palmtree ems field reference guide,2,2,0,0
O*NET,31.0,Palmtree Pocket EKG,palmtree pocket ekg,2,2,0,0
O*NET,31.0,Palo Alto Networks Next-Generation Security Platform,palo alto networks next-generation security platform,1,1,0,0
O*NET,31.0,PaloAlto Advertising Plan Pro,paloalto advertising plan pro,2,2,0,0
O*NET,31.0,Pan American Health Organization SIGEpi,pan american health organization sigepi,1,1,0,0
O*NET,31.0,PANalytical X'Pert Data Collector,panalytical x'pert data collector,1,1,0,0
O*NET,31.0,PANalytical X'Pert Epitaxy,panalytical x'pert epitaxy,1,1,0,0
O*NET,31.0,pandas,pandas,2,2,0,2
O*NET,31.0,Panopto,panopto,1,1,0,0
O*NET,31.0,Panorama NovaView,panorama novaview,1,1,0,0
O*NET,31.0,Panorama Technologies ModelWeaver,panorama technologies modelweaver,1,1,0,0
O*NET,31.0,Panoweaver Panorama,panoweaver panorama,1,1,0,0
O*NET,31.0,PANTONE ColorVision ProfilerPlus,pantone colorvision profilerplus,1,1,0,0
O*NET,31.0,PAR Technology SpaSoft,par technology spasoft,1,1,0,0
O*NET,31.0,ParAccel Analytic Database,paraccel analytic database,1,1,0,0
O*NET,31.0,Paradigm SKUA-GOCAD,paradigm skua-gocad,1,1,0,0
O*NET,31.0,Paragon Financial Services Paragon Financial System,paragon financial services paragon financial system,1,1,0,0
O*NET,31.0,Parallel Geoscience SPW,parallel geoscience spw,1,1,0,0
O*NET,31.0,Parallel systems software,parallel systems software,1,1,0,0
O*NET,31.0,Parameter Estimation PEST,parameter estimation pest,2,2,0,0
O*NET,31.0,Parasoft SOAtest,parasoft soatest,1,1,0,0
O*NET,31.0,Parature eRealtime,parature erealtime,1,1,0,0
O*NET,31.0,Parature eTicket,parature eticket,1,1,0,0
O*NET,31.0,Parbat,parbat,1,1,0,0
O*NET,31.0,ParentSquare,parentsquare,13,13,0,0
O*NET,31.0,PARI/GP,pari/gp,1,1,0,0
O*NET,31.0,Parking access revenue control system,parking access revenue control system,1,1,0,0
O*NET,31.0,ParTech PixelPoint POS,partech pixelpoint pos,1,1,0,0
O*NET,31.0,Partek Incorporated Partek Genomics Suite,partek incorporated partek genomics suite,1,1,0,0
O*NET,31.0,PARTHENON,parthenon,1,1,0,0
O*NET,31.0,Partial class generator software,partial class generator software,1,1,0,0
O*NET,31.0,PartMaker SwissCAM,partmaker swisscam,1,1,0,0
O*NET,31.0,Parts classification databases,parts classification databases,1,1,0,0
O*NET,31.0,Parts database software,parts database software,1,1,0,0
O*NET,31.0,Pascal,pascal,5,5,0,0
O*NET,31.0,Pason WellView Field Solution,pason wellview field solution,1,1,0,0
O*NET,31.0,Password cracker software,password cracker software,1,1,0,0
O*NET,31.0,Password management software,password management software,3,3,0,0
O*NET,31.0,Past Inspection Query PIQ,past inspection query piq,1,1,0,0
O*NET,31.0,PastPerfect Software PastPerfect,pastperfect software pastperfect,2,2,0,0
O*NET,31.0,Patch and update management software,patch and update management software,5,5,0,0
O*NET,31.0,Patch management software,patch management software,3,3,0,0
O*NET,31.0,PathLogix,pathlogix,1,1,0,0
O*NET,31.0,Pathlore LMS,pathlore lms,2,2,0,0
O*NET,31.0,Pathogen Modeling Program PMP,pathogen modeling program pmp,1,1,0,0
O*NET,31.0,PathogenTracker,pathogentracker,1,1,0,0
O*NET,31.0,PathView Systems Progeny,pathview systems progeny,1,1,0,0
O*NET,31.0,Patient billing software,patient billing software,1,1,0,0
O*NET,31.0,Patient charting software,patient charting software,1,1,0,0
O*NET,31.0,Patient documentation software,patient documentation software,1,1,0,0
O*NET,31.0,Patient electronic medical record EMR software,patient electronic medical record emr software,13,13,0,0
O*NET,31.0,Patient Health Questionaire,patient health questionaire,1,1,0,0
O*NET,31.0,Patient management software,patient management software,12,12,0,1
O*NET,31.0,Patient medical record software,patient medical record software,1,1,0,0
O*NET,31.0,Patient monitoring systems,patient monitoring systems,1,1,0,0
O*NET,31.0,Patient record maintenance software,patient record maintenance software,2,2,0,0
O*NET,31.0,Patient records software for personal digital assistants PDAs,patient records software for personal digital assistants pdas,1,1,0,0
O*NET,31.0,Patient satisfaction assessment software,patient satisfaction assessment software,1,1,0,0
O*NET,31.0,Patient scheduling software,patient scheduling software,2,2,0,0
O*NET,31.0,Patient tracking software,patient tracking software,4,4,0,0
O*NET,31.0,Pattern design software,pattern design software,1,1,0,0
O*NET,31.0,Pattern recognition software,pattern recognition software,3,3,0,0
O*NET,31.0,Pattern searching software,pattern searching software,1,1,0,0
O*NET,31.0,PatternMaker,patternmaker,1,1,0,0
O*NET,31.0,Patternmaking software,patternmaking software,1,1,0,0
O*NET,31.0,Patterson Dental Supply Patterson EagleSoft,patterson dental supply patterson eaglesoft,5,5,0,0
O*NET,31.0,Paychex payroll software,paychex payroll software,2,2,0,0
O*NET,31.0,Paycor payroll management,paycor payroll management,1,1,0,0
O*NET,31.0,PayData Advanced HR,paydata advanced hr,1,1,0,0
O*NET,31.0,Paylocity Web Pay,paylocity web pay,1,1,0,0
O*NET,31.0,Payment processing software,payment processing software,1,1,0,0
O*NET,31.0,PayPal,paypal,1,1,0,0
O*NET,31.0,PayPal Zettle,paypal zettle,1,1,0,0
O*NET,31.0,Payroll software,payroll software,17,17,0,1
O*NET,31.0,PC Dispatch,pc dispatch,2,2,0,0
O*NET,31.0,PC Weather Products HURRTRAK,pc weather products hurrtrak,1,1,0,0
O*NET,31.0,PC-Mapper software,pc-mapper software,1,1,0,0
O*NET,31.0,PC-Progress HYDRUS,pc-progress hydrus,1,1,0,0
O*NET,31.0,PCC EHR,pcc ehr,6,6,0,0
O*NET,31.0,PCC Pediatric Partner,pcc pediatric partner,5,5,0,0
O*NET,31.0,PCG Software Virtual Examiner,pcg software virtual examiner,1,1,0,0
O*NET,31.0,PCI Express PCIe,pci express pcie,2,2,0,1
O*NET,31.0,PCI Geomatics eCognition,pci geomatics ecognition,1,1,0,0
O*NET,31.0,PCI Geomatics Geomatica,pci geomatics geomatica,1,1,0,0
O*NET,31.0,PCI Geomatics software,pci geomatics software,1,1,0,0
O*NET,31.0,PCS Revenue Control Systems FASTRAK School Meal Software,pcs revenue control systems fastrak school meal software,1,1,0,0
O*NET,31.0,Pd' Programming Intersection Magic,pd' programming intersection magic,1,1,0,0
O*NET,31.0,PDF readers,pdf readers,2,2,0,0
O*NET,31.0,PDF Snake Easy Bates,pdf snake easy bates,1,1,0,0
O*NET,31.0,PDS Vista,pds vista,2,2,0,0
O*NET,31.0,PE INTERNATIONAL GaBi,pe international gabi,1,1,0,0
O*NET,31.0,PE INTERNATIONAL SoFi,pe international sofi,1,1,0,0
O*NET,31.0,Pear Deck,pear deck,6,6,0,0
O*NET,31.0,Pear Technology Fieldman Farmer,pear technology fieldman farmer,1,1,0,0
O*NET,31.0,Pearson Education PHStat2,pearson education phstat2,1,1,0,0
O*NET,31.0,Pearson PowerSchool,pearson powerschool,1,1,0,0
O*NET,31.0,PEB XLDent,peb xldent,1,1,0,0
O*NET,31.0,Pedal Powered Software Bicycle Repair Man,pedal powered software bicycle repair man,1,1,0,0
O*NET,31.0,PedHunter,pedhunter,1,1,0,0
O*NET,31.0,PediDraw,pedidraw,1,1,0,0
O*NET,31.0,Pedigree drawing and management software,pedigree drawing and management software,1,1,0,0
O*NET,31.0,PedonCE,pedonce,1,1,0,0
O*NET,31.0,PEDYN P2000,pedyn p2000,1,1,0,0
O*NET,31.0,Peer-to-Peer Financial Analysis,peer-to-peer financial analysis,2,2,0,0
O*NET,31.0,Pegasus software,pegasus software,1,1,0,0
O*NET,31.0,Pegasystems SmartBPM,pegasystems smartbpm,1,1,0,0
O*NET,31.0,Pelion manufacturing process optimization MPO software,pelion manufacturing process optimization mpo software,1,1,0,0
O*NET,31.0,Pemimic Patient Relations Suite,pemimic patient relations suite,1,1,0,0
O*NET,31.0,Peminic Patient Safety & Quality Suite,peminic patient safety & quality suite,1,1,0,0
O*NET,31.0,Penchant Software dispatchOffice,penchant software dispatchoffice,2,2,0,0
O*NET,31.0,Penetration testing software,penetration testing software,2,2,0,0
O*NET,31.0,Peninsula Software Quicktrack Pro,peninsula software quicktrack pro,1,1,0,0
O*NET,31.0,Penta software,penta software,1,1,0,0
O*NET,31.0,Pentagon 2000SQL,pentagon 2000sql,1,1,0,0
O*NET,31.0,Pentaho Kettle,pentaho kettle,3,3,0,0
O*NET,31.0,Pentana audit work system PAWS,pentana audit work system paws,2,2,0,0
O*NET,31.0,Penultimate,penultimate,1,1,0,0
O*NET,31.0,Penzar TopSPICE,penzar topspice,1,1,0,0
O*NET,31.0,People-Trak HR Essentials,people-trak hr essentials,1,1,0,0
O*NET,31.0,People-Trak software,people-trak software,1,1,0,0
O*NET,31.0,people@work,people@work,1,1,0,0
O*NET,31.0,Peopleclick AAPlanner,peopleclick aaplanner,1,1,0,0
O*NET,31.0,Peopleclick CAAMS,peopleclick caams,1,1,0,0
O*NET,31.0,Peopleclick Monitor,peopleclick monitor,1,1,0,0
O*NET,31.0,Peopleclick PayStat,peopleclick paystat,1,1,0,0
O*NET,31.0,peoplefluent Performance,peoplefluent performance,1,1,0,0
O*NET,31.0,peoplefluent Recruiting,peoplefluent recruiting,1,1,0,0
O*NET,31.0,PeopleNet,peoplenet,1,1,0,0
O*NET,31.0,PEPID EMS,pepid ems,2,2,0,0
O*NET,31.0,PEPID RN Critical Care RNCC,pepid rn critical care rncc,1,1,0,0
O*NET,31.0,Per-Se Technologies ORSOS One-Call,per-se technologies orsos one-call,1,1,0,0
O*NET,31.0,Perceptive Software ImageNow,perceptive software imagenow,1,1,0,0
O*NET,31.0,Perceptive Software Intelligent Capture,perceptive software intelligent capture,1,1,0,0
O*NET,31.0,PercipEnz Technologies OnCore-Clinical Research Management OnCore-CRM,percipenz technologies oncore-clinical research management oncore-crm,2,2,0,0
O*NET,31.0,Pereless Systems software,pereless systems software,1,1,0,0
O*NET,31.0,PerfectByte Ortho,perfectbyte ortho,1,1,0,0
O*NET,31.0,PerfectLaw All-in-One Suite,perfectlaw all-in-one suite,1,1,0,0
O*NET,31.0,PerfectSoftware PerfectHR,perfectsoftware perfecthr,1,1,0,0
O*NET,31.0,Perforce Helix software,perforce helix software,28,28,0,0
O*NET,31.0,Perforce software,perforce software,4,4,0,1
O*NET,31.0,Perforce Software Configuration Management System,perforce software configuration management system,1,1,0,0
O*NET,31.0,Performance database software,performance database software,1,1,0,0
O*NET,31.0,Performance Solutions Technology ManagePro,performance solutions technology managepro,1,1,0,0
O*NET,31.0,Performance Systems Development TREAT,performance systems development treat,2,2,0,0
O*NET,31.0,Performance Technology Associates DocuTools,performance technology associates docutools,1,1,0,0
O*NET,31.0,Perio charting software,perio charting software,1,1,0,0
O*NET,31.0,PerkinElmer ChemOffice Chem3D,perkinelmer chemoffice chem3d,1,1,0,0
O*NET,31.0,PerkinElmer ChemOffice ChemDraw,perkinelmer chemoffice chemdraw,1,1,0,0
O*NET,31.0,PerkinElmer ChemOffice Suite,perkinelmer chemoffice suite,1,1,0,0
O*NET,31.0,PerkinElmer Turbochrom,perkinelmer turbochrom,1,1,0,0
O*NET,31.0,PerkinElmer TurboMass,perkinelmer turbomass,1,1,0,0
O*NET,31.0,Perl,perl,66,66,66,2
O*NET,31.0,Perl shell,perl shell,1,1,0,0
O*NET,31.0,Permit administration software,permit administration software,1,1,0,0
O*NET,31.0,Perseus SurveySolutions,perseus surveysolutions,2,2,0,0
O*NET,31.0,Personable Workflow DMS,personable workflow dms,1,1,0,0
O*NET,31.0,Personal computer diagnostic software,personal computer diagnostic software,3,3,0,0
O*NET,31.0,Personalized Software Childcare Manager,personalized software childcare manager,1,1,0,0
O*NET,31.0,Personnel management software,personnel management software,2,2,0,0
O*NET,31.0,Personnel scheduling software,personnel scheduling software,5,5,0,0
O*NET,31.0,Petroleum Software Technologies,petroleum software technologies,1,1,0,0
O*NET,31.0,petroWEB Global Seismic Library,petroweb global seismic library,1,1,0,0
O*NET,31.0,Petschedule,petschedule,1,1,0,0
O*NET,31.0,Petz Enterprises V-Tax,petz enterprises v-tax,1,1,0,0
O*NET,31.0,PhantomJS,phantomjs,2,2,0,0
O*NET,31.0,Pharmaceutical software,pharmaceutical software,1,1,0,0
O*NET,31.0,Pharmacy management software,pharmacy management software,1,1,0,0
O*NET,31.0,Phase Forward Clintrial,phase forward clintrial,1,1,0,0
O*NET,31.0,Phase Forward InForm GTM,phase forward inform gtm,1,1,0,0
O*NET,31.0,Phase One Capture One,phase one capture one,1,1,0,0
O*NET,31.0,Philosopher's Information Center The Philosopher's Index,philosopher's information center the philosopher's index,1,1,0,0
O*NET,31.0,Phoenix Integration ModelCenter,phoenix integration modelcenter,1,1,0,0
O*NET,31.0,PhoenixPRO Forest Activity Tracking,phoenixpro forest activity tracking,1,1,0,0
O*NET,31.0,PhoneGap,phonegap,1,1,0,0
O*NET,31.0,Photo editing software,photo editing software,1,1,0,0
O*NET,31.0,Photo enhancement software,photo enhancement software,1,1,0,0
O*NET,31.0,Photogrammetric software,photogrammetric software,3,3,0,0
O*NET,31.0,PhotoModeler,photomodeler,1,1,0,0
O*NET,31.0,Photon Design CrystalWave,photon design crystalwave,1,1,0,0
O*NET,31.0,Photon Design FIMMPROP,photon design fimmprop,1,1,0,0
O*NET,31.0,Photon Design FIMMWAVE,photon design fimmwave,1,1,0,0
O*NET,31.0,Photon Design OmniSim,photon design omnisim,1,1,0,0
O*NET,31.0,Photon Design PICWave,photon design picwave,1,1,0,0
O*NET,31.0,PHP,php,47,47,47,2
O*NET,31.0,Phrap,phrap,2,2,0,0
O*NET,31.0,Phred,phred,2,2,0,0
O*NET,31.0,PHYLIP,phylip,4,4,0,0
O*NET,31.0,Physical access management software,physical access management software,2,2,0,0
O*NET,31.0,Physical design software,physical design software,1,1,0,0
O*NET,31.0,Physical education educational software,physical education educational software,1,1,0,0
O*NET,31.0,PhysioTools Tools RG,physiotools tools rg,1,1,0,0
O*NET,31.0,Pi Blue OptWorks Excel,pi blue optworks excel,2,2,0,0
O*NET,31.0,PianoFX STUDIO,pianofx studio,1,1,0,0
O*NET,31.0,PianoRollComposer,pianorollcomposer,1,1,0,0
O*NET,31.0,Piazza,piazza,1,1,0,0
O*NET,31.0,PIBWin,pibwin,1,1,0,0
O*NET,31.0,Piccolo Software PiccoloTaxi,piccolo software piccolotaxi,2,2,0,0
O*NET,31.0,Picis CareSuite,picis caresuite,2,2,0,0
O*NET,31.0,PICS DietMate Professional,pics dietmate professional,1,1,0,0
O*NET,31.0,PIE Technologies MoneyGuidePro,pie technologies moneyguidepro,1,1,0,0
O*NET,31.0,PigCHAMP Care 3000,pigchamp care 3000,1,1,0,0
O*NET,31.0,Pile Dynamics Case Pile Wave Analysis Program CAPWAP,pile dynamics case pile wave analysis program capwap,1,1,0,0
O*NET,31.0,Pile Dynamics Pile Driving Analyzer PDA,pile dynamics pile driving analyzer pda,1,1,0,0
O*NET,31.0,Pilgrim Quality Solutions SmartSolve,pilgrim quality solutions smartsolve,1,1,0,0
O*NET,31.0,Pilgrim Regulatory Submission,pilgrim regulatory submission,1,1,0,0
O*NET,31.0,Pilot Navigator Software Load Balance,pilot navigator software load balance,2,2,0,0
O*NET,31.0,Pimlico Software DateBk,pimlico software datebk,1,1,0,0
O*NET,31.0,Piney Creek Digital Protocol System,piney creek digital protocol system,1,1,0,0
O*NET,31.0,Ping Identity,ping identity,4,4,0,0
O*NET,31.0,Ping tools,ping tools,1,1,0,0
O*NET,31.0,Pinterest,pinterest,5,5,0,0
O*NET,31.0,Pipepro Pipefitting,pipepro pipefitting,1,1,0,0
O*NET,31.0,Piping and instrumentation design PID software,piping and instrumentation design pid software,2,2,0,0
O*NET,31.0,Piping construction costs estimation software,piping construction costs estimation software,1,1,0,0
O*NET,31.0,PipingOffice,pipingoffice,1,1,0,0
O*NET,31.0,PISCES IIB,pisces iib,1,1,0,0
O*NET,31.0,Pitney Bowes ShipStream Manager,pitney bowes shipstream manager,1,1,0,0
O*NET,31.0,Pivotal Z Prestige Scheduler,pivotal z prestige scheduler,1,1,0,0
O*NET,31.0,Pix4D Pix4Dcapture,pix4d pix4dcapture,3,3,0,0
O*NET,31.0,Pix4D Pix4Dmapper,pix4d pix4dmapper,3,3,0,0
O*NET,31.0,Pix4D software,pix4d software,1,1,0,0
O*NET,31.0,Pixar RenderMan Studio,pixar renderman studio,2,2,0,0
O*NET,31.0,Pixarra TwistedBrush,pixarra twistedbrush,1,1,0,0
O*NET,31.0,Pixelmator,pixelmator,1,1,0,0
O*NET,31.0,Pixologic Zbrush,pixologic zbrush,3,3,0,0
O*NET,31.0,Place-and-route software,place-and-route software,1,1,0,0
O*NET,31.0,Planbox,planbox,1,1,0,0
O*NET,31.0,Planet DDS Denticon,planet dds denticon,1,1,0,0
O*NET,31.0,PlanGraphics Citywide GIS Utility,plangraphics citywide gis utility,1,1,0,0
O*NET,31.0,Planisware,planisware,1,1,0,0
O*NET,31.0,Planit Alphacam,planit alphacam,1,1,0,0
O*NET,31.0,Planmeca Oy Dimaxis,planmeca oy dimaxis,1,1,0,0
O*NET,31.0,PlanPlus Pro,planplus pro,1,1,0,0
O*NET,31.0,PlanScan Portfolio Pathfinder,planscan portfolio pathfinder,1,1,0,0
O*NET,31.0,Planstone,planstone,1,1,0,0
O*NET,31.0,PlanSwift,planswift,1,1,0,0
O*NET,31.0,Plant Clearance Automated Reutilization Screening System PCARSS,plant clearance automated reutilization screening system pcarss,1,1,0,0
O*NET,31.0,Plant design management system PDMS,plant design management system pdms,1,1,0,0
O*NET,31.0,Plant information data entry software,plant information data entry software,1,1,0,0
O*NET,31.0,Plant maintenance software,plant maintenance software,1,1,0,0
O*NET,31.0,Plant management software,plant management software,1,1,0,0
O*NET,31.0,Planview Clarizen,planview clarizen,1,1,0,0
O*NET,31.0,Planview Process Builder,planview process builder,1,1,0,0
O*NET,31.0,Plate reader software,plate reader software,1,1,0,0
O*NET,31.0,Plateau Learning Management System LMS,plateau learning management system lms,2,2,0,0
O*NET,31.0,Platform as a service PaaS,platform as a service paas,5,5,0,0
O*NET,31.0,Platte River Associates BasinMod,platte river associates basinmod,1,1,0,0
O*NET,31.0,PLC Automation Intellution iFIX,plc automation intellution ifix,1,1,0,0
O*NET,31.0,Pleier Audit Management System,pleier audit management system,1,1,0,0
O*NET,31.0,Plex Systems Plex Manufacturing Cloud,plex systems plex manufacturing cloud,1,1,0,0
O*NET,31.0,Plexis Software Plexis POS,plexis software plexis pos,7,7,0,0
O*NET,31.0,Plimus Loan Artist,plimus loan artist,1,1,0,0
O*NET,31.0,PLOS Computational Biology,plos computational biology,1,1,0,0
O*NET,31.0,Ploticus,ploticus,1,1,0,0
O*NET,31.0,plotutils,plotutils,1,1,0,0
O*NET,31.0,PLplot,plplot,1,1,0,0
O*NET,31.0,Plug-in file software,plug-in file software,1,1,0,0
O*NET,31.0,Plume modeling software,plume modeling software,2,2,0,0
O*NET,31.0,pm ase QuickBuild,pm ase quickbuild,1,1,0,0
O*NET,31.0,PM/2 Clinical Planner,pm/2 clinical planner,1,1,0,0
O*NET,31.0,pMatlab,pmatlab,1,1,0,0
O*NET,31.0,PMC KanbanSIM,pmc kanbansim,2,2,0,0
O*NET,31.0,Podcasting software,podcasting software,1,1,0,0
O*NET,31.0,Point of sale POS bookstore software,point of sale pos bookstore software,2,2,0,0
O*NET,31.0,Point of sale POS parts and services software,point of sale pos parts and services software,2,2,0,0
O*NET,31.0,Point of sale POS payment software,point of sale pos payment software,1,1,0,0
O*NET,31.0,Point of sale POS restaurant software,point of sale pos restaurant software,1,1,0,0
O*NET,31.0,Point-of-View QWriter,point-of-view qwriter,1,1,0,0
O*NET,31.0,PointClickCare healthcare software,pointclickcare healthcare software,5,5,0,0
O*NET,31.0,Polaris Health Directions Polaris-MH,polaris health directions polaris-mh,1,1,0,0
O*NET,31.0,Polaris Microsystems AeroLog Pro,polaris microsystems aerolog pro,2,2,0,0
O*NET,31.0,Polaris Microsystems CharterLog,polaris microsystems charterlog,2,2,0,0
O*NET,31.0,Polaris parallelizing compilers,polaris parallelizing compilers,1,1,0,0
O*NET,31.0,poLCA,polca,1,1,0,0
O*NET,31.0,Polhemus FastSCAN,polhemus fastscan,1,1,0,0
O*NET,31.0,Polhemus Fasttrack System,polhemus fasttrack system,1,1,0,0
O*NET,31.0,Policy issuance system software,policy issuance system software,1,1,0,0
O*NET,31.0,policyIQ,policyiq,1,1,0,0
O*NET,31.0,Poll Everywhere,poll everywhere,7,7,0,0
O*NET,31.0,PolyBayes,polybayes,1,1,0,0
O*NET,31.0,Polycom RealPresence,polycom realpresence,1,1,0,0
O*NET,31.0,PolyMap,polymap,1,1,0,0
O*NET,31.0,Polymath Software POLYMATH,polymath software polymath,2,2,0,0
O*NET,31.0,PolySystems Asset Delphi,polysystems asset delphi,2,2,0,0
O*NET,31.0,Popkin System Architect,popkin system architect,1,1,0,0
O*NET,31.0,Port scanners,port scanners,1,1,0,0
O*NET,31.0,Portable document file creation software,portable document file creation software,1,1,0,0
O*NET,31.0,Portalgraphics openCanvas,portalgraphics opencanvas,1,1,0,0
O*NET,31.0,Portfolio analysis software,portfolio analysis software,1,1,0,0
O*NET,31.0,Portfolio management software,portfolio management software,3,3,0,0
O*NET,31.0,Portswigger BurP Suite,portswigger burp suite,3,3,0,1
O*NET,31.0,Positive pay software,positive pay software,1,1,0,0
O*NET,31.0,POSitive Software POSitive for Windows,positive software positive for windows,1,1,0,0
O*NET,31.0,Positive train control PTC systems,positive train control ptc systems,2,2,0,0
O*NET,31.0,Post Once,post once,1,1,0,0
O*NET,31.0,Post-processor software,post-processor software,1,1,0,0
O*NET,31.0,Postal boundary mapping software,postal boundary mapping software,2,2,0,0
O*NET,31.0,Postal Explorer,postal explorer,1,1,0,0
O*NET,31.0,Postal tracking software,postal tracking software,1,1,0,0
O*NET,31.0,PostgreSQL,postgresql,31,31,31,4
O*NET,31.0,Posting software,posting software,1,1,0,0
O*NET,31.0,PostingPal,postingpal,1,1,0,0
O*NET,31.0,Postman,postman,1,1,0,1
O*NET,31.0,Potrace,potrace,1,1,0,0
O*NET,31.0,Power analysis software,power analysis software,1,1,0,0
O*NET,31.0,Power and Precision,power and precision,1,1,0,0
O*NET,31.0,Power Diary,power diary,1,1,0,0
O*NET,31.0,Power Real Estate Letters,power real estate letters,1,1,0,0
O*NET,31.0,Power Structure,power structure,1,1,0,0
O*NET,31.0,Power system modeling software,power system modeling software,1,1,0,0
O*NET,31.0,Power Tab Editor,power tab editor,1,1,0,0
O*NET,31.0,PowerCAD,powercad,1,1,0,0
O*NET,31.0,PowerMed,powermed,2,2,0,0
O*NET,31.0,PowerPlace Professional,powerplace professional,1,1,0,0
O*NET,31.0,PowerSchool Group PowerSchool SIS,powerschool group powerschool sis,1,1,0,0
O*NET,31.0,PowerSchool SIS,powerschool sis,1,1,0,0
O*NET,31.0,Powersim PSIM,powersim psim,1,1,0,0
O*NET,31.0,PowerSoft PowerBuilder,powersoft powerbuilder,1,1,0,0
O*NET,31.0,PowerWorld Corporation PowerWorld Simulator,powerworld corporation powerworld simulator,1,1,0,0
O*NET,31.0,PowerWorld software,powerworld software,1,1,0,0
O*NET,31.0,PPD eLoader,ppd eloader,2,2,0,0
O*NET,31.0,PPD Patient Profiles,ppd patient profiles,1,1,0,0
O*NET,31.0,PPT4Drs Quixote,ppt4drs quixote,1,1,0,0
O*NET,31.0,PQ Systems CHARTrunner Lean,pq systems chartrunner lean,1,1,0,0
O*NET,31.0,PQ Systems GAGEpack,pq systems gagepack,1,1,0,0
O*NET,31.0,PQ Systems MEASUREspy,pq systems measurespy,1,1,0,0
O*NET,31.0,PQ Systems SQCpack,pq systems sqcpack,1,1,0,0
O*NET,31.0,Practice management software PMS,practice management software pms,16,16,0,0
O*NET,31.0,Practice Management Technologies Visual Private Office,practice management technologies visual private office,1,1,0,0
O*NET,31.0,Practice Partner Patient Records,practice partner patient records,2,2,0,0
O*NET,31.0,Practice Partner Total Practice Partner,practice partner total practice partner,4,4,0,0
O*NET,31.0,Practice Technology Prevail,practice technology prevail,2,2,0,0
O*NET,31.0,Practice-Web Dental,practice-web dental,1,1,0,0
O*NET,31.0,PracticePRO Software Systems QuickPractice,practicepro software systems quickpractice,2,2,0,0
O*NET,31.0,PracticeSuite Complete Suite,practicesuite complete suite,1,1,0,0
O*NET,31.0,PracticeWorks Systems Kodak WINOMS CS,practiceworks systems kodak winoms cs,3,3,0,0
O*NET,31.0,PraxiPower PraxiSchool,praxipower praxischool,1,1,0,0
O*NET,31.0,PRe Consultants SimaPro,pre consultants simapro,2,2,0,0
O*NET,31.0,Preactor APS,preactor aps,1,1,0,0
O*NET,31.0,Preactor Finite Capacity Scheduling,preactor finite capacity scheduling,1,1,0,0
O*NET,31.0,Precision analytical aerotriangulation pugging software,precision analytical aerotriangulation pugging software,1,1,0,0
O*NET,31.0,Precision Data Solutions VoicePower,precision data solutions voicepower,1,1,0,0
O*NET,31.0,Precision TRA/X,precision tra/x,1,1,0,0
O*NET,31.0,Predator DNC,predator dnc,1,1,0,0
O*NET,31.0,Predictive toxicology software,predictive toxicology software,1,1,0,0
O*NET,31.0,PredictProtein,predictprotein,1,1,0,0
O*NET,31.0,PREMIER Biosoft Array Designer,premier biosoft array designer,1,1,0,0
O*NET,31.0,Premier Software Simtrak Mobility,premier software simtrak mobility,1,1,0,0
O*NET,31.0,PREMIS,premis,1,1,0,0
O*NET,31.0,Presagia Sports,presagia sports,1,1,0,0
O*NET,31.0,Presagis Stage,presagis stage,1,1,0,0
O*NET,31.0,Prescription processing software,prescription processing software,2,2,0,0
O*NET,31.0,Presentation graphics software,presentation graphics software,1,1,0,0
O*NET,31.0,Preventive maintenance software,preventive maintenance software,1,1,0,0
O*NET,31.0,Prezi,prezi,2,2,0,0
O*NET,31.0,PRICE Sytems TruePlanning,price sytems trueplanning,1,1,0,0
O*NET,31.0,PricePoint,pricepoint,1,1,0,0
O*NET,31.0,PricewaterhouseCoopers TeamMate,pricewaterhousecoopers teammate,2,2,0,0
O*NET,31.0,Pricing software,pricing software,3,3,0,0
O*NET,31.0,Prima Systems OPTIX,prima systems optix,1,1,0,0
O*NET,31.0,PrimaSoft PC Realtor Organizer Deluxe,primasoft pc realtor organizer deluxe,1,1,0,0
O*NET,31.0,PrimaSoft PC Small Library Organizer Pro,primasoft pc small library organizer pro,1,1,0,0
O*NET,31.0,Primatech AUDITWorks,primatech auditworks,1,1,0,0
O*NET,31.0,Primavera Cost Management,primavera cost management,1,1,0,0
O*NET,31.0,Prime Clinical,prime clinical,1,1,0,0
O*NET,31.0,Prime Debt Soft Debt Settlement,prime debt soft debt settlement,1,1,0,0
O*NET,31.0,Prime Debt Software Credit Repair,prime debt software credit repair,1,1,0,0
O*NET,31.0,Primer3,primer3,3,3,0,0
O*NET,31.0,PRINCE,prince,1,1,0,0
O*NET,31.0,Printed circuit board design software,printed circuit board design software,1,1,0,0
O*NET,31.0,Printers Software Inc. Presidio,printers software inc. presidio,1,1,0,0
O*NET,31.0,Printing management system software,printing management system software,1,1,0,0
O*NET,31.0,Private Practice,private practice,1,1,0,0
O*NET,31.0,Pro Systems Client Write-Up System for Windows,pro systems client write-up system for windows,1,1,0,0
O*NET,31.0,Pro Writing Aid,pro writing aid,1,1,0,0
O*NET,31.0,PRO-ductivity Systems Compliance Training Manager Web,pro-ductivity systems compliance training manager web,2,2,0,0
O*NET,31.0,Probabilistic risk assessment PRA software,probabilistic risk assessment pra software,1,1,0,0
O*NET,31.0,ProCAT Denoto,procat denoto,1,1,0,0
O*NET,31.0,ProCAT Winner,procat winner,1,1,0,0
O*NET,31.0,Procedure scheduling software,procedure scheduling software,1,1,0,0
O*NET,31.0,Process control software,process control software,1,1,0,0
O*NET,31.0,Process Heating Assessment and Survey Tool PHAST,process heating assessment and survey tool phast,1,1,0,0
O*NET,31.0,Process reengineering software,process reengineering software,1,1,0,0
O*NET,31.0,Process safety management software,process safety management software,1,1,0,0
O*NET,31.0,Process simulation software,process simulation software,1,1,0,0
O*NET,31.0,ProcessPro Premier,processpro premier,1,1,0,0
O*NET,31.0,Procore software,procore software,6,6,6,1
O*NET,31.0,Prode PD-Plus,prode pd-plus,1,1,0,0
O*NET,31.0,ProDoc,prodoc,1,1,0,0
O*NET,31.0,ProducePak Mobile Farm Management,producepak mobile farm management,1,1,0,0
O*NET,31.0,Product development management software,product development management software,1,1,0,0
O*NET,31.0,Product lifecycle management PLM software,product lifecycle management plm software,1,1,0,0
O*NET,31.0,Product producer databases,product producer databases,1,1,0,0
O*NET,31.0,Product safety documentation software,product safety documentation software,1,1,0,0
O*NET,31.0,Production control software,production control software,2,2,0,0
O*NET,31.0,Production Flow Analysis and Simplification Toolkit PFAST,production flow analysis and simplification toolkit pfast,1,1,0,0
O*NET,31.0,Production flow analysis software,production flow analysis software,1,1,0,0
O*NET,31.0,Production planning software,production planning software,1,1,0,0
O*NET,31.0,Production scheduling and planning software,production scheduling and planning software,2,2,0,0
O*NET,31.0,Production scheduling software,production scheduling software,1,1,0,0
O*NET,31.0,Production tracking system software,production tracking system software,1,1,0,0
O*NET,31.0,Productivity software,productivity software,3,3,0,1
O*NET,31.0,ProEst Software ProEst Estimating,proest software proest estimating,1,1,0,0
O*NET,31.0,Professional Solutions ProCare,professional solutions procare,1,1,0,0
O*NET,31.0,Profilers,profilers,1,1,0,0
O*NET,31.0,Profit Developers Electronic File Interchange,profit developers electronic file interchange,1,1,0,0
O*NET,31.0,Profitool GearWatch,profitool gearwatch,1,1,0,0
O*NET,31.0,Profitool software (human resources feature),profitool software (human resources feature),1,1,0,0
O*NET,31.0,Profitool software (time accounting feature),profitool software (time accounting feature),1,1,0,0
O*NET,31.0,ProForce Highlight Flyer Master,proforce highlight flyer master,1,1,0,0
O*NET,31.0,ProForce Paralegal Pro-Pack,proforce paralegal pro-pack,1,1,0,0
O*NET,31.0,ProForce Ultimate Brochures,proforce ultimate brochures,1,1,0,0
O*NET,31.0,Progeny Software Progeny Clinical,progeny software progeny clinical,1,1,0,0
O*NET,31.0,Prognosis Innovation Healthcare ChartAccess,prognosis innovation healthcare chartaccess,6,6,0,0
O*NET,31.0,Prognosis Solutions ResolvPRM,prognosis solutions resolvprm,1,1,0,0
O*NET,31.0,Program checksumming software,program checksumming software,1,1,0,0
O*NET,31.0,Program for Energy Analysis of Residences PEAR,program for energy analysis of residences pear,2,2,0,0
O*NET,31.0,Program logging software,program logging software,1,1,0,0
O*NET,31.0,Programmable logic controller PLC code generation software,programmable logic controller plc code generation software,1,1,0,0
O*NET,31.0,Programmable logic controller PLC software,programmable logic controller plc software,21,21,0,0
O*NET,31.0,Programming language one PL/I,programming language one pl/i,3,3,0,0
O*NET,31.0,Programming languages,programming languages,1,1,0,0
O*NET,31.0,Progress OpenEdge ABL,progress openedge abl,2,2,0,0
O*NET,31.0,Progress OpenEdge Application Server,progress openedge application server,1,1,0,0
O*NET,31.0,Progress OpenEdge Fathom Replication software,progress openedge fathom replication software,1,1,0,0
O*NET,31.0,Progress Sonic ESB,progress sonic esb,2,2,0,0
O*NET,31.0,Progress WebSpeed Workshop,progress webspeed workshop,2,2,0,0
O*NET,31.0,Project analysis and costing software,project analysis and costing software,1,1,0,0
O*NET,31.0,Project data integration software,project data integration software,1,1,0,0
O*NET,31.0,Project estimation software,project estimation software,2,2,0,0
O*NET,31.0,Project Manager Online ProjectManager.com,project manager online projectmanager.com,1,1,0,0
O*NET,31.0,Project planning software,project planning software,2,2,0,0
O*NET,31.0,Project portfolio management PPM software,project portfolio management ppm software,1,1,0,0
O*NET,31.0,Project scheduling software,project scheduling software,2,2,0,0
O*NET,31.0,Project visualization software,project visualization software,1,1,0,0
O*NET,31.0,Project-Open,project-open,1,1,0,0
O*NET,31.0,Project.net,project.net,1,1,0,0
O*NET,31.0,ProjectLibre,projectlibre,1,1,0,0
O*NET,31.0,ProjectSend,projectsend,1,1,0,0
O*NET,31.0,Projecturf,projecturf,1,1,0,0
O*NET,31.0,Prolog,prolog,10,10,0,0
O*NET,31.0,Prometheus,prometheus,4,4,4,1
O*NET,31.0,Promine,promine,1,1,0,0
O*NET,31.0,Promium Element DataSystem LIMS,promium element datasystem lims,1,1,0,0
O*NET,31.0,ProModel,promodel,4,4,0,0
O*NET,31.0,PRONTO Xi,pronto xi,2,2,0,0
O*NET,31.0,Proof of delivery POD software,proof of delivery pod software,1,1,0,0
O*NET,31.0,ProPay payment processing software,propay payment processing software,1,1,0,0
O*NET,31.0,Propeller Multimedia React2,propeller multimedia react2,2,2,0,0
O*NET,31.0,Propellerhead Software Reason,propellerhead software reason,1,1,0,0
O*NET,31.0,Property Boulevard,property boulevard,2,2,0,0
O*NET,31.0,"Property damage, bodily injury, and liability estimation software","property damage, bodily injury, and liability estimation software",1,1,0,0
O*NET,31.0,Property Insight TitlePoint,property insight titlepoint,1,1,0,0
O*NET,31.0,Property management system PMS software,property management system pms software,4,4,0,2
O*NET,31.0,Property records databases,property records databases,1,1,0,0
O*NET,31.0,Property scheduling software,property scheduling software,1,1,0,0
O*NET,31.0,Property Solutions International ResidentPortal,property solutions international residentportal,1,1,0,0
O*NET,31.0,PropertyBoss Solutions PropertyBoss,propertyboss solutions propertyboss,1,1,0,0
O*NET,31.0,PropertyInfo SureClose,propertyinfo sureclose,1,1,0,0
O*NET,31.0,PropertyView Solutions Remanage,propertyview solutions remanage,1,1,0,0
O*NET,31.0,Propertyware,propertyware,3,3,0,0
O*NET,31.0,PROPHIX Enterprise,prophix enterprise,2,2,0,0
O*NET,31.0,Proportional integral derivative control PID software,proportional integral derivative control pid software,1,1,0,0
O*NET,31.0,ProQuest ABI/INFORM Global,proquest abi/inform global,1,1,0,0
O*NET,31.0,ProQuest Archive Finder,proquest archive finder,1,1,0,0
O*NET,31.0,ProQuest ERIC,proquest eric,1,1,0,0
O*NET,31.0,ProQuest Library and Information Science Abstracts LISA,proquest library and information science abstracts lisa,1,1,0,0
O*NET,31.0,ProQuest Public Affairs Information Service (PAIS) database,proquest public affairs information service (pais) database,1,1,0,0
O*NET,31.0,ProQuest RefWorks,proquest refworks,1,1,0,0
O*NET,31.0,ProQuest RefWorks RefShare,proquest refworks refshare,1,1,0,0
O*NET,31.0,ProQuest Worldwide Political Science Abstracts,proquest worldwide political science abstracts,1,1,0,0
O*NET,31.0,Proscan,proscan,1,1,0,0
O*NET,31.0,ProSolutions Software Transcend,prosolutions software transcend,1,1,0,0
O*NET,31.0,Prosys Open Platform Communications unified architecture software,prosys open platform communications unified architecture software,1,1,0,0
O*NET,31.0,Protein databases,protein databases,1,1,0,0
O*NET,31.0,Protein Explorer,protein explorer,2,2,0,0
O*NET,31.0,Proteus Engineering FastShip,proteus engineering fastship,1,1,0,0
O*NET,31.0,Protiviti Governance Portal,protiviti governance portal,1,1,0,0
O*NET,31.0,ProTracker Advantage,protracker advantage,1,1,0,0
O*NET,31.0,ProtScale,protscale,1,1,0,0
O*NET,31.0,Provalis Research Simstat,provalis research simstat,2,2,0,0
O*NET,31.0,Proxima Controller,proxima controller,1,1,0,0
O*NET,31.0,PSTek,pstek,1,1,0,0
O*NET,31.0,PsychAssistant,psychassistant,1,1,0,0
O*NET,31.0,Psyche Systems LabWeb,psyche systems labweb,2,2,0,0
O*NET,31.0,Psyche Systems Systematic Blood Bank,psyche systems systematic blood bank,1,1,0,0
O*NET,31.0,Psyche Systems WindoPath,psyche systems windopath,1,1,0,0
O*NET,31.0,Psychiatric assessment software,psychiatric assessment software,1,1,0,0
O*NET,31.0,Psychiatric information databases,psychiatric information databases,1,1,0,0
O*NET,31.0,PsychNotesEMR,psychnotesemr,1,1,0,0
O*NET,31.0,Psychological testing software,psychological testing software,2,2,0,0
O*NET,31.0,Psychology Software Tools E-Prime,psychology software tools e-prime,1,1,0,0
O*NET,31.0,Psychology Software Tools MRI Simulator,psychology software tools mri simulator,1,1,0,0
O*NET,31.0,Psychometric testing software,psychometric testing software,1,1,0,0
O*NET,31.0,Psychophysics Toolbox,psychophysics toolbox,1,1,0,0
O*NET,31.0,Psychrometric chart software,psychrometric chart software,1,1,0,0
O*NET,31.0,PsychSim,psychsim,1,1,0,0
O*NET,31.0,Psychsoft !Observe,psychsoft !observe,1,1,0,0
O*NET,31.0,Psyquel,psyquel,1,1,0,0
O*NET,31.0,PsyScope,psyscope,1,1,0,0
O*NET,31.0,PsyScript,psyscript,1,1,0,0
O*NET,31.0,PsyTech Solutions Epitomax,psytech solutions epitomax,1,1,0,0
O*NET,31.0,PT Software Solutions PT Rental Assistant,pt software solutions pt rental assistant,1,1,0,0
O*NET,31.0,PTC Arbortext,ptc arbortext,2,2,0,0
O*NET,31.0,PTC Creo Elements/Pro,ptc creo elements/pro,1,1,0,0
O*NET,31.0,PTC Creo Parametric,ptc creo parametric,43,43,0,3
O*NET,31.0,PTC Mathcad,ptc mathcad,1,1,0,0
O*NET,31.0,PTC Pro/Cable,ptc pro/cable,2,2,0,0
O*NET,31.0,PTC Pro/ENGINEER Mechanica,ptc pro/engineer mechanica,1,1,0,0
O*NET,31.0,PTC Pro/ENGINEER Wildfire,ptc pro/engineer wildfire,2,2,0,0
O*NET,31.0,PTC Pro/INTRALINK,ptc pro/intralink,2,2,0,0
O*NET,31.0,PTC Pro/Pipe,ptc pro/pipe,3,3,0,0
O*NET,31.0,PTC Windchill,ptc windchill,1,1,0,0
O*NET,31.0,PTS Solutions WinJuris Court Solutions,pts solutions winjuris court solutions,1,1,0,0
O*NET,31.0,PTV Vissim,ptv vissim,1,1,0,1
O*NET,31.0,PTV VISUM,ptv visum,1,1,0,0
O*NET,31.0,Public Access to Court Electronic Records (PACER),public access to court electronic records (pacer),1,1,0,0
O*NET,31.0,Public access to electronic court records PACER,public access to electronic court records pacer,1,1,0,0
O*NET,31.0,Public genomic databases,public genomic databases,1,1,0,0
O*NET,31.0,PUFF,puff,1,1,0,0
O*NET,31.0,Pulsar software,pulsar software,1,1,0,0
O*NET,31.0,Pulse Software ChiroPulse 365,pulse software chiropulse 365,1,1,0,0
O*NET,31.0,Pulse Train Bellview CAPTI,pulse train bellview capti,1,1,0,0
O*NET,31.0,Pulse Train Bellview Scan,pulse train bellview scan,1,1,0,0
O*NET,31.0,Pulse Train Bellview TCI,pulse train bellview tci,1,1,0,0
O*NET,31.0,Pulse Train Bellview Web,pulse train bellview web,1,1,0,0
O*NET,31.0,Pulse Train Pulser Web,pulse train pulser web,1,1,0,0
O*NET,31.0,Pulse Train Visual QSL,pulse train visual qsl,1,1,0,0
O*NET,31.0,Puppet,puppet,28,28,28,0
O*NET,31.0,Purchasing software,purchasing software,6,6,0,3
O*NET,31.0,PurchasingNet eProcurement,purchasingnet eprocurement,1,1,0,0
O*NET,31.0,Pure Data PD,pure data pd,1,1,0,0
O*NET,31.0,Purkinje Dossier,purkinje dossier,2,2,0,0
O*NET,31.0,PuTTY,putty,2,2,0,0
O*NET,31.0,PV Optics,pv optics,1,1,0,0
O*NET,31.0,PVsyst,pvsyst,2,2,0,1
O*NET,31.0,PWscf,pwscf,1,1,0,0
O*NET,31.0,PySpark,pyspark,2,2,0,1
O*NET,31.0,Python,python,132,132,132,66
O*NET,31.0,Python Experimental Economics Toolkit PEET,python experimental economics toolkit peet,1,1,0,0
O*NET,31.0,Python Tools for Visual Studio (PTVS),python tools for visual studio (ptvs),1,1,0,0
O*NET,31.0,PyTorch,pytorch,4,4,4,2
O*NET,31.0,Pyxis MedStation software,pyxis medstation software,5,5,0,0
O*NET,31.0,Q-Chem,q-chem,1,1,0,0
O*NET,31.0,QA Software QMS Materials Management,qa software qms materials management,1,1,0,0
O*NET,31.0,QAD Adaptive ERP,qad adaptive erp,2,2,0,0
O*NET,31.0,QAD Marketing Automation,qad marketing automation,1,1,0,0
O*NET,31.0,QAD shielding computer code,qad shielding computer code,1,1,0,0
O*NET,31.0,Qarbon ViewletBuilder Professional,qarbon viewletbuilder professional,1,1,0,0
O*NET,31.0,Qaulis Research The Ethonograph,qaulis research the ethonograph,1,1,0,0
O*NET,31.0,Qchart,qchart,1,1,0,0
O*NET,31.0,QGIS,qgis,3,3,0,2
O*NET,31.0,Qlik software,qlik software,1,1,0,0
O*NET,31.0,Qlik Tech QlikView,qlik tech qlikview,49,49,0,0
O*NET,31.0,QMC CM4D,qmc cm4d,1,1,0,0
O*NET,31.0,QMSoftware Receivables Management,qmsoftware receivables management,2,2,0,0
O*NET,31.0,QNX,qnx,2,2,0,0
O*NET,31.0,Qpalm Acupuncture,qpalm acupuncture,1,1,0,0
O*NET,31.0,QPSMR Limited CATI,qpsmr limited cati,1,1,0,0
O*NET,31.0,QPSMR Limited Input,qpsmr limited input,1,1,0,0
O*NET,31.0,QPSMR Limited Insight,qpsmr limited insight,1,1,0,0
O*NET,31.0,QPSMR Limited Reflect,qpsmr limited reflect,1,1,0,0
O*NET,31.0,QPuncture II,qpuncture ii,1,1,0,0
O*NET,31.0,Qqest TimeForce,qqest timeforce,1,1,0,0
O*NET,31.0,QSM SLIM Suite,qsm slim suite,3,3,0,0
O*NET,31.0,QSR International NVivo,qsr international nvivo,2,2,0,0
O*NET,31.0,Quad Software Grome,quad software grome,1,1,0,0
O*NET,31.0,Quadkey HR Server,quadkey hr server,1,1,0,0
O*NET,31.0,Quadralay WebWorks ePublisher,quadralay webworks epublisher,1,1,0,0
O*NET,31.0,QuadraMed Affinity Healthcare Information System,quadramed affinity healthcare information system,1,1,0,0
O*NET,31.0,Quadstone Paramics,quadstone paramics,1,1,0,0
O*NET,31.0,QUALCOMM Eudora,qualcomm eudora,1,1,0,0
O*NET,31.0,QUALCOMM eXtensible Diagnostic Monitor QxDM,qualcomm extensible diagnostic monitor qxdm,1,1,0,0
O*NET,31.0,QUALCOMM QTRACS,qualcomm qtracs,1,1,0,0
O*NET,31.0,QUALCOMM ViaWeb,qualcomm viaweb,1,1,0,0
O*NET,31.0,QualCorp FormsPlus,qualcorp formsplus,1,1,0,0
O*NET,31.0,Qualitative analysis software,qualitative analysis software,1,1,0,0
O*NET,31.0,Qualitech Solutions Dynamic Scheduling,qualitech solutions dynamic scheduling,1,1,0,0
O*NET,31.0,Qualitica RentBoss,qualitica rentboss,1,1,0,0
O*NET,31.0,Quality control software,quality control software,3,3,0,0
O*NET,31.0,Quality Plans & Software HVAC Calculator,quality plans & software hvac calculator,1,1,0,0
O*NET,31.0,Quality Positioning Services Fledermaus,quality positioning services fledermaus,1,1,0,0
O*NET,31.0,Quality Software Systems LabHealth,quality software systems labhealth,2,2,0,0
O*NET,31.0,Quality Systems Incorporated Safety Tagging System,quality systems incorporated safety tagging system,1,1,0,0
O*NET,31.0,Quality Systems International WinLIMS,quality systems international winlims,1,1,0,0
O*NET,31.0,Qualtrics Insight,qualtrics insight,3,3,0,1
O*NET,31.0,Qualtrics Research Suite,qualtrics research suite,2,2,0,0
O*NET,31.0,Qualys Cloud Platform,qualys cloud platform,2,2,0,1
O*NET,31.0,Quantifying marketability discount QMD modeling software,quantifying marketability discount qmd modeling software,2,2,0,0
O*NET,31.0,Quantitative analysis software,quantitative analysis software,1,1,0,0
O*NET,31.0,Quantitative Micro Software EViews,quantitative micro software eviews,3,3,0,0
O*NET,31.0,Quantrax Intelec,quantrax intelec,1,1,0,0
O*NET,31.0,Quantum Software Solutions Quantum Project Manager,quantum software solutions quantum project manager,1,1,0,0
O*NET,31.0,QuantumWise Atomistix ToolKit,quantumwise atomistix toolkit,1,1,0,0
O*NET,31.0,Quark enterprise publishing software,quark enterprise publishing software,6,6,0,0
O*NET,31.0,Quark Immedia,quark immedia,1,1,0,0
O*NET,31.0,QuarkXPress,quarkxpress,21,21,0,0
O*NET,31.0,Quest BigBrother,quest bigbrother,2,2,0,0
O*NET,31.0,Quest Central,quest central,2,2,0,0
O*NET,31.0,Quest Erwin Data Modeler,quest erwin data modeler,24,24,0,0
O*NET,31.0,Quest Foglight,quest foglight,1,1,0,0
O*NET,31.0,Quest SharePlex,quest shareplex,2,2,0,0
O*NET,31.0,Quest SQL Optimizer for Oracle,quest sql optimizer for oracle,1,1,0,0
O*NET,31.0,QuestaWeb TradeMaster QW,questaweb trademaster qw,1,1,0,0
O*NET,31.0,Questek Humanis,questek humanis,2,2,0,0
O*NET,31.0,Question interchange profile QUIP software,question interchange profile quip software,1,1,0,0
O*NET,31.0,QuestionMark,questionmark,1,1,0,0
O*NET,31.0,Questionmark Perception,questionmark perception,1,1,0,0
O*NET,31.0,QuestionPro,questionpro,1,1,0,0
O*NET,31.0,Questor Systems ARGUS,questor systems argus,2,2,0,0
O*NET,31.0,Questor Systems QScan32,questor systems qscan32,1,1,0,0
O*NET,31.0,QuestSuite Professional,questsuite professional,1,1,0,0
O*NET,31.0,Quick Notes PDQ Podiatry,quick notes pdq podiatry,1,1,0,0
O*NET,31.0,Quick Notes QNotes Office EMR,quick notes qnotes office emr,1,1,0,0
O*NET,31.0,Quick Plant Energy Profiler,quick plant energy profiler,1,1,0,0
O*NET,31.0,QuickBase business management software,quickbase business management software,4,4,0,0
O*NET,31.0,QuickCogo,quickcogo,2,2,0,0
O*NET,31.0,Quicken,quicken,13,13,0,0
O*NET,31.0,QuickPen DuctDesigner 3D,quickpen ductdesigner 3d,1,1,0,0
O*NET,31.0,QuickQuote QuickFile Agency Management System,quickquote quickfile agency management system,1,1,0,0
O*NET,31.0,QuikDraw Loan Management System,quikdraw loan management system,1,1,0,0
O*NET,31.0,Quizlet,quizlet,8,8,0,0
O*NET,31.0,QUMAS quality management solution software,qumas quality management solution software,2,2,0,0
O*NET,31.0,Quorum PGAS,quorum pgas,1,1,0,0
O*NET,31.0,Quote Software QuoteExpress,quote software quoteexpress,1,1,0,0
O*NET,31.0,QuoteWerks,quotewerks,1,1,0,0
O*NET,31.0,QwikQuote software,qwikquote software,1,1,0,0
O*NET,31.0,R,r,102,102,102,28
O*NET,31.0,Rabbit Semiconductor Dynamic C,rabbit semiconductor dynamic c,1,1,0,0
O*NET,31.0,RabbitMQ,rabbitmq,2,2,0,0
O*NET,31.0,Rad Pro Calculator,rad pro calculator,1,1,0,0
O*NET,31.0,RADAN Radbend,radan radbend,1,1,0,0
O*NET,31.0,Radar software,radar software,1,1,0,0
O*NET,31.0,Radiant Systems CounterPoint,radiant systems counterpoint,1,1,0,0
O*NET,31.0,Radiation dose calculation software,radiation dose calculation software,2,2,0,0
O*NET,31.0,Radiation therapy equipment software,radiation therapy equipment software,1,1,0,0
O*NET,31.0,Radio Beacon WMS,radio beacon wms,1,1,0,0
O*NET,31.0,Radio frequency identification RFID software,radio frequency identification rfid software,3,3,0,0
O*NET,31.0,Radiological assessment display and control system RADACS,radiological assessment display and control system radacs,1,1,0,0
O*NET,31.0,Radiology information systems (RIS),radiology information systems (ris),1,1,0,0
O*NET,31.0,Radiopharmacy inventory databases,radiopharmacy inventory databases,2,2,0,0
O*NET,31.0,Radius NetMan,radius netman,1,1,0,0
O*NET,31.0,Radius Uni-View,radius uni-view,1,1,0,0
O*NET,31.0,RAE Systems HazRAE,rae systems hazrae,1,1,0,0
O*NET,31.0,Rail Traffic Track Warrant Control System,rail traffic track warrant control system,1,1,0,0
O*NET,31.0,Railcar inspection management software,railcar inspection management software,1,1,0,0
O*NET,31.0,RailComm DocYard,railcomm docyard,2,2,0,0
O*NET,31.0,RailTech Software Solutions Rail 21 Management System,railtech software solutions rail 21 management system,1,1,0,0
O*NET,31.0,RailTech Software Systems Mars for the 21st Century,railtech software systems mars for the 21st century,1,1,0,0
O*NET,31.0,Railyard inventory software,railyard inventory software,1,1,0,0
O*NET,31.0,Railyard management software RMS,railyard management software rms,1,1,0,0
O*NET,31.0,Ramesys Hospitality,ramesys hospitality,1,1,0,0
O*NET,31.0,RamQuest Total Solution,ramquest total solution,1,1,0,0
O*NET,31.0,RamSoft PowerServer RIS/PACS,ramsoft powerserver ris/pacs,1,1,0,0
O*NET,31.0,Rand McNally World Digital Database,rand mcnally world digital database,1,1,0,0
O*NET,31.0,Random forest software,random forest software,1,1,0,0
O*NET,31.0,Raosoft SURVEYWin,raosoft surveywin,1,1,0,0
O*NET,31.0,Rapid application development RAD software,rapid application development rad software,1,1,0,0
O*NET,31.0,Rapid Assessment Tools R.A.T.,rapid assessment tools r.a.t.,1,1,0,0
O*NET,31.0,Rapid Intake Unison,rapid intake unison,1,1,0,0
O*NET,31.0,Rapid Medical Examiners System,rapid medical examiners system,1,1,0,0
O*NET,31.0,Rapid prototyping software,rapid prototyping software,8,8,0,0
O*NET,31.0,Rapid-I RapidMiner,rapid-i rapidminer,2,2,0,0
O*NET,31.0,Rapid7 Nexpose,rapid7 nexpose,2,2,0,0
O*NET,31.0,Rapid7 software,rapid7 software,1,1,0,0
O*NET,31.0,Rapide,rapide,1,1,0,0
O*NET,31.0,Rapiscan Threat Image Projection,rapiscan threat image projection,1,1,0,0
O*NET,31.0,RasMol,rasmol,1,1,0,0
O*NET,31.0,Rasmussen Software Anzio,rasmussen software anzio,1,1,0,0
O*NET,31.0,Raster graphics editors,raster graphics editors,1,1,0,0
O*NET,31.0,RAT-STATS,rat-stats,1,1,0,0
O*NET,31.0,Rate calculation software,rate calculation software,1,1,0,0
O*NET,31.0,Ravenshead Services WriteItNow,ravenshead services writeitnow,1,1,0,0
O*NET,31.0,RazorSync,razorsync,1,1,0,0
O*NET,31.0,RBS GoTour Online,rbs gotour online,1,1,0,0
O*NET,31.0,RCL Software Media Library Manager,rcl software media library manager,1,1,0,0
O*NET,31.0,RCS GSelector,rcs gselector,1,1,0,0
O*NET,31.0,RCS NexGen Digital,rcs nexgen digital,1,1,0,0
O*NET,31.0,Re:discovery Software Proficio,re:discovery software proficio,1,1,0,0
O*NET,31.0,React,react,16,16,16,4
O*NET,31.0,React Native,react native,1,1,0,0
O*NET,31.0,React Redux,react redux,2,2,0,0
O*NET,31.0,Reactor excursion and release analysis program RELAP,reactor excursion and release analysis program relap,1,1,0,0
O*NET,31.0,ReadSoft,readsoft,1,1,0,0
O*NET,31.0,ReadyTalk,readytalk,1,1,0,0
O*NET,31.0,Real ear measurement REM software,real ear measurement rem software,1,1,0,0
O*NET,31.0,Real Edge,real edge,1,1,0,0
O*NET,31.0,Real estate and tax software,real estate and tax software,1,1,0,0
O*NET,31.0,Real estate application contract transmission REACT software,real estate application contract transmission react software,1,1,0,0
O*NET,31.0,Real Estate Assistant REA,real estate assistant rea,1,1,0,0
O*NET,31.0,Real Estate Center Caparate Calculator,real estate center caparate calculator,1,1,0,0
O*NET,31.0,Real estate investment analysis software,real estate investment analysis software,1,1,0,0
O*NET,31.0,Real estate listing databases,real estate listing databases,1,1,0,0
O*NET,31.0,Real Pro,real pro,1,1,0,0
O*NET,31.0,Real time operating system RTOS software,real time operating system rtos software,7,7,0,0
O*NET,31.0,RealBenefits Amortization Loan,realbenefits amortization loan,1,1,0,0
O*NET,31.0,RealData Comparative Lease Analysis,realdata comparative lease analysis,2,2,0,0
O*NET,31.0,RealData REIA,realdata reia,1,1,0,0
O*NET,31.0,RealEasyBooks ezREB,realeasybooks ezreb,1,1,0,0
O*NET,31.0,RealFlow,realflow,1,1,0,0
O*NET,31.0,Reality Star ProAGENT Power Series Presentations,reality star proagent power series presentations,1,1,0,0
O*NET,31.0,Realization Streamliner,realization streamliner,2,2,0,0
O*NET,31.0,Really Simple Syndication RSS,really simple syndication rss,2,2,0,0
O*NET,31.0,Realm Business Solutions INSIGHT for ARGUS,realm business solutions insight for argus,1,1,0,0
O*NET,31.0,RealPage OneSite,realpage onesite,1,1,0,0
O*NET,31.0,Realtors Property Resource RPR,realtors property resource rpr,1,1,0,0
O*NET,31.0,Realty Tools Toolkit for Market Share,realty tools toolkit for market share,1,1,0,0
O*NET,31.0,RealtyStar AgentOffice,realtystar agentoffice,1,1,0,0
O*NET,31.0,RealtyStar Real Estate Assistant,realtystar real estate assistant,1,1,0,0
O*NET,31.0,RebarWin,rebarwin,1,1,0,0
O*NET,31.0,Recipe cost control software,recipe cost control software,1,1,0,0
O*NET,31.0,Recipe software,recipe software,1,1,0,0
O*NET,31.0,RecordKeeper Software School RecordKeeper,recordkeeper software school recordkeeper,1,1,0,0
O*NET,31.0,Recordkeeping software,recordkeeping software,13,13,0,0
O*NET,31.0,Records management software,records management software,7,7,0,0
O*NET,31.0,Records management systems,records management systems,1,1,0,0
O*NET,31.0,Recovery audit software,recovery audit software,1,1,0,0
O*NET,31.0,Recovery testing software,recovery testing software,3,3,0,0
O*NET,31.0,RecoveryPlanner RPX,recoveryplanner rpx,1,1,0,0
O*NET,31.0,Recruit Wizard,recruit wizard,1,1,0,0
O*NET,31.0,Recruitment management software,recruitment management software,1,1,0,0
O*NET,31.0,Recruitpoint.net,recruitpoint.net,1,1,0,0
O*NET,31.0,RecruitTrack,recruittrack,1,1,0,0
O*NET,31.0,ReCrystallize Crystal Reports,recrystallize crystal reports,3,3,0,0
O*NET,31.0,Red Giant Trapcode Particular,red giant trapcode particular,1,1,0,0
O*NET,31.0,Red Hat Ansible Engine,red hat ansible engine,4,4,0,0
O*NET,31.0,Red Hat Enterprise Linux,red hat enterprise linux,26,26,26,1
O*NET,31.0,Red Hat OpenShift,red hat openshift,14,14,14,0
O*NET,31.0,Red Hat WildFly,red hat wildfly,20,20,0,0
O*NET,31.0,Red Prarie Warehouse Management,red prarie warehouse management,1,1,0,0
O*NET,31.0,Red Rock DeltaGraph,red rock deltagraph,1,1,0,0
O*NET,31.0,Red Sweater MarsEdit,red sweater marsedit,1,1,0,0
O*NET,31.0,Red Wing Software CenterPoint Accounting for Agriculture,red wing software centerpoint accounting for agriculture,1,1,0,0
O*NET,31.0,RedBerry Logistics,redberry logistics,1,1,0,0
O*NET,31.0,REDCap Research Electronic Data Capture,redcap research electronic data capture,2,2,0,1
O*NET,31.0,Redgate SQL Server,redgate sql server,2,2,0,0
O*NET,31.0,Redi Enterprise Development Redi ERM,redi enterprise development redi erm,1,1,0,0
O*NET,31.0,Rediker Software School Office Suite,rediker software school office suite,1,1,0,0
O*NET,31.0,Redis,redis,4,4,4,0
O*NET,31.0,Redmine,redmine,1,1,0,0
O*NET,31.0,RedPrairie DLx Warehouse,redprairie dlx warehouse,2,2,0,0
O*NET,31.0,RedPrairie E2e,redprairie e2e,1,1,0,0
O*NET,31.0,Redrock Software TutorTrac,redrock software tutortrac,1,1,0,0
O*NET,31.0,RedSky IT Entirety e-Booking,redsky it entirety e-booking,1,1,0,0
O*NET,31.0,Redtail Technology Our Business Online,redtail technology our business online,1,1,0,0
O*NET,31.0,REDUCE,reduce,1,1,0,0
O*NET,31.0,Reference management software,reference management software,1,1,0,0
O*NET,31.0,"Refugee, Asylum and Parole System RAPS","refugee, asylum and parole system raps",1,1,0,0
O*NET,31.0,Regional Energy Deployment System ReEDS,regional energy deployment system reeds,1,1,0,0
O*NET,31.0,Register transfer language RTL,register transfer language rtl,1,1,0,0
O*NET,31.0,RegMon,regmon,1,1,0,0
O*NET,31.0,Regnow Chrysanth Inventory Manager,regnow chrysanth inventory manager,1,1,0,0
O*NET,31.0,Regression testing software,regression testing software,4,4,0,0
O*NET,31.0,Regulatory agency compliance software,regulatory agency compliance software,1,1,0,0
O*NET,31.0,Regulatory compliance management software,regulatory compliance management software,2,2,0,0
O*NET,31.0,Regulussoft Route Accounting,regulussoft route accounting,1,1,0,0
O*NET,31.0,Rehab Documentation Company ReDoc Suite,rehab documentation company redoc suite,3,3,0,0
O*NET,31.0,REI Wise Commercial,rei wise commercial,1,1,0,0
O*NET,31.0,Reimbursement screening software,reimbursement screening software,2,2,0,0
O*NET,31.0,Relational database management software,relational database management software,30,30,0,0
O*NET,31.0,Relational database management system RDMS,relational database management system rdms,2,2,0,0
O*NET,31.0,Relational database management system software,relational database management system software,4,4,0,1
O*NET,31.0,Relational database software,relational database software,10,10,0,0
O*NET,31.0,Relative Values for Physicians,relative values for physicians,1,1,0,0
O*NET,31.0,Relativity e-Discovery,relativity e-discovery,1,1,0,0
O*NET,31.0,Relavis CRM Portal,relavis crm portal,1,1,0,0
O*NET,31.0,Relex FMEA,relex fmea,1,1,0,0
O*NET,31.0,Relex Weibull,relex weibull,2,2,0,0
O*NET,31.0,Reliability analysis software,reliability analysis software,3,3,0,0
O*NET,31.0,Reliability centered maintenance RCM software,reliability centered maintenance rcm software,3,3,0,0
O*NET,31.0,Reliability information software,reliability information software,1,1,0,0
O*NET,31.0,ReliaSoft Alta 6 Pro,reliasoft alta 6 pro,1,1,0,0
O*NET,31.0,ReliaSoft BlockSim,reliasoft blocksim,1,1,0,0
O*NET,31.0,ReliaSoft Prism,reliasoft prism,1,1,0,0
O*NET,31.0,ReliaSoft RCM++,reliasoft rcm++,1,1,0,0
O*NET,31.0,ReliaSoft Weibull++ 6,reliasoft weibull++ 6,3,3,0,0
O*NET,31.0,ReliaSoft XFMEA,reliasoft xfmea,2,2,0,0
O*NET,31.0,Reliass EAGLE,reliass eagle,1,1,0,0
O*NET,31.0,Remedy Interactive iMitigate,remedy interactive imitigate,1,1,0,0
O*NET,31.0,Remote access call center software,remote access call center software,1,1,0,0
O*NET,31.0,Remote access software,remote access software,1,1,0,0
O*NET,31.0,Remote authentication dial-in user service RADIUS software,remote authentication dial-in user service radius software,1,1,0,0
O*NET,31.0,Remote control software,remote control software,3,3,0,0
O*NET,31.0,Remote deposit capture software,remote deposit capture software,1,1,0,0
O*NET,31.0,Remote desktop control software,remote desktop control software,1,1,0,0
O*NET,31.0,Remote install server software,remote install server software,1,1,0,0
O*NET,31.0,Remote monitoring software,remote monitoring software,1,1,0,0
O*NET,31.0,Remote operated vehicle ROV dive log software,remote operated vehicle rov dive log software,1,1,0,0
O*NET,31.0,Remote sensing software,remote sensing software,1,1,0,0
O*NET,31.0,Renaissance MasterCarpenter,renaissance mastercarpenter,1,1,0,0
O*NET,31.0,Renoise,renoise,1,1,0,0
O*NET,31.0,RepairTRAX,repairtrax,3,3,0,0
O*NET,31.0,RepeatMasker,repeatmasker,1,1,0,0
O*NET,31.0,Report generation software,report generation software,3,3,0,0
O*NET,31.0,Report writing software,report writing software,1,1,0,0
O*NET,31.0,ReporterWorks,reporterworks,1,1,0,0
O*NET,31.0,Reporting software,reporting software,7,7,0,1
O*NET,31.0,RequireJS,requirejs,2,2,0,0
O*NET,31.0,Requirements analysis software,requirements analysis software,1,1,0,0
O*NET,31.0,Requirements management software,requirements management software,7,7,0,0
O*NET,31.0,REScheck,rescheck,1,1,0,0
O*NET,31.0,RescueConnection Software ShelterConntection,rescueconnection software shelterconntection,1,1,0,0
O*NET,31.0,Research Spectrum Survent CATI,research spectrum survent cati,1,1,0,0
O*NET,31.0,Reservation software,reservation software,1,1,0,0
O*NET,31.0,ReServe Interactive,reserve interactive,2,2,0,0
O*NET,31.0,Residential home inspection form software,residential home inspection form software,1,1,0,0
O*NET,31.0,ReSoft WindFarm,resoft windfarm,1,1,0,0
O*NET,31.0,Resolve Legislative Compliance Management,resolve legislative compliance management,1,1,0,0
O*NET,31.0,Resolve Systems Service Management,resolve systems service management,1,1,0,0
O*NET,31.0,Resort Data Processing,resort data processing,1,1,0,0
O*NET,31.0,Resource and patient management system RPMS patient registration software,resource and patient management system rpms patient registration software,1,1,0,0
O*NET,31.0,Resource and patient management system RPMS scheduling software,resource and patient management system rpms scheduling software,1,1,0,0
O*NET,31.0,Resource Edge TalentHook Sphere,resource edge talenthook sphere,1,1,0,0
O*NET,31.0,Resource management software,resource management software,2,2,0,0
O*NET,31.0,Resource Ordering and Statusing System ROSS,resource ordering and statusing system ross,1,1,0,0
O*NET,31.0,Resource planning software,resource planning software,2,2,0,0
O*NET,31.0,ResourceMate Plus,resourcemate plus,1,1,0,0
O*NET,31.0,Resources Calculations Incorporated SoftCost,resources calculations incorporated softcost,2,2,0,0
O*NET,31.0,Respondus,respondus,1,1,0,0
O*NET,31.0,RESRAD,resrad,1,1,0,0
O*NET,31.0,REST Assured,rest assured,1,1,0,1
O*NET,31.0,Restaurant Manager,restaurant manager,1,1,0,0
O*NET,31.0,Restaurant Operations & Management Spreadsheet Library,restaurant operations & management spreadsheet library,1,1,0,0
O*NET,31.0,RestaurantPlus PRO,restaurantplus pro,4,4,0,0
O*NET,31.0,RESTful API,restful api,11,11,0,4
O*NET,31.0,Restructured extended executor REXX,restructured extended executor rexx,5,5,0,0
O*NET,31.0,Results International Systems Artius Suite,results international systems artius suite,1,1,0,0
O*NET,31.0,Resume converter software,resume converter software,1,1,0,0
O*NET,31.0,Resume extraction and search software,resume extraction and search software,1,1,0,0
O*NET,31.0,Resume processing software,resume processing software,1,1,0,0
O*NET,31.0,ResumeRobot,resumerobot,1,1,0,0
O*NET,31.0,Retail management software,retail management software,1,1,0,0
O*NET,31.0,Retail sales software,retail sales software,1,1,0,0
O*NET,31.0,Retain Resource Planning,retain resource planning,1,1,0,0
O*NET,31.0,Retargetable compiler,retargetable compiler,1,1,0,0
O*NET,31.0,Rethink Ed,rethink ed,3,3,0,0
O*NET,31.0,Retirement planning software,retirement planning software,1,1,0,0
O*NET,31.0,Retrofit Energy Savings Estimation Model RESEM,retrofit energy savings estimation model resem,2,2,0,0
O*NET,31.0,RETScreen,retscreen,1,1,0,0
O*NET,31.0,Reudink Software ZooEasy,reudink software zooeasy,1,1,0,0
O*NET,31.0,Revcad Software Sheet Lightning,revcad software sheet lightning,1,1,0,0
O*NET,31.0,Reveal Systems Truewire,reveal systems truewire,1,1,0,0
O*NET,31.0,Revelwood,revelwood,1,1,0,0
O*NET,31.0,Reverse engineering software,reverse engineering software,2,2,0,0
O*NET,31.0,Revised universal soil loss equation RUSLE software,revised universal soil loss equation rusle software,1,1,0,0
O*NET,31.0,Revision control software,revision control software,2,2,0,0
O*NET,31.0,Reyburn CyberTuner,reyburn cybertuner,1,1,0,0
O*NET,31.0,Rezdy booking software,rezdy booking software,1,1,0,0
O*NET,31.0,Rezgo online booking software,rezgo online booking software,1,1,0,0
O*NET,31.0,Rezopia,rezopia,1,1,0,0
O*NET,31.0,RFID software,rfid software,1,1,0,0
O*NET,31.0,RFMS Schedule Pro,rfms schedule pro,1,1,0,0
O*NET,31.0,RGA AURA,rga aura,1,1,0,0
O*NET,31.0,RGA Facultative Application Console,rga facultative application console,1,1,0,0
O*NET,31.0,RhinoSoft FTP Voyager,rhinosoft ftp voyager,1,1,0,0
O*NET,31.0,Rhythm Rascal,rhythm rascal,1,1,0,0
O*NET,31.0,RibbonSoft QCad,ribbonsoft qcad,1,1,0,0
O*NET,31.0,Rice Simulator for ILP Multiprocessors RSIM,rice simulator for ilp multiprocessors rsim,1,1,0,0
O*NET,31.0,Riege Software International Procars,riege software international procars,1,1,0,0
O*NET,31.0,RIETAN,rietan,1,1,0,0
O*NET,31.0,Right Reason Technologies RightTrack,right reason technologies righttrack,2,2,0,0
O*NET,31.0,Rinda Technologies DIACOM Marine,rinda technologies diacom marine,1,1,0,0
O*NET,31.0,RISA Technologies RISA-3D,risa technologies risa-3d,2,2,0,0
O*NET,31.0,RISA Technologies RISAMasonry,risa technologies risamasonry,1,1,0,0
O*NET,31.0,RISC Virtual Training Assistant,risc virtual training assistant,2,2,0,0
O*NET,31.0,RiscStation POSSum,riscstation possum,2,2,0,0
O*NET,31.0,Risk analysis software,risk analysis software,1,1,0,0
O*NET,31.0,Risk assessment software,risk assessment software,1,1,0,0
O*NET,31.0,Risk management software,risk management software,1,1,0,0
O*NET,31.0,RiskMetrics Group WealthBench,riskmetrics group wealthbench,2,2,0,0
O*NET,31.0,Risoe National Laboratory Wind Atlas Analysis and Application Program WAsP,risoe national laboratory wind atlas analysis and application program wasp,1,1,0,0
O*NET,31.0,River Lake Altimetry Product,river lake altimetry product,1,1,0,0
O*NET,31.0,Riverbed Technology,riverbed technology,1,1,0,0
O*NET,31.0,RIVERMorph,rivermorph,3,3,0,0
O*NET,31.0,RIVS automated interview software,rivs automated interview software,1,1,0,0
O*NET,31.0,rL Solutions Feedback MonitorPro,rl solutions feedback monitorpro,1,1,0,0
O*NET,31.0,RMS Technology Flitesoft,rms technology flitesoft,2,2,0,0
O*NET,31.0,RNA sequencing software,rna sequencing software,1,1,0,0
O*NET,31.0,Road design software,road design software,1,1,0,0
O*NET,31.0,Roam Devices Roam Marine Monitor Hub,roam devices roam marine monitor hub,1,1,0,0
O*NET,31.0,Robot Framework,robot framework,1,1,0,0
O*NET,31.0,Robotic control software,robotic control software,2,2,0,0
O*NET,31.0,Robotic painting software,robotic painting software,1,1,0,0
O*NET,31.0,Robotic simulation software,robotic simulation software,1,1,0,0
O*NET,31.0,Robotic surgery software,robotic surgery software,2,2,0,0
O*NET,31.0,Robotic workstation software,robotic workstation software,1,1,0,0
O*NET,31.0,Robotics Academy ROBOTC,robotics academy robotc,1,1,0,0
O*NET,31.0,RobotWare DieCast,robotware diecast,1,1,0,0
O*NET,31.0,Robust Software Overseer Suite,robust software overseer suite,1,1,0,0
O*NET,31.0,Roche 454 Life Sciences GS Data Analysis,roche 454 life sciences gs data analysis,1,1,0,0
O*NET,31.0,Rocket/Folio NXT,rocket/folio nxt,1,1,0,0
O*NET,31.0,Rockport Integrated Excel Underwriting,rockport integrated excel underwriting,1,1,0,0
O*NET,31.0,RockWare ArcMap,rockware arcmap,8,8,0,1
O*NET,31.0,RockWare ChemFlux,rockware chemflux,2,2,0,0
O*NET,31.0,Rockware CrossLog,rockware crosslog,1,1,0,0
O*NET,31.0,RockWare DepthCon2000,rockware depthcon2000,1,1,0,0
O*NET,31.0,RockWare Erupt,rockware erupt,1,1,0,0
O*NET,31.0,RockWare FIRSTPIX,rockware firstpix,1,1,0,0
O*NET,31.0,RockWare Geochemist's Workbench GWB,rockware geochemist's workbench gwb,2,2,0,0
O*NET,31.0,RockWare GeoTrig,rockware geotrig,1,1,0,0
O*NET,31.0,RockWare GRADIX,rockware gradix,1,1,0,0
O*NET,31.0,RockWare Grav2Dc,rockware grav2dc,1,1,0,0
O*NET,31.0,RockWare Jlog,rockware jlog,1,1,0,0
O*NET,31.0,RockWare MicroMODEL,rockware micromodel,1,1,0,0
O*NET,31.0,RockWare MODFLOW,rockware modflow,4,4,0,1
O*NET,31.0,RockWare Plan,rockware plan,1,1,0,0
O*NET,31.0,RockWare Potent,rockware potent,1,1,0,0
O*NET,31.0,RockWare QuickSyn,rockware quicksyn,1,1,0,0
O*NET,31.0,RockWare RockPack III,rockware rockpack iii,1,1,0,0
O*NET,31.0,RockWare RockWorks,rockware rockworks,2,2,0,0
O*NET,31.0,RockWare SieveGraph,rockware sievegraph,1,1,0,0
O*NET,31.0,RockWare Stratbugs,rockware stratbugs,1,1,0,0
O*NET,31.0,RockWare VEGO,rockware vego,1,1,0,0
O*NET,31.0,RockWare Visual STUNT,rockware visual stunt,1,1,0,0
O*NET,31.0,RockWare WinSism,rockware winsism,1,1,0,0
O*NET,31.0,Rockwell Automation Arena,rockwell automation arena,5,5,0,0
O*NET,31.0,Rockwell Automation software,rockwell automation software,1,1,0,0
O*NET,31.0,Rockwell RSLogix,rockwell rslogix,6,6,0,0
O*NET,31.0,Rockwell RSView,rockwell rsview,1,1,0,0
O*NET,31.0,Rogers Software Development SuperSalon,rogers software development supersalon,1,1,0,0
O*NET,31.0,Rogue Wave Software IMSL Numerical Libraries,rogue wave software imsl numerical libraries,1,1,0,0
O*NET,31.0,Roof Builder Tools,roof builder tools,1,1,0,0
O*NET,31.0,Roof Pro Estimate Software Roof Pro,roof pro estimate software roof pro,2,2,0,0
O*NET,31.0,Roof support design software,roof support design software,1,1,0,0
O*NET,31.0,Roofing Calculator,roofing calculator,2,2,0,0
O*NET,31.0,RoofLogic,rooflogic,2,2,0,0
O*NET,31.0,Root cause analysis software,root cause analysis software,6,6,0,0
O*NET,31.0,Root kit detection software,root kit detection software,3,3,0,0
O*NET,31.0,Root Systems SPS Process Management,root systems sps process management,1,1,0,0
O*NET,31.0,Rosch Visionary Systems Visionary Allergy Tracker,rosch visionary systems visionary allergy tracker,1,1,0,0
O*NET,31.0,RoseRush Services Shelter Pro,roserush services shelter pro,1,1,0,0
O*NET,31.0,Ross Video Xpression,ross video xpression,1,1,0,0
O*NET,31.0,RoughDraft,roughdraft,1,1,0,0
O*NET,31.0,Roundabout Delay RODEL,roundabout delay rodel,1,1,0,0
O*NET,31.0,Roundtable Software Advantage Accounting System,roundtable software advantage accounting system,2,2,0,0
O*NET,31.0,Route,route,1,1,0,0
O*NET,31.0,Route mapping software,route mapping software,7,7,0,0
O*NET,31.0,Route planning software,route planning software,1,1,0,0
O*NET,31.0,Router software,router software,1,1,0,0
O*NET,31.0,Routeware software,routeware software,1,1,0,0
O*NET,31.0,Routing software,routing software,1,1,0,0
O*NET,31.0,Roxio Retrospect,roxio retrospect,1,1,0,0
O*NET,31.0,Royal Alliance VISION2020 Core,royal alliance vision2020 core,1,1,0,0
O*NET,31.0,RPIS Silent CMA,rpis silent cma,1,1,0,0
O*NET,31.0,RPIS Silent Flyer,rpis silent flyer,1,1,0,0
O*NET,31.0,RSA RadCalc,rsa radcalc,1,1,0,0
O*NET,31.0,RSAC Riparian Mapping Tool,rsac riparian mapping tool,1,1,0,0
O*NET,31.0,RSI ENVI,rsi envi,3,3,0,0
O*NET,31.0,RSI interactive data language IDL software,rsi interactive data language idl software,2,2,0,0
O*NET,31.0,RSM McGladrey Advanced Practice Solutions Paperless Audit,rsm mcgladrey advanced practice solutions paperless audit,2,2,0,0
O*NET,31.0,RSM McGladrey Auditor Assistant,rsm mcgladrey auditor assistant,2,2,0,0
O*NET,31.0,RSM McGladrey Clear Pay,rsm mcgladrey clear pay,1,1,0,0
O*NET,31.0,RSS,rss,1,1,0,0
O*NET,31.0,RSS Solutions NaView,rss solutions naview,1,1,0,0
O*NET,31.0,RTA Fleet Management,rta fleet management,1,1,0,0
O*NET,31.0,RTI International SUDAAN,rti international sudaan,2,2,0,0
O*NET,31.0,Ruby,ruby,33,33,33,0
O*NET,31.0,Ruby on Rails,ruby on rails,23,23,0,0
O*NET,31.0,RungePincockMinarco XERAS,rungepincockminarco xeras,1,1,0,0
O*NET,31.0,RungePincockMinarco XPAC,rungepincockminarco xpac,1,1,0,0
O*NET,31.0,Rust programming language,rust programming language,2,2,0,1
O*NET,31.0,RV Damage Repair Estimator,rv damage repair estimator,1,1,0,0
O*NET,31.0,RVR Systems Compliance,rvr systems compliance,1,1,0,0
O*NET,31.0,RxKinetics UD Labels for Windows,rxkinetics ud labels for windows,1,1,0,0
O*NET,31.0,Rytech Software Small Business Inventory Control,rytech software small business inventory control,1,1,0,0
O*NET,31.0,S&P Capital IQ,s&p capital iq,1,1,0,0
O*NET,31.0,S-Plus software,s-plus software,1,1,0,0
O*NET,31.0,SaaS SurveyMonkey,saas surveymonkey,1,1,0,0
O*NET,31.0,Saba Centra,saba centra,1,1,0,0
O*NET,31.0,Sabre Airline Solutions SabreSonic Customer Sales & Service,sabre airline solutions sabresonic customer sales & service,1,1,0,0
O*NET,31.0,Sabre Airline Solutions SabreSonic Ticket,sabre airline solutions sabresonic ticket,1,1,0,0
O*NET,31.0,Sabre Central Command,sabre central command,1,1,0,1
O*NET,31.0,Sabre travel agent software,sabre travel agent software,1,1,0,0
O*NET,31.0,SACLANTCEN,saclantcen,1,1,0,0
O*NET,31.0,Safari Software Products Safari,safari software products safari,1,1,0,0
O*NET,31.0,SAFARI Video Networks eZediaQTI,safari video networks ezediaqti,1,1,0,0
O*NET,31.0,Safe Software FME,safe software fme,2,2,0,0
O*NET,31.0,Safety instrumented system SIS software,safety instrumented system sis software,1,1,0,0
O*NET,31.0,Safety integrity level SIL software,safety integrity level sil software,1,1,0,0
O*NET,31.0,Safety Software OSHALOG 300,safety software oshalog 300,1,1,0,0
O*NET,31.0,Safety Status Measurement System SafeStat,safety status measurement system safestat,1,1,0,0
O*NET,31.0,"Safety, health, and environmental management software","safety, health, and environmental management software",1,1,0,0
O*NET,31.0,Saga Practice Manager,saga practice manager,2,2,0,0
O*NET,31.0,Sage 100 Contractor,sage 100 contractor,4,4,0,0
O*NET,31.0,Sage 100 ERP,sage 100 erp,3,3,0,0
O*NET,31.0,Sage 300 Construction and Real Estate,sage 300 construction and real estate,8,8,0,0
O*NET,31.0,Sage 50 Accounting,sage 50 accounting,42,42,0,0
O*NET,31.0,Sage 50 Accounting Software,sage 50 accounting software,2,2,0,0
O*NET,31.0,Sage Accounting Software,sage accounting software,2,2,0,0
O*NET,31.0,Sage Active Planner,sage active planner,1,1,0,0
O*NET,31.0,Sage BusinessWorks,sage businessworks,1,1,0,0
O*NET,31.0,Sage Construction Anywhere,sage construction anywhere,2,2,0,0
O*NET,31.0,Sage CPAAccounts Payable,sage cpaaccounts payable,1,1,0,0
O*NET,31.0,Sage CPAAccounts Receivable,sage cpaaccounts receivable,1,1,0,0
O*NET,31.0,Sage CPAClient Checkbook,sage cpaclient checkbook,1,1,0,0
O*NET,31.0,Sage CPADocument Manager,sage cpadocument manager,1,1,0,0
O*NET,31.0,Sage EDP Payroll Tax,sage edp payroll tax,2,2,0,0
O*NET,31.0,Sage ERP Accpac,sage erp accpac,5,5,0,0
O*NET,31.0,Sage Fixed Asset Solution FAS,sage fixed asset solution fas,1,1,0,0
O*NET,31.0,Sage HandiSoft HandiLedger,sage handisoft handiledger,1,1,0,0
O*NET,31.0,Sage HRMS,sage hrms,5,5,0,0
O*NET,31.0,Sage MAS 200 ERP,sage mas 200 erp,5,5,0,0
O*NET,31.0,Sage MAS 500,sage mas 500,2,2,0,0
O*NET,31.0,Sage MAS 90 ERP,sage mas 90 erp,3,3,0,0
O*NET,31.0,Sage Medical Manager,sage medical manager,1,1,0,0
O*NET,31.0,Sage MIP Fund Accounting,sage mip fund accounting,1,1,0,0
O*NET,31.0,Sage Peachtree Premium Accounting for Manufacturing,sage peachtree premium accounting for manufacturing,2,2,0,0
O*NET,31.0,Sage Platinum for Windows PFW,sage platinum for windows pfw,1,1,0,0
O*NET,31.0,Sage Reference Online,sage reference online,1,1,0,0
O*NET,31.0,Sage SalesLogix,sage saleslogix,2,2,0,0
O*NET,31.0,Sage Simply Accounting,sage simply accounting,1,1,0,0
O*NET,31.0,Sage Software Sage50,sage software sage50,1,1,0,0
O*NET,31.0,Sage Timeslips,sage timeslips,2,2,0,0
O*NET,31.0,Sageworks ProfitCents,sageworks profitcents,1,1,0,0
O*NET,31.0,SAIC government services and IT support software,saic government services and it support software,1,1,0,0
O*NET,31.0,Saigun Technologies EmpXtrack,saigun technologies empxtrack,1,1,0,0
O*NET,31.0,Sakai CLE,sakai cle,38,38,0,0
O*NET,31.0,Salary.com,salary.com,1,1,0,0
O*NET,31.0,Sale processing software,sale processing software,3,3,0,0
O*NET,31.0,Sales analysis software,sales analysis software,2,2,0,0
O*NET,31.0,Sales Automation Software,sales automation software,1,1,0,0
O*NET,31.0,Sales force automation software,sales force automation software,3,3,0,0
O*NET,31.0,Sales management software,sales management software,1,1,0,0
O*NET,31.0,Sales processing software,sales processing software,1,1,0,0
O*NET,31.0,Sales software,sales software,1,1,0,0
O*NET,31.0,Sales Tax Tools Sales Tax Researcher,sales tax tools sales tax researcher,1,1,0,0
O*NET,31.0,Salesforce Marketing Cloud,salesforce marketing cloud,2,2,0,0
O*NET,31.0,Salesforce software,salesforce software,88,88,88,18
O*NET,31.0,Salesforce Visualforce,salesforce visualforce,14,14,0,0
O*NET,31.0,Salesforce.com Salesforce CRM,salesforce.com salesforce crm,10,10,0,0
O*NET,31.0,SalesInSync,salesinsync,1,1,0,0
O*NET,31.0,Salford Systems CART,salford systems cart,1,1,0,0
O*NET,31.0,Salford Systems TreeNet,salford systems treenet,1,1,0,0
O*NET,31.0,Salix Applied Earthcare Erosion Draw,salix applied earthcare erosion draw,2,2,0,0
O*NET,31.0,Samarind RMS,samarind rms,1,1,0,0
O*NET,31.0,Samba,samba,2,2,0,0
O*NET,31.0,SamePage StudioCRM,samepage studiocrm,1,1,0,0
O*NET,31.0,Sampson Data Pattern Index software,sampson data pattern index software,1,1,0,0
O*NET,31.0,SAND,sand,1,1,0,0
O*NET,31.0,Sanders Software Consulting FarmBooks,sanders software consulting farmbooks,1,1,0,0
O*NET,31.0,Saner Software ShrinkRapt,saner software shrinkrapt,1,1,0,0
O*NET,31.0,Santa Maria Software Counterman Pro,santa maria software counterman pro,1,1,0,0
O*NET,31.0,Saora Keepoint,saora keepoint,1,1,0,0
O*NET,31.0,SAP Adaptive Server Enterprise,sap adaptive server enterprise,9,9,0,0
O*NET,31.0,SAP Americas mySAP ERP Human Capital Management HCM,sap americas mysap erp human capital management hcm,1,1,0,0
O*NET,31.0,SAP APO,sap apo,1,1,0,0
O*NET,31.0,SAP Ariba,sap ariba,1,1,0,0
O*NET,31.0,SAP BEx Report Designer,sap bex report designer,1,1,0,0
O*NET,31.0,SAP business and customer relations management software,sap business and customer relations management software,2,2,0,0
O*NET,31.0,SAP Business Intelligence,sap business intelligence,2,2,0,0
O*NET,31.0,SAP Business Objects,sap business objects,51,51,0,0
O*NET,31.0,SAP Business One,sap business one,3,3,0,0
O*NET,31.0,SAP BusinessObjects Crystal Reports,sap businessobjects crystal reports,19,19,0,0
O*NET,31.0,SAP BusinessObjects Data Integrator,sap businessobjects data integrator,7,7,0,0
O*NET,31.0,SAP BusinessObjects Desktop Intelligence,sap businessobjects desktop intelligence,2,2,0,0
O*NET,31.0,SAP Concur,sap concur,5,5,5,1
O*NET,31.0,SAP Crystal Reports,sap crystal reports,44,44,0,0
O*NET,31.0,SAP Crystal Xcelsius,sap crystal xcelsius,1,1,0,0
O*NET,31.0,SAP Customs Management,sap customs management,1,1,0,0
O*NET,31.0,SAP DMS,sap dms,1,1,0,0
O*NET,31.0,SAP EHS Management,sap ehs management,1,1,0,0
O*NET,31.0,SAP ERP,sap erp,5,5,5,0
O*NET,31.0,SAP ERP Financials,sap erp financials,1,1,0,0
O*NET,31.0,SAP ERP Human Capital Management,sap erp human capital management,2,2,0,0
O*NET,31.0,SAP ERP Operations,sap erp operations,1,1,0,0
O*NET,31.0,SAP IQ,sap iq,1,1,0,0
O*NET,31.0,SAP Maintenance,sap maintenance,2,2,0,0
O*NET,31.0,SAP Master Data Management MDM,sap master data management mdm,1,1,0,0
O*NET,31.0,SAP NetWeaver,sap netweaver,3,3,0,0
O*NET,31.0,SAP NetWeaver BW,sap netweaver bw,4,4,0,0
O*NET,31.0,SAP POS Data Management,sap pos data management,1,1,0,0
O*NET,31.0,SAP PowerBuilder,sap powerbuilder,7,7,0,0
O*NET,31.0,SAP PowerDesigner,sap powerdesigner,2,2,0,0
O*NET,31.0,SAP Replication Server,sap replication server,2,2,0,0
O*NET,31.0,SAP SCM,sap scm,1,1,0,0
O*NET,31.0,SAP software,sap software,283,283,283,33
O*NET,31.0,SAP Sybase SQL Anywhere,sap sybase sql anywhere,1,1,0,0
O*NET,31.0,Saperion ECM,saperion ecm,1,1,0,0
O*NET,31.0,Sapro Systems Paymee,sapro systems paymee,1,1,0,0
O*NET,31.0,SAS,sas,119,119,119,12
O*NET,31.0,SAS Data Integration Server,sas data integration server,1,1,0,0
O*NET,31.0,SAS Data Integration Studio,sas data integration studio,1,1,0,0
O*NET,31.0,SAS Enterprise Miner,sas enterprise miner,1,1,0,0
O*NET,31.0,SAS JMP,sas jmp,9,9,0,1
O*NET,31.0,SAS/CONNECT,sas/connect,1,1,0,0
O*NET,31.0,SAS/Genetics,sas/genetics,1,1,0,0
O*NET,31.0,SAS/STAT,sas/stat,1,1,0,0
O*NET,31.0,Satellite database software,satellite database software,1,1,0,0
O*NET,31.0,Satellite image databases,satellite image databases,1,1,0,0
O*NET,31.0,Satori Group proCube,satori group procube,1,1,0,0
O*NET,31.0,Satori Paint,satori paint,1,1,0,0
O*NET,31.0,SaTScan,satscan,1,1,0,0
O*NET,31.0,SatView,satview,1,1,0,0
O*NET,31.0,Savant MobileRanger,savant mobileranger,1,1,0,0
O*NET,31.0,SavingFace,savingface,1,1,0,0
O*NET,31.0,Savitr RecruitX,savitr recruitx,1,1,0,0
O*NET,31.0,Sawhney ExecPlan,sawhney execplan,1,1,0,0
O*NET,31.0,Sawtooth Choice-Base Conjoint CBS,sawtooth choice-base conjoint cbs,1,1,0,0
O*NET,31.0,Sawtooth Composite Product Mapping CPM,sawtooth composite product mapping cpm,1,1,0,0
O*NET,31.0,Sawtooth SSI Web,sawtooth ssi web,2,2,0,0
O*NET,31.0,SBC Systems Benefits Workstation,sbc systems benefits workstation,1,1,0,0
O*NET,31.0,SBS International Maestro Suite,sbs international maestro suite,3,3,0,0
O*NET,31.0,SBS Keystroke,sbs keystroke,2,2,0,0
O*NET,31.0,Scadex Technologies MAESTRO,scadex technologies maestro,1,1,0,0
O*NET,31.0,Scala,scala,23,23,23,2
O*NET,31.0,Scalable vector graphics SVG,scalable vector graphics svg,1,1,0,0
O*NET,31.0,SCALE ORIGEN-S point depletion and decay code,scale origen-s point depletion and decay code,1,1,0,0
O*NET,31.0,Scanlon Associates LogPak,scanlon associates logpak,1,1,0,0
O*NET,31.0,Scanner imaging software,scanner imaging software,1,1,0,0
O*NET,31.0,Scanning software,scanning software,4,4,0,0
O*NET,31.0,ScanSoft Naturally Speaking,scansoft naturally speaking,2,2,0,0
O*NET,31.0,ScanSoft PaperPort Pro,scansoft paperport pro,1,1,0,0
O*NET,31.0,Scantron imaging software,scantron imaging software,2,2,0,0
O*NET,31.0,Scantron Technologies eListen,scantron technologies elisten,1,1,0,0
O*NET,31.0,SCC Soft Computer SoftA/R,scc soft computer softa/r,1,1,0,0
O*NET,31.0,SCC Soft Computer SoftBank,scc soft computer softbank,1,1,0,0
O*NET,31.0,SCC Soft Computer SoftDonor,scc soft computer softdonor,1,1,0,0
O*NET,31.0,SCC Soft Computer SoftLab,scc soft computer softlab,2,2,0,0
O*NET,31.0,SCC Soft Computer SoftPath,scc soft computer softpath,1,1,0,0
O*NET,31.0,ScenarioNow RetireNow,scenarionow retirenow,1,1,0,0
O*NET,31.0,ScheduleVIEW,scheduleview,1,1,0,0
O*NET,31.0,Scheduling databases,scheduling databases,1,1,0,0
O*NET,31.0,Scheduling software,scheduling software,70,70,0,0
O*NET,31.0,Schematic capture software,schematic capture software,1,1,0,0
O*NET,31.0,Schematic design entry software,schematic design entry software,2,2,0,0
O*NET,31.0,Schematic editors,schematic editors,1,1,0,0
O*NET,31.0,Scheme,scheme,4,4,0,0
O*NET,31.0,Schlumberger ECLIPSE,schlumberger eclipse,1,1,0,0
O*NET,31.0,Schlumberger GeoFrame,schlumberger geoframe,1,1,0,0
O*NET,31.0,Schlumberger Inside Reality,schlumberger inside reality,1,1,0,0
O*NET,31.0,Schlumberger Petrel E&P,schlumberger petrel e&p,3,3,0,0
O*NET,31.0,Schlumberger PIPESIM,schlumberger pipesim,1,1,0,0
O*NET,31.0,Schlumberger PVTi,schlumberger pvti,1,1,0,0
O*NET,31.0,Schneider Electric CitectSCADA,schneider electric citectscada,1,1,0,0
O*NET,31.0,Schneider Electric Direct Coordination,schneider electric direct coordination,1,1,0,0
O*NET,31.0,ScholarCare,scholarcare,1,1,0,0
O*NET,31.0,School Attendance Keeper,school attendance keeper,1,1,0,0
O*NET,31.0,SchoolDESX,schooldesx,1,1,0,0
O*NET,31.0,Schoology,schoology,19,19,0,0
O*NET,31.0,Schuyler House SchuyLab,schuyler house schuylab,2,2,0,0
O*NET,31.0,Science educational software,science educational software,1,1,0,0
O*NET,31.0,Scientech Safety Monitor,scientech safety monitor,1,1,0,0
O*NET,31.0,Scientech WinNUPRA,scientech winnupra,1,1,0,0
O*NET,31.0,Scientific analysis software,scientific analysis software,1,1,0,0
O*NET,31.0,Scientific Learning Fast ForWord,scientific learning fast forword,2,2,0,0
O*NET,31.0,Scientific Software Group 3DFATMIC,scientific software group 3dfatmic,1,1,0,0
O*NET,31.0,Scientific Software Group 3DFEMFAT,scientific software group 3dfemfat,1,1,0,0
O*NET,31.0,Scientific Software Group AQUA3D,scientific software group aqua3d,1,1,0,0
O*NET,31.0,Scientific Software Group AquaDyn,scientific software group aquadyn,1,1,0,0
O*NET,31.0,Scientific Software Group AQUASEA,scientific software group aquasea,1,1,0,0
O*NET,31.0,Scientific Software Group Aquifer win32,scientific software group aquifer win32,1,1,0,0
O*NET,31.0,Scientific Software Group AQUIPACK,scientific software group aquipack,1,1,0,0
O*NET,31.0,Scientific Software Group AT123D,scientific software group at123d,1,1,0,0
O*NET,31.0,Scientific Software Group BIO1D,scientific software group bio1d,1,1,0,0
O*NET,31.0,Scientific Software Group BIOF&T,scientific software group biof&t,1,1,0,0
O*NET,31.0,Scientific Software Group BIOSLURP,scientific software group bioslurp,1,1,0,0
O*NET,31.0,Scientific Software Group BioTrends,scientific software group biotrends,1,1,0,0
O*NET,31.0,Scientific Software Group CHASM,scientific software group chasm,1,1,0,0
O*NET,31.0,Scientific Software Group ChemGraph,scientific software group chemgraph,1,1,0,0
O*NET,31.0,Scientific Software Group DTM,scientific software group dtm,1,1,0,0
O*NET,31.0,Scientific Software Group Enviro-Base Pro,scientific software group enviro-base pro,1,1,0,0
O*NET,31.0,Scientific Software Group EnviroScape,scientific software group enviroscape,1,1,0,0
O*NET,31.0,Scientific Software Group EVS,scientific software group evs,1,1,0,0
O*NET,31.0,Scientific Software Group FEFLOW,scientific software group feflow,2,2,0,0
O*NET,31.0,Scientific Software Group Filter Drain FD,scientific software group filter drain fd,2,2,0,0
O*NET,31.0,Scientific Software Group GFLOW,scientific software group gflow,1,1,0,0
O*NET,31.0,Scientific Software Group HydroGeo Analyst,scientific software group hydrogeo analyst,1,1,0,0
O*NET,31.0,Scientific Software Group HYDROGEOCHEM,scientific software group hydrogeochem,1,1,0,0
O*NET,31.0,Scientific Software Group Infinite Extent,scientific software group infinite extent,2,2,0,0
O*NET,31.0,Scientific Software Group MARS 2-D/3-D,scientific software group mars 2-d/3-d,1,1,0,0
O*NET,31.0,Scientific Software Group MIDUSS,scientific software group miduss,1,1,0,0
O*NET,31.0,Scientific Software Group MIGRATE,scientific software group migrate,2,2,0,0
O*NET,31.0,Scientific Software Group MINTEQA2,scientific software group minteqa2,1,1,0,0
O*NET,31.0,Scientific Software Group MOCDENSE,scientific software group mocdense,1,1,0,0
O*NET,31.0,Scientific Software Group MODFLOWT,scientific software group modflowt,1,1,0,0
O*NET,31.0,Scientific Software Group MODPUMP,scientific software group modpump,1,1,0,0
O*NET,31.0,Scientific Software Group MODRET,scientific software group modret,1,1,0,0
O*NET,31.0,Scientific Software Group ModTech,scientific software group modtech,1,1,0,0
O*NET,31.0,Scientific Software Group MOFAT,scientific software group mofat,1,1,0,0
O*NET,31.0,Scientific Software Group MohrView,scientific software group mohrview,1,1,0,0
O*NET,31.0,Scientific Software Group MOVER,scientific software group mover,1,1,0,0
O*NET,31.0,Scientific Software Group MS-VMS,scientific software group ms-vms,1,1,0,0
O*NET,31.0,Scientific Software Group MT3D99,scientific software group mt3d99,1,1,0,0
O*NET,31.0,Scientific Software Group OILVOL,scientific software group oilvol,1,1,0,0
O*NET,31.0,Scientific Software Group POLLUTE,scientific software group pollute,1,1,0,0
O*NET,31.0,Scientific Software Group QHM,scientific software group qhm,1,1,0,0
O*NET,31.0,Scientific Software Group QuickSoil,scientific software group quicksoil,1,1,0,0
O*NET,31.0,Scientific Software Group RISC WorkBench,scientific software group risc workbench,1,1,0,0
O*NET,31.0,Scientific Software Group RMT,scientific software group rmt,1,1,0,0
O*NET,31.0,Scientific Software Group SEQUENCE,scientific software group sequence,1,1,0,0
O*NET,31.0,Scientific Software Group SESOIL,scientific software group sesoil,1,1,0,0
O*NET,31.0,Scientific Software Group SLAEM/MLAEM,scientific software group slaem/mlaem,1,1,0,0
O*NET,31.0,Scientific Software Group Soil Vapor Extraction BioSVE,scientific software group soil vapor extraction biosve,1,1,0,0
O*NET,31.0,Scientific Software Group SOILPARA,scientific software group soilpara,1,1,0,0
O*NET,31.0,Scientific Software Group SOLUTRANS,scientific software group solutrans,1,1,0,0
O*NET,31.0,Scientific Software Group StepMaster,scientific software group stepmaster,1,1,0,0
O*NET,31.0,Scientific Software Group SURF,scientific software group surf,1,1,0,0
O*NET,31.0,Scientific Software Group SVFlux,scientific software group svflux,1,1,0,0
O*NET,31.0,Scientific Software Group SVHeat,scientific software group svheat,2,2,0,0
O*NET,31.0,Scientific Software Group TUFLOW,scientific software group tuflow,1,1,0,0
O*NET,31.0,Scientific Software Group VAM2D,scientific software group vam2d,1,1,0,0
O*NET,31.0,Scientific Software Group WinFlow,scientific software group winflow,1,1,0,0
O*NET,31.0,Scientific Software Group WinTran,scientific software group wintran,1,1,0,0
O*NET,31.0,Scientific Software GroupWHI UnSAT Suite,scientific software groupwhi unsat suite,1,1,0,0
O*NET,31.0,Scientific Software GroupWinFence,scientific software groupwinfence,1,1,0,0
O*NET,31.0,Scientific Software International BILOG-MG,scientific software international bilog-mg,1,1,0,0
O*NET,31.0,Scientific Software International HLM,scientific software international hlm,4,4,0,0
O*NET,31.0,Scientific Software International LISREL,scientific software international lisrel,2,2,0,0
O*NET,31.0,Scientific Software International MULTILOG,scientific software international multilog,1,1,0,0
O*NET,31.0,Scientific Software International PARSCALE,scientific software international parscale,1,1,0,0
O*NET,31.0,Scientific Software International SSI Hierarchical Linear and Non-Linear Modeling HLM,scientific software international ssi hierarchical linear and non-linear modeling hlm,1,1,0,0
O*NET,31.0,Scientific Software International SSI LISREL,scientific software international ssi lisrel,1,1,0,0
O*NET,31.0,Scientific Software International TESTFACT,scientific software international testfact,1,1,0,0
O*NET,31.0,Sciforma,sciforma,1,1,0,0
O*NET,31.0,SciGraphica,scigraphica,1,1,0,0
O*NET,31.0,Scikit-learn,scikit-learn,2,2,0,2
O*NET,31.0,SciLab,scilab,1,1,0,0
O*NET,31.0,SciPy,scipy,1,1,0,0
O*NET,31.0,SciQuest PE TurboChrom,sciquest pe turbochrom,1,1,0,0
O*NET,31.0,Scott Systems MaxxTraxx Pro,scott systems maxxtraxx pro,1,1,0,0
O*NET,31.0,Screaming Frog SEO Spider,screaming frog seo spider,1,1,0,1
O*NET,31.0,Screen magnification software,screen magnification software,8,8,0,0
O*NET,31.0,Screen reader software,screen reader software,9,9,0,0
O*NET,31.0,Screencast-O-Matic,screencast-o-matic,9,9,0,0
O*NET,31.0,Screencastify,screencastify,19,19,0,0
O*NET,31.0,Scribus,scribus,2,2,0,0
O*NET,31.0,Scriptella,scriptella,2,2,0,0
O*NET,31.0,Scripting software,scripting software,1,1,0,0
O*NET,31.0,ScriptPerfection Power Writer,scriptperfection power writer,1,1,0,0
O*NET,31.0,SDA Survey,sda survey,1,1,0,0
O*NET,31.0,SDS Software Solutions DayCare Information Systems PRO,sds software solutions daycare information systems pro,1,1,0,0
O*NET,31.0,SEA.AI Offshore ONE,sea.ai offshore one,1,1,0,0
O*NET,31.0,Seacoast Laboratory Data Systems SurroundLab AR,seacoast laboratory data systems surroundlab ar,1,1,0,0
O*NET,31.0,Seacoast Laboratory Data Systems SurroundLab Plus,seacoast laboratory data systems surroundlab plus,2,2,0,0
O*NET,31.0,SeaMonkey,seamonkey,3,3,0,0
O*NET,31.0,Search engine marketing SEM software,search engine marketing sem software,1,1,0,0
O*NET,31.0,Search engine optimization SEO software,search engine optimization seo software,1,1,0,0
O*NET,31.0,Search engine results pages SERP software,search engine results pages serp software,1,1,0,0
O*NET,31.0,Searchable online catalogs,searchable online catalogs,1,1,0,0
O*NET,31.0,Searchmetrics Suite,searchmetrics suite,1,1,0,0
O*NET,31.0,Seasafe Marine Software Seasafe,seasafe marine software seasafe,1,1,0,0
O*NET,31.0,Seasia Consulting School Wizard,seasia consulting school wizard,1,1,0,0
O*NET,31.0,Seattle Systems Shapemaker,seattle systems shapemaker,2,2,0,0
O*NET,31.0,Seaworthy Systems Shipboard Automated Maintenance Management SAMM,seaworthy systems shipboard automated maintenance management samm,1,1,0,0
O*NET,31.0,Seco Tools Seco Point,seco tools seco point,1,1,0,0
O*NET,31.0,Second Foundation NaviMeat,second foundation navimeat,1,1,0,0
O*NET,31.0,Secure internet filtering software,secure internet filtering software,1,1,0,0
O*NET,31.0,Secure shell SSH software,secure shell ssh software,2,2,0,0
O*NET,31.0,Secure web gateway software,secure web gateway software,1,1,0,0
O*NET,31.0,Securities analysis software,securities analysis software,2,2,0,0
O*NET,31.0,Security assertion markup language SAML,security assertion markup language saml,5,5,0,0
O*NET,31.0,Security incident management software,security incident management software,4,4,0,0
O*NET,31.0,Security risk assessment software,security risk assessment software,1,1,0,0
O*NET,31.0,Security testing software,security testing software,3,3,0,0
O*NET,31.0,SEDCAD,sedcad,1,1,0,0
O*NET,31.0,SeeByte SeeTrack,seebyte seetrack,1,1,0,0
O*NET,31.0,Seeing Machines faceLAB,seeing machines facelab,1,1,0,0
O*NET,31.0,SeeRite Flash and Match,seerite flash and match,1,1,0,0
O*NET,31.0,Seesaw,seesaw,14,14,0,0
O*NET,31.0,Segue SilkPerformer,segue silkperformer,1,1,0,0
O*NET,31.0,Seimens Healthineers,seimens healthineers,1,1,0,0
O*NET,31.0,Seismic interpretation software,seismic interpretation software,1,1,0,0
O*NET,31.0,Seismic Micro-Technology KINGDOM,seismic micro-technology kingdom,2,2,0,0
O*NET,31.0,Seismic visualization software,seismic visualization software,1,1,0,0
O*NET,31.0,Selectica Contract Performance Management,selectica contract performance management,1,1,0,0
O*NET,31.0,Selenium,selenium,22,22,22,1
O*NET,31.0,SEMC-2D,semc-2d,1,1,0,0
O*NET,31.0,Semichem AMPAC,semichem ampac,1,1,0,0
O*NET,31.0,Semicron Systems,semicron systems,2,2,0,0
O*NET,31.0,Semrush,semrush,1,1,0,1
O*NET,31.0,SendGrid,sendgrid,1,1,0,0
O*NET,31.0,Sendouts Recruiting,sendouts recruiting,1,1,0,0
O*NET,31.0,Sensory Computer Systems SIMS,sensory computer systems sims,1,1,0,0
O*NET,31.0,Sentai Pinpoint,sentai pinpoint,1,1,0,0
O*NET,31.0,Sentient Online MarketPrice,sentient online marketprice,1,1,0,0
O*NET,31.0,SentryOne SQL Sentry,sentryone sql sentry,2,2,0,0
O*NET,31.0,seoClarity,seoclarity,1,1,0,0
O*NET,31.0,Sequence database software,sequence database software,1,1,0,0
O*NET,31.0,SequentiX TreeMe,sequentix treeme,1,1,0,0
O*NET,31.0,Serenic Navigator CommunityCare,serenic navigator communitycare,1,1,0,0
O*NET,31.0,Serenity Software Editor,serenity software editor,1,1,0,0
O*NET,31.0,Serif DrawPlus,serif drawplus,2,2,0,0
O*NET,31.0,Serif PagePlus,serif pageplus,1,1,0,0
O*NET,31.0,ServiceMax,servicemax,2,2,0,0
O*NET,31.0,ServiceNow,servicenow,18,18,18,7
O*NET,31.0,Session Initiation Protocol SIP,session initiation protocol sip,1,1,0,0
O*NET,31.0,SGeMS,sgems,1,1,0,0
O*NET,31.0,Shafer Service Systems,shafer service systems,1,1,0,0
O*NET,31.0,Shape software,shape software,1,1,0,0
O*NET,31.0,SharedPlan Software SharedPlan Pro,sharedplan software sharedplan pro,1,1,0,0
O*NET,31.0,Sharetech Tabs Plus,sharetech tabs plus,1,1,0,0
O*NET,31.0,SharpCam Ltd. SharpCam,sharpcam ltd. sharpcam,1,1,0,0
O*NET,31.0,Shell script,shell script,43,43,43,1
O*NET,31.0,Shilstone seeMIX,shilstone seemix,1,1,0,0
O*NET,31.0,Shiny,shiny,1,1,0,0
O*NET,31.0,ShipConstructor,shipconstructor,1,1,0,0
O*NET,31.0,Shipment processing software,shipment processing software,1,1,0,0
O*NET,31.0,SHIPNEXT,shipnext,1,1,0,0
O*NET,31.0,Shipping and freight management software,shipping and freight management software,1,1,0,0
O*NET,31.0,Shipping software,shipping software,1,1,0,0
O*NET,31.0,Shipping Solutions,shipping solutions,1,1,0,0
O*NET,31.0,ShipWorks,shipworks,1,1,0,0
O*NET,31.0,ShootQ photography studio management software,shootq photography studio management software,1,1,0,0
O*NET,31.0,ShootZilla,shootzilla,1,1,0,0
O*NET,31.0,Shop management software,shop management software,1,1,0,0
O*NET,31.0,Shopify software,shopify software,1,1,0,1
O*NET,31.0,ShoreTel,shoretel,1,1,0,0
O*NET,31.0,Shortcuts Software Shortcuts Spa,shortcuts software shortcuts spa,1,1,0,0
O*NET,31.0,Showing Suite HomeFeedback,showing suite homefeedback,1,1,0,0
O*NET,31.0,Showing Suite HomeFollowup,showing suite homefollowup,1,1,0,0
O*NET,31.0,Showing Suite real estate software,showing suite real estate software,2,2,0,0
O*NET,31.0,Showing Suite Showing Calendar,showing suite showing calendar,1,1,0,0
O*NET,31.0,Shrodinger Jaguar,shrodinger jaguar,1,1,0,0
O*NET,31.0,Side Effects Houdini,side effects houdini,1,1,0,0
O*NET,31.0,Side Effects Software Houdini,side effects software houdini,1,1,0,0
O*NET,31.0,SideFX Houdini,sidefx houdini,1,1,0,1
O*NET,31.0,SIDRA INTERSECTION,sidra intersection,1,1,0,0
O*NET,31.0,Siemens APOGEE Building Automation Software,siemens apogee building automation software,1,1,0,0
O*NET,31.0,Siemens Energy and Automation,siemens energy and automation,1,1,0,0
O*NET,31.0,Siemens Hearing Instruments Practice Navigator,siemens hearing instruments practice navigator,1,1,0,0
O*NET,31.0,Siemens ModelSim,siemens modelsim,3,3,0,0
O*NET,31.0,Siemens NOVIUS Lab,siemens novius lab,2,2,0,0
O*NET,31.0,Siemens NX,siemens nx,10,10,0,0
O*NET,31.0,Siemens Patient Identification Check,siemens patient identification check,1,1,0,0
O*NET,31.0,Siemens PLM software,siemens plm software,1,1,0,0
O*NET,31.0,Siemens Power Plant Automation SPPA,siemens power plant automation sppa,1,1,0,0
O*NET,31.0,Siemens PSS Product Suite,siemens pss product suite,1,1,0,0
O*NET,31.0,Siemens SHELXTL,siemens shelxtl,1,1,0,0
O*NET,31.0,Siemens SIENET Sky,siemens sienet sky,1,1,0,0
O*NET,31.0,Siemens SIMATIC HMI,siemens simatic hmi,1,1,0,0
O*NET,31.0,Siemens SIMATIC STEP 7,siemens simatic step 7,2,2,0,0
O*NET,31.0,Siemens SIMATIC WinCC,siemens simatic wincc,2,2,0,0
O*NET,31.0,Siemens SINUMERIK CNC,siemens sinumerik cnc,1,1,0,0
O*NET,31.0,Siemens Soarian Financials,siemens soarian financials,2,2,0,0
O*NET,31.0,Siemens Soarian Scheduling,siemens soarian scheduling,2,2,0,0
O*NET,31.0,Siemens Solid Edge,siemens solid edge,5,5,0,0
O*NET,31.0,Siemens Spectrum Power TG,siemens spectrum power tg,1,1,0,0
O*NET,31.0,Siemens Spectrum PowerCC Distribution Management,siemens spectrum powercc distribution management,1,1,0,0
O*NET,31.0,Siemens Teamcenter,siemens teamcenter,3,3,0,1
O*NET,31.0,Siemens Teleperm,siemens teleperm,1,1,0,0
O*NET,31.0,Siemens UGS Jack,siemens ugs jack,1,1,0,0
O*NET,31.0,Siemens UGS NX,siemens ugs nx,1,1,0,0
O*NET,31.0,Sierra Scientific Software CRIS,sierra scientific software cris,2,2,0,0
O*NET,31.0,SigmaTEK SigmaNEST,sigmatek sigmanest,1,1,0,0
O*NET,31.0,Sigmetrix CETOL 6 Sigma,sigmetrix cetol 6 sigma,1,1,0,0
O*NET,31.0,Sigmund Software Sigmund Enterprise Management,sigmund software sigmund enterprise management,2,2,0,0
O*NET,31.0,Signal analysis software,signal analysis software,2,2,0,0
O*NET,31.0,Signal detection software,signal detection software,1,1,0,0
O*NET,31.0,Signal integrity simulation software,signal integrity simulation software,1,1,0,0
O*NET,31.0,Signal synthesizers,signal synthesizers,1,1,0,0
O*NET,31.0,SignCAD Systems SignCAD,signcad systems signcad,1,1,0,0
O*NET,31.0,Signet Nobeltec Catch,signet nobeltec catch,1,1,0,0
O*NET,31.0,SIL International The Linguist's Shoebox,sil international the linguist's shoebox,1,1,0,0
O*NET,31.0,Silk Road technology OpenHire,silk road technology openhire,1,1,0,0
O*NET,31.0,Silver Peak,silver peak,1,1,0,0
O*NET,31.0,Silverbyte Systems Optima Property Management System PMS,silverbyte systems optima property management system pms,1,1,0,0
O*NET,31.0,sim4,sim4,1,1,0,0
O*NET,31.0,Simple API for XML SAX,simple api for xml sax,2,2,0,0
O*NET,31.0,Simple DirectMedia Layer SDL,simple directmedia layer sdl,1,1,0,0
O*NET,31.0,Simple mail transfer protocol SMTP,simple mail transfer protocol smtp,1,1,0,0
O*NET,31.0,Simple Model of the Atmospheric Radiative Transfer of Sunshine SMARTS,simple model of the atmospheric radiative transfer of sunshine smarts,1,1,0,0
O*NET,31.0,Simple network management protocol SNMP software,simple network management protocol snmp software,3,3,0,0
O*NET,31.0,SimpleClinic Practice Management software,simpleclinic practice management software,1,1,0,0
O*NET,31.0,Simplifi pixifi,simplifi pixifi,1,1,0,0
O*NET,31.0,simplifyMD,simplifymd,9,9,0,0
O*NET,31.0,Simply Hearing Software Simply Hearing OMS,simply hearing software simply hearing oms,1,1,0,0
O*NET,31.0,Simply Studio System,simply studio system,1,1,0,0
O*NET,31.0,Simsol for Adjusters,simsol for adjusters,1,1,0,0
O*NET,31.0,Simulation and modeling software,simulation and modeling software,1,1,0,0
O*NET,31.0,Simulation of fires in enclosures SOFIE software,simulation of fires in enclosures sofie software,1,1,0,0
O*NET,31.0,Simulation program with integrated circuit emphasis SPICE,simulation program with integrated circuit emphasis spice,9,9,0,1
O*NET,31.0,Simulation software,simulation software,13,13,0,0
O*NET,31.0,Simultaneous location and mapping SLAM,simultaneous location and mapping slam,2,2,0,0
O*NET,31.0,SimWindows,simwindows,1,1,0,0
O*NET,31.0,Single sign-on SSO,single sign-on sso,5,5,0,1
O*NET,31.0,Sirona SIDEXIS XG,sirona sidexis xg,1,1,0,0
O*NET,31.0,SirsiDynix Symphony,sirsidynix symphony,2,2,0,0
O*NET,31.0,Sirus GT Construction Accounting,sirus gt construction accounting,1,1,0,0
O*NET,31.0,SIS SEMCI PARTNER,sis semci partner,1,1,0,0
O*NET,31.0,SiSense Prism,sisense prism,1,1,0,0
O*NET,31.0,Site Manager,site manager,1,1,0,0
O*NET,31.0,Site mapping software,site mapping software,1,1,0,0
O*NET,31.0,Site remediation management software,site remediation management software,2,2,0,0
O*NET,31.0,SiteComp Survey,sitecomp survey,2,2,0,0
O*NET,31.0,Sitecore CMS,sitecore cms,2,2,0,0
O*NET,31.0,SiteMaster SiteSmart,sitemaster sitesmart,1,1,0,0
O*NET,31.0,Situation resource tracking software,situation resource tracking software,1,1,0,0
O*NET,31.0,sK1,sk1,1,1,0,0
O*NET,31.0,Skencil,skencil,1,1,0,0
O*NET,31.0,SKILL FMEA software,skill fmea software,1,1,0,0
O*NET,31.0,SkillSoft SkillPort,skillsoft skillport,2,2,0,0
O*NET,31.0,SkillTRAN Job Browser Pro,skilltran job browser pro,1,1,0,0
O*NET,31.0,SkillTRAN OASYS,skilltran oasys,1,1,0,0
O*NET,31.0,SKM Systems Analysis Power Tools,skm systems analysis power tools,4,4,0,2
O*NET,31.0,Skylog Services Skylog Pro,skylog services skylog pro,2,2,0,0
O*NET,31.0,Skype,skype,24,24,0,0
O*NET,31.0,Skyscape 5-Minute Clinical Consult,skyscape 5-minute clinical consult,1,1,0,0
O*NET,31.0,Skyscape AnesthesiaDrugs,skyscape anesthesiadrugs,2,2,0,0
O*NET,31.0,Skyscape medical software,skyscape medical software,2,2,0,0
O*NET,31.0,Skyscape Rosen and Barkin's 5-Minute Emergency Medicine Consult,skyscape rosen and barkin's 5-minute emergency medicine consult,2,2,0,0
O*NET,31.0,Skyward School Management System,skyward school management system,1,1,0,0
O*NET,31.0,Skywire Software InsBridge,skywire software insbridge,1,1,0,0
O*NET,31.0,Skywire Software Policyware,skywire software policyware,1,1,0,0
O*NET,31.0,Slack,slack,27,27,27,0
O*NET,31.0,Sleep analysis software,sleep analysis software,1,1,0,0
O*NET,31.0,Slido interaction software,slido interaction software,5,5,0,0
O*NET,31.0,Small Business Computers of New England AP Easy,small business computers of new england ap easy,1,1,0,0
O*NET,31.0,Smalltalk,smalltalk,5,5,0,0
O*NET,31.0,Smart card management software,smart card management software,1,1,0,0
O*NET,31.0,Smart Data Solutions RS Solutions,smart data solutions rs solutions,1,1,0,0
O*NET,31.0,Smart Digital Holter Monitor,smart digital holter monitor,1,1,0,0
O*NET,31.0,Smart Equipment Repair,smart equipment repair,1,1,0,0
O*NET,31.0,Smart Link Corporation ImTranslator,smart link corporation imtranslator,1,1,0,0
O*NET,31.0,SMART service management and route tracking software,smart service management and route tracking software,1,1,0,0
O*NET,31.0,Smart Solutions IEP Anywhere,smart solutions iep anywhere,1,1,0,0
O*NET,31.0,SmartBear Software Automated Build Studio,smartbear software automated build studio,1,1,0,0
O*NET,31.0,SmartBear Software AutomatedQA TestComplete,smartbear software automatedqa testcomplete,2,2,0,0
O*NET,31.0,SmartCAMcnc SmartCAM,smartcamcnc smartcam,3,3,0,0
O*NET,31.0,SmartDraw,smartdraw,1,1,0,0
O*NET,31.0,SmartDraw Legal,smartdraw legal,5,5,0,0
O*NET,31.0,SmartDraw VP,smartdraw vp,1,1,0,0
O*NET,31.0,Smartsheet,smartsheet,2,2,0,0
O*NET,31.0,SMEsource BillingOrchard,smesource billingorchard,1,1,0,0
O*NET,31.0,SmithMicro Anime Studio,smithmicro anime studio,1,1,0,0
O*NET,31.0,SmithMicro Manga Studio,smithmicro manga studio,1,1,0,0
O*NET,31.0,SmithMicro SoftwarePoser,smithmicro softwareposer,1,1,0,0
O*NET,31.0,Smithsonian Institution digital archives,smithsonian institution digital archives,1,1,0,0
O*NET,31.0,SMS Valet,sms valet,1,1,0,0
O*NET,31.0,SMSi Twister Data Integrator,smsi twister data integrator,2,2,0,0
O*NET,31.0,SmugMug Flickr,smugmug flickr,44,44,0,0
O*NET,31.0,Snakemake,snakemake,1,1,0,1
O*NET,31.0,Snap Survey Software,snap survey software,1,1,0,0
O*NET,31.0,Snap-On ShopKey,snap-on shopkey,1,1,0,0
O*NET,31.0,Snapchat,snapchat,3,3,0,0
O*NET,31.0,Sneakers Software DVMax Practice,sneakers software dvmax practice,1,1,0,0
O*NET,31.0,Sniffer Investigator,sniffer investigator,1,1,0,0
O*NET,31.0,SNOINO RCM Pro,snoino rcm pro,1,1,0,0
O*NET,31.0,SNOINO Ttree,snoino ttree,1,1,0,0
O*NET,31.0,Snorasson Holdings CCNow,snorasson holdings ccnow,1,1,0,0
O*NET,31.0,Snort,snort,9,9,0,0
O*NET,31.0,Snowflake,snowflake,6,6,6,5
O*NET,31.0,Snugg Home Snugg Pro,snugg home snugg pro,1,1,0,0
O*NET,31.0,SOAPware EMR,soapware emr,13,13,0,0
O*NET,31.0,Social computing tools,social computing tools,1,1,0,0
O*NET,31.0,Social media sites,social media sites,43,43,0,0
O*NET,31.0,Social media software,social media software,8,8,0,0
O*NET,31.0,Social network analysis software,social network analysis software,1,1,0,0
O*NET,31.0,Social networking platforms,social networking platforms,1,1,0,0
O*NET,31.0,Social networking software,social networking software,2,2,0,0
O*NET,31.0,Social Solutions ETO,social solutions eto,3,3,0,0
O*NET,31.0,Social studies educational software,social studies educational software,1,1,0,0
O*NET,31.0,Social Work Software ClientTouch,social work software clienttouch,2,2,0,0
O*NET,31.0,Socorro Scientific Software Refract2K,socorro scientific software refract2k,1,1,0,0
O*NET,31.0,Socrates Contractor's Library,socrates contractor's library,1,1,0,0
O*NET,31.0,Soffront CRM Portal,soffront crm portal,1,1,0,0
O*NET,31.0,Soft Essentials Vending Essentials,soft essentials vending essentials,1,1,0,0
O*NET,31.0,Soft Servo Systems LadderWorks PLC,soft servo systems ladderworks plc,1,1,0,0
O*NET,31.0,Soft Trac Microix Timesheet,soft trac microix timesheet,1,1,0,0
O*NET,31.0,SoftBrands Fourth Shift Edition,softbrands fourth shift edition,1,1,0,0
O*NET,31.0,SoftCafe MenuPro,softcafe menupro,3,3,0,0
O*NET,31.0,SoftCafe ScheduleWriter,softcafe schedulewriter,1,1,0,0
O*NET,31.0,SoftCare CenterCare,softcare centercare,1,1,0,0
O*NET,31.0,SoftChalk LessonBuilder,softchalk lessonbuilder,1,1,0,0
O*NET,31.0,SofTech CADRA,softech cadra,4,4,0,0
O*NET,31.0,SoftEmpire Electrical Calculations,softempire electrical calculations,1,1,0,0
O*NET,31.0,SofterWare DonorPerfect,softerware donorperfect,1,1,0,0
O*NET,31.0,SofterWare EZ-CARE2,softerware ez-care2,1,1,0,0
O*NET,31.0,SoftICE,softice,1,1,0,0
O*NET,31.0,Softimage Extreme,softimage extreme,1,1,0,0
O*NET,31.0,SoftLab PHEdesign,softlab phedesign,1,1,0,0
O*NET,31.0,SoftMed ChartLocater,softmed chartlocater,2,2,0,0
O*NET,31.0,SoftMed ChartRelease,softmed chartrelease,2,2,0,0
O*NET,31.0,SoftMed ChartReserve,softmed chartreserve,2,2,0,0
O*NET,31.0,Softpedia ShopInvo,softpedia shopinvo,2,2,0,0
O*NET,31.0,Softphone software,softphone software,1,1,0,0
O*NET,31.0,SoftPro real estate closing and title software,softpro real estate closing and title software,1,1,0,0
O*NET,31.0,SoftPsych Psychiatric Diagnosis,softpsych psychiatric diagnosis,1,1,0,0
O*NET,31.0,Softrail AEI Automatic Yard Tracking System,softrail aei automatic yard tracking system,2,2,0,0
O*NET,31.0,Softrail AEI Rail & Road Manager,softrail aei rail & road manager,2,2,0,0
O*NET,31.0,Softrax Revenue Management,softrax revenue management,2,2,0,0
O*NET,31.0,Softree Technical Systems Terrain Tools,softree technical systems terrain tools,2,2,0,0
O*NET,31.0,Softrip Travel Software System,softrip travel software system,1,1,0,0
O*NET,31.0,SoftRisk Technologies SoftRisk SQL,softrisk technologies softrisk sql,1,1,0,0
O*NET,31.0,SoftSource CADview,softsource cadview,1,1,0,0
O*NET,31.0,Softstar Costar COCOMO II,softstar costar cocomo ii,2,2,0,0
O*NET,31.0,Softtruck CargoWiz,softtruck cargowiz,1,1,0,0
O*NET,31.0,Software AG enterprise software,software ag enterprise software,2,2,0,0
O*NET,31.0,Software AG Underwriting Solution,software ag underwriting solution,1,1,0,0
O*NET,31.0,Software as a service SaaS,software as a service saas,6,6,0,0
O*NET,31.0,Software asset management SAM software,software asset management sam software,2,2,0,0
O*NET,31.0,Software Bisque CCDSoft,software bisque ccdsoft,1,1,0,0
O*NET,31.0,Software Design Associates Computer Fencing System CFS,software design associates computer fencing system cfs,1,1,0,0
O*NET,31.0,Software development tools,software development tools,27,27,0,1
O*NET,31.0,Software distribution management software,software distribution management software,2,2,0,0
O*NET,31.0,Software distribution software,software distribution software,2,2,0,0
O*NET,31.0,Software libraries,software libraries,9,9,0,0
O*NET,31.0,Software Motif MyEMR,software motif myemr,1,1,0,0
O*NET,31.0,Software on Sailboats Desktop Sales Manager,software on sailboats desktop sales manager,2,2,0,0
O*NET,31.0,Software Technology PracticeMaster,software technology practicemaster,1,1,0,0
O*NET,31.0,Software Technology Tabs3,software technology tabs3,1,1,0,0
O*NET,31.0,Softworks Global PESoftOne,softworks global pesoftone,1,1,0,0
O*NET,31.0,Softworx Solutions ChiroWrite,softworx solutions chirowrite,1,1,0,0
O*NET,31.0,SoftZymics VisualEnzymics,softzymics visualenzymics,1,1,0,0
O*NET,31.0,Soil information databases,soil information databases,1,1,0,0
O*NET,31.0,Soil mapping software,soil mapping software,1,1,0,0
O*NET,31.0,Soil Survey Geographic SSURGO,soil survey geographic ssurgo,1,1,0,0
O*NET,31.0,SoilVision Systems SVGrainsize,soilvision systems svgrainsize,1,1,0,0
O*NET,31.0,SoilVision Systems SVOFFICE,soilvision systems svoffice,2,2,0,0
O*NET,31.0,Sokkia Imap,sokkia imap,1,1,0,0
O*NET,31.0,Sokkia Spectrum Survey Suite,sokkia spectrum survey suite,1,1,0,0
O*NET,31.0,Solar Advisor Model,solar advisor model,1,1,0,0
O*NET,31.0,Solar analysis software,solar analysis software,1,1,0,0
O*NET,31.0,Solar and Wind Energy Resource Assessment SWERA,solar and wind energy resource assessment swera,1,1,0,0
O*NET,31.0,SOLAR-2,solar-2,1,1,0,0
O*NET,31.0,SolarWinds,solarwinds,7,7,0,0
O*NET,31.0,Solera Audatex Estimating,solera audatex estimating,1,1,0,0
O*NET,31.0,SolidCAM CAM software,solidcam cam software,2,2,0,0
O*NET,31.0,SolidCAM iMachining,solidcam imachining,1,1,0,0
O*NET,31.0,Solidity,solidity,1,1,0,1
O*NET,31.0,solidThinking,solidthinking,1,1,0,0
O*NET,31.0,SolidWorks COSMOSWorks,solidworks cosmosworks,2,2,0,0
O*NET,31.0,SolidWorks Enterprise PDM,solidworks enterprise pdm,1,1,0,0
O*NET,31.0,SolTrace,soltrace,1,1,0,0
O*NET,31.0,Solution Specialties TRACKER,solution specialties tracker,1,1,0,0
O*NET,31.0,Solutions by Design ScreenPlay,solutions by design screenplay,1,1,0,0
O*NET,31.0,Solutions Technology & Software HR Premier,solutions technology & software hr premier,1,1,0,0
O*NET,31.0,Solvcalv,solvcalv,1,1,0,0
O*NET,31.0,Somat eDAQ,somat edaq,1,1,0,0
O*NET,31.0,Sona Systems Experiment Management System,sona systems experiment management system,1,1,0,0
O*NET,31.0,SonarQube,sonarqube,1,1,0,0
O*NET,31.0,Sonic Studio audio software,sonic studio audio software,1,1,0,0
O*NET,31.0,Sonicwall SonicOS Enhanced,sonicwall sonicos enhanced,1,1,0,0
O*NET,31.0,Sonoma Wire Works RiffWorks,sonoma wire works riffworks,1,1,0,0
O*NET,31.0,Sony Creative Software Vegas Movie Studio,sony creative software vegas movie studio,1,1,0,0
O*NET,31.0,Sony Sound Forge,sony sound forge,2,2,0,0
O*NET,31.0,Sorenson Media Sorenson Squeeze,sorenson media sorenson squeeze,2,2,0,0
O*NET,31.0,Sortation software,sortation software,1,1,0,0
O*NET,31.0,Sound development software,sound development software,1,1,0,0
O*NET,31.0,Sound pressure analysis equipment,sound pressure analysis equipment,1,1,0,0
O*NET,31.0,SoundPLAN,soundplan,1,1,0,0
O*NET,31.0,Source code editor software,source code editor software,4,4,0,0
O*NET,31.0,Source code management SCM software,source code management scm software,1,1,0,0
O*NET,31.0,Source code migration software,source code migration software,1,1,0,0
O*NET,31.0,Sourcing Simulator,sourcing simulator,1,1,0,0
O*NET,31.0,Southern Data Systems TellerPro,southern data systems tellerpro,1,1,0,0
O*NET,31.0,Southwest Research Institute NASGRO,southwest research institute nasgro,1,1,0,0
O*NET,31.0,Spa management software,spa management software,1,1,0,0
O*NET,31.0,spaCy,spacy,1,1,0,0
O*NET,31.0,SpaGuru,spaguru,1,1,0,0
O*NET,31.0,Sparta Systems TrackWise,sparta systems trackwise,4,4,0,1
O*NET,31.0,SpartaTrac,spartatrac,1,1,0,0
O*NET,31.0,Spatial Analysis and Decision Assistance SADA,spatial analysis and decision assistance sada,1,1,0,0
O*NET,31.0,Spatial decision support systems SDSS software,spatial decision support systems sdss software,1,1,0,0
O*NET,31.0,SPAW,spaw,1,1,0,0
O*NET,31.0,Special Agent,special agent,1,1,0,0
O*NET,31.0,Special education educational software,special education educational software,1,1,0,0
O*NET,31.0,Special Education Student Information System SESIS,special education student information system sesis,1,1,0,0
O*NET,31.0,Specialist Data Solutions OctoPlus,specialist data solutions octoplus,1,1,0,0
O*NET,31.0,Specialized Business Solutions Keystroke POS,specialized business solutions keystroke pos,1,1,0,0
O*NET,31.0,Specialized Data Systems School Office,specialized data systems school office,1,1,0,0
O*NET,31.0,Specialized Data Systems Ultra Farm,specialized data systems ultra farm,1,1,0,0
O*NET,31.0,Specification software,specification software,1,1,0,0
O*NET,31.0,Specimen labeling system software,specimen labeling system software,2,2,0,0
O*NET,31.0,Specimen tracking software,specimen tracking software,2,2,0,0
O*NET,31.0,SpecsInTact,specsintact,1,1,0,0
O*NET,31.0,Spectral Dynamics STAR,spectral dynamics star,1,1,0,0
O*NET,31.0,Spectral Dynamics Star Acoustics,spectral dynamics star acoustics,1,1,0,0
O*NET,31.0,Spectral Dynamics Star Modal,spectral dynamics star modal,1,1,0,0
O*NET,31.0,SpectraMedi EasyFlow,spectramedi easyflow,1,1,0,0
O*NET,31.0,SpectraQuest,spectraquest,1,1,0,0
O*NET,31.0,SpectraSoft AppointmentsCS,spectrasoft appointmentscs,1,1,0,0
O*NET,31.0,SpectraSoft AppointmentsPRO,spectrasoft appointmentspro,2,2,0,0
O*NET,31.0,SpectraSoft DocuPRO,spectrasoft docupro,2,2,0,0
O*NET,31.0,Spectrophotometer analysis software,spectrophotometer analysis software,1,1,0,0
O*NET,31.0,Spectroscopy databases,spectroscopy databases,1,1,0,0
O*NET,31.0,Spectroscopy software,spectroscopy software,2,2,0,0
O*NET,31.0,Spectrum K12 School Solutions Encore,spectrum k12 school solutions encore,1,1,0,0
O*NET,31.0,Spectrum Software Micro-Cap,spectrum software micro-cap,1,1,0,0
O*NET,31.0,SpED Forms,sped forms,1,1,0,0
O*NET,31.0,Speech analysis software,speech analysis software,2,2,0,0
O*NET,31.0,Speech recognition software,speech recognition software,6,6,0,0
O*NET,31.0,Speediware SpeedEEO,speediware speedeeo,1,1,0,0
O*NET,31.0,SpeedType,speedtype,1,1,0,0
O*NET,31.0,SpeedUp Trans,speedup trans,1,1,0,0
O*NET,31.0,Spellex AccuCount,spellex accucount,1,1,0,0
O*NET,31.0,Spelling and grammar checking software,spelling and grammar checking software,1,1,0,0
O*NET,31.0,Spillman Technologies Records Management,spillman technologies records management,2,2,0,0
O*NET,31.0,Spillman Technologies Spillman Computer-Aided Dispatch,spillman technologies spillman computer-aided dispatch,1,1,0,0
O*NET,31.0,SpiritWorks Software Development Rental Property Tracker Plus,spiritworks software development rental property tracker plus,1,1,0,0
O*NET,31.0,SPLAT!,splat!,1,1,0,0
O*NET,31.0,Splunk Enterprise,splunk enterprise,40,40,40,4
O*NET,31.0,SplutterFish Brazil,splutterfish brazil,1,1,0,0
O*NET,31.0,SPMLab,spmlab,1,1,0,0
O*NET,31.0,SportSoft Equipment Manager,sportsoft equipment manager,1,1,0,0
O*NET,31.0,Spreadsheet applications,spreadsheet applications,1,1,0,0
O*NET,31.0,Spreadsheet programs,spreadsheet programs,1,1,0,0
O*NET,31.0,Spreadware Business Financial Analysis,spreadware business financial analysis,2,2,0,0
O*NET,31.0,Spreadware Business Valuator,spreadware business valuator,2,2,0,0
O*NET,31.0,Spreadware Pro Forma,spreadware pro forma,2,2,0,0
O*NET,31.0,Spring Boot,spring boot,14,14,14,2
O*NET,31.0,Spring Framework,spring framework,16,16,16,2
O*NET,31.0,Springshare LibGuides,springshare libguides,1,1,0,1
O*NET,31.0,Sprut Technology SprutCAM,sprut technology sprutcam,1,1,0,0
O*NET,31.0,SPX/OTC Genisys ConnecTech PC,spx/otc genisys connectech pc,1,1,0,0
O*NET,31.0,SQLite,sqlite,1,1,0,0
O*NET,31.0,Square,square,1,1,0,0
O*NET,31.0,Squeegee,squeegee,3,3,0,0
O*NET,31.0,SRC Cash Flow Analyzer Pro,src cash flow analyzer pro,1,1,0,0
O*NET,31.0,SRC Cash Flow Forecasting,src cash flow forecasting,1,1,0,0
O*NET,31.0,SRSsoft SRS EHR,srssoft srs ehr,1,1,0,0
O*NET,31.0,SS&C PTS,ss&c pts,1,1,0,0
O*NET,31.0,SS&C Technologies Skyline Property Management,ss&c technologies skyline property management,1,1,0,0
O*NET,31.0,SSA Global BPCS,ssa global bpcs,1,1,0,0
O*NET,31.0,SSA Global Infinium Financial Management,ssa global infinium financial management,2,2,0,0
O*NET,31.0,SSA Global Supply Chain Management,ssa global supply chain management,1,1,0,0
O*NET,31.0,SSA Global Warehouse Management System WMS,ssa global warehouse management system wms,1,1,0,0
O*NET,31.0,SST Development Group SSToolbox,sst development group sstoolbox,2,2,0,0
O*NET,31.0,SST Development Group Stratus,sst development group stratus,1,1,0,0
O*NET,31.0,St. Paul Travelers e-CARMA,st. paul travelers e-carma,3,3,0,0
O*NET,31.0,Stac Software ReachOut,stac software reachout,2,2,0,0
O*NET,31.0,Stack smashing protection SSP software,stack smashing protection ssp software,1,1,0,0
O*NET,31.0,Staff scheduling software,staff scheduling software,2,2,0,0
O*NET,31.0,Staffing Solutions Enterprises Staff Matrix,staffing solutions enterprises staff matrix,1,1,0,0
O*NET,31.0,StaffingSoft Staffing Edition,staffingsoft staffing edition,1,1,0,0
O*NET,31.0,Stamps.com software,stamps.com software,1,1,0,0
O*NET,31.0,Standard & Poor's Capital IQ Compustat,standard & poor's capital iq compustat,1,1,0,0
O*NET,31.0,Standard generalized markup language SGML,standard generalized markup language sgml,2,2,0,0
O*NET,31.0,Standard Installation and Division Personnel Reporting System SIDPERS,standard installation and division personnel reporting system sidpers,1,1,0,0
O*NET,31.0,Standardized general markup language SGML,standardized general markup language sgml,2,2,0,0
O*NET,31.0,Standpipe Studios Vertabase,standpipe studios vertabase,1,1,0,0
O*NET,31.0,Stanford Business Software MINOS,stanford business software minos,1,1,0,0
O*NET,31.0,Stanford Business Software SNOPT,stanford business software snopt,1,1,0,0
O*NET,31.0,Star Software Fixed Asset Depreciation,star software fixed asset depreciation,1,1,0,0
O*NET,31.0,Star Software Materiality Calculator,star software materiality calculator,1,1,0,0
O*NET,31.0,Star Tec Software Hercules Export,star tec software hercules export,1,1,0,0
O*NET,31.0,Starcal,starcal,1,1,0,0
O*NET,31.0,StarData,stardata,1,1,0,0
O*NET,31.0,Starkey Laboratories ProHear,starkey laboratories prohear,1,1,0,0
O*NET,31.0,STARLIMS,starlims,3,3,0,0
O*NET,31.0,Starpint Software Super Slug,starpint software super slug,2,2,0,0
O*NET,31.0,Starre Enterprises Star Bill of Lading,starre enterprises star bill of lading,1,1,0,0
O*NET,31.0,StartingAClothingLine.com Digital Fashion Pro,startingaclothingline.com digital fashion pro,1,1,0,0
O*NET,31.0,STAT! Systems QD Clinical,stat! systems qd clinical,3,3,0,0
O*NET,31.0,Stat-Ease Design-Ease,stat-ease design-ease,1,1,0,0
O*NET,31.0,Stat-Ease Design-Expert,stat-ease design-expert,2,2,0,0
O*NET,31.0,StataCorp Stata,statacorp stata,54,54,0,4
O*NET,31.0,StatCoder.com STAT E&M Coder,statcoder.com stat e&m coder,1,1,0,0
O*NET,31.0,StatCom Patient Flow Logistics Enterprise Suite,statcom patient flow logistics enterprise suite,7,7,0,0
O*NET,31.0,State crime information databases,state crime information databases,1,1,0,0
O*NET,31.0,State diagram software,state diagram software,1,1,0,0
O*NET,31.0,State Soil Geographic STATSGO Database,state soil geographic statsgo database,3,3,0,0
O*NET,31.0,Statgraphics,statgraphics,3,3,0,0
O*NET,31.0,Static analysis software,static analysis software,3,3,0,0
O*NET,31.0,Static Free Software Electric VLSI Design System,static free software electric vlsi design system,2,2,0,0
O*NET,31.0,Static strength prediction software,static strength prediction software,1,1,0,0
O*NET,31.0,STATISTICA,statistica,12,12,0,0
O*NET,31.0,Statistical analysis software,statistical analysis software,10,10,0,0
O*NET,31.0,Statistical energy analysis SEA software,statistical energy analysis sea software,1,1,0,0
O*NET,31.0,Statistical process control SPC data collection devices,statistical process control spc data collection devices,1,1,0,0
O*NET,31.0,Statistical process control SPC software,statistical process control spc software,5,5,0,0
O*NET,31.0,Statistical processing software,statistical processing software,2,2,0,0
O*NET,31.0,Statistical software,statistical software,40,40,0,3
O*NET,31.0,Statistical Solutions BMDP,statistical solutions bmdp,2,2,0,0
O*NET,31.0,Statistical Solutions SOLAS,statistical solutions solas,1,1,0,0
O*NET,31.0,Statistics databases,statistics databases,1,1,0,0
O*NET,31.0,Statistics software,statistics software,1,1,0,0
O*NET,31.0,StatPac,statpac,1,1,0,0
O*NET,31.0,StatPoint STATGRAPHICS Centurion,statpoint statgraphics centurion,1,1,0,0
O*NET,31.0,StatPoint StatGraphics Plus,statpoint statgraphics plus,1,1,0,0
O*NET,31.0,Steam System Tool Suite,steam system tool suite,1,1,0,0
O*NET,31.0,Steele Mutual Fund and Variable Annuity Expert,steele mutual fund and variable annuity expert,2,2,0,0
O*NET,31.0,Steinberg Cubase Pro,steinberg cubase pro,1,1,0,0
O*NET,31.0,Stellar Processes EZ Sim,stellar processes ez sim,1,1,0,0
O*NET,31.0,Stenco Technologies Farm Trends,stenco technologies farm trends,1,1,0,0
O*NET,31.0,Stenograph Case CATalyst,stenograph case catalyst,1,1,0,0
O*NET,31.0,Stenovations Digital CAT,stenovations digital cat,1,1,0,0
O*NET,31.0,Stereolithography SLA rapid prototyping systems,stereolithography sla rapid prototyping systems,2,2,0,0
O*NET,31.0,Steroplotter software,steroplotter software,1,1,0,0
O*NET,31.0,Stewart Computational Chemistry MOPAC,stewart computational chemistry mopac,1,1,0,0
O*NET,31.0,STI Computer Services ChartMaker,sti computer services chartmaker,1,1,0,0
O*NET,31.0,Stochastic modeling software,stochastic modeling software,2,2,0,0
O*NET,31.0,Storage area network SAN software,storage area network san software,9,9,0,0
O*NET,31.0,Storage management software,storage management software,3,3,0,0
O*NET,31.0,Storm Music Studio,storm music studio,1,1,0,0
O*NET,31.0,Stormdance CatsCradle,stormdance catscradle,1,1,0,0
O*NET,31.0,Stormwater hydrology software,stormwater hydrology software,1,1,0,0
O*NET,31.0,Stormwater runoff modeling software,stormwater runoff modeling software,2,2,0,0
O*NET,31.0,Storymind StoryWeaver,storymind storyweaver,1,1,0,0
O*NET,31.0,StrainSim,strainsim,1,1,0,0
O*NET,31.0,Strand7,strand7,1,1,0,0
O*NET,31.0,Strat-Tech Deer Hunting Expert,strat-tech deer hunting expert,1,1,0,0
O*NET,31.0,StrataCare StrataWare eReview,stratacare strataware ereview,1,1,0,0
O*NET,31.0,Stratasys FDM MedModeler,stratasys fdm medmodeler,2,2,0,0
O*NET,31.0,Strategic BCP ResilienceONE,strategic bcp resilienceone,1,1,0,0
O*NET,31.0,Strategic Business Systems Proof of Delivery,strategic business systems proof of delivery,1,1,0,0
O*NET,31.0,Strategic Reporting Systems ReportSmith,strategic reporting systems reportsmith,1,1,0,0
O*NET,31.0,Stratford Group INMASS/MRP,stratford group inmass/mrp,1,1,0,0
O*NET,31.0,Stratitec TimeIPS,stratitec timeips,1,1,0,0
O*NET,31.0,Street address databases,street address databases,1,1,0,0
O*NET,31.0,Stress analysis software,stress analysis software,1,1,0,0
O*NET,31.0,Stress testing software,stress testing software,3,3,0,0
O*NET,31.0,Striker Systems SS-Die Design,striker systems ss-die design,1,1,0,0
O*NET,31.0,Striker Systems SS-Draw Form,striker systems ss-draw form,1,1,0,0
O*NET,31.0,Striker Systems SS-Profile,striker systems ss-profile,1,1,0,0
O*NET,31.0,Striker Systems SS-Punch,striker systems ss-punch,1,1,0,0
O*NET,31.0,Striker Systems SS-Strip Design,striker systems ss-strip design,1,1,0,0
O*NET,31.0,String oriented symbolic language SNOBOL,string oriented symbolic language snobol,3,3,0,0
O*NET,31.0,Stromberg Enterprise,stromberg enterprise,1,1,0,0
O*NET,31.0,Strong Concepts TEAPAC,strong concepts teapac,1,1,0,0
O*NET,31.0,Stroud & Associates Employee Benefits Administration System,stroud & associates employee benefits administration system,1,1,0,0
O*NET,31.0,Structural Dynamics StruCAD*3D,structural dynamics strucad*3d,1,1,0,0
O*NET,31.0,Structure prediction software,structure prediction software,2,2,0,0
O*NET,31.0,Structure query language SQL,structure query language sql,21,21,0,0
O*NET,31.0,Structured data entry software,structured data entry software,2,2,0,0
O*NET,31.0,Structured query language SQL,structured query language sql,151,151,151,40
O*NET,31.0,Structured Query Report SQR,structured query report sqr,3,3,0,0
O*NET,31.0,Student and Exchange Visitor Information System SEVIS,student and exchange visitor information system sevis,2,2,0,0
O*NET,31.0,Student information systems SIS software,student information systems sis software,8,8,0,2
O*NET,31.0,Student record software,student record software,2,2,0,0
O*NET,31.0,Studio of Analytical Models STANMOD,studio of analytical models stanmod,1,1,0,0
O*NET,31.0,StudioCloud,studiocloud,1,1,0,0
O*NET,31.0,StudioPlus Spectra,studioplus spectra,1,1,0,0
O*NET,31.0,StudyManager Sponsor Edition,studymanager sponsor edition,2,2,0,0
O*NET,31.0,Style guide databases,style guide databases,2,2,0,0
O*NET,31.0,Stylite eGroupWare,stylite egroupware,1,1,0,0
O*NET,31.0,Substance Flow Analysis STAN,substance flow analysis stan,1,1,0,0
O*NET,31.0,Substation automation system software,substation automation system software,1,1,0,0
O*NET,31.0,Substation monitoring system software,substation monitoring system software,1,1,0,0
O*NET,31.0,SuccessWare service management software,successware service management software,1,1,0,0
O*NET,31.0,Suddenly Smart SmartBuilder,suddenly smart smartbuilder,1,1,0,0
O*NET,31.0,Sugar CRM,sugar crm,1,1,0,0
O*NET,31.0,SugarCRM Sugar UX,sugarcrm sugar ux,1,1,0,0
O*NET,31.0,SugarSync,sugarsync,1,1,0,0
O*NET,31.0,Summary Systems Fleet Commander,summary systems fleet commander,1,1,0,0
O*NET,31.0,Summation Blaze,summation blaze,1,1,0,0
O*NET,31.0,Summit Ordering Systems RvInvoiceWriter,summit ordering systems rvinvoicewriter,1,1,0,0
O*NET,31.0,Summit Software CarePoint,summit software carepoint,1,1,0,0
O*NET,31.0,Summit Software Summit Biofuels Accounting,summit software summit biofuels accounting,1,1,0,0
O*NET,31.0,SumQuest,sumquest,1,1,0,0
O*NET,31.0,SumTime Software SumTime,sumtime software sumtime,1,1,0,0
O*NET,31.0,SumTotal Systems ToolBook,sumtotal systems toolbook,3,3,0,0
O*NET,31.0,SumTotal Systems TotalLMS,sumtotal systems totallms,2,2,0,0
O*NET,31.0,Sun Microsystems Cobalt,sun microsystems cobalt,1,1,0,0
O*NET,31.0,Sun Microsystems Java,sun microsystems java,11,11,0,0
O*NET,31.0,Sun Microsystems Java Persistence API,sun microsystems java persistence api,1,1,0,0
O*NET,31.0,Sun Microsystems Java Servlet API,sun microsystems java servlet api,1,1,0,0
O*NET,31.0,Sun Microsystems Sun ONE,sun microsystems sun one,1,1,0,0
O*NET,31.0,Sun Nuclear MapCHECK,sun nuclear mapcheck,1,1,0,0
O*NET,31.0,Sunflow Render System,sunflow render system,1,1,0,0
O*NET,31.0,Sungard Assurance,sungard assurance,2,2,0,0
O*NET,31.0,SunGard BancWare,sungard bancware,2,2,0,0
O*NET,31.0,SunGard Financial Systems AddVantage,sungard financial systems addvantage,1,1,0,0
O*NET,31.0,SunGard Frontier,sungard frontier,1,1,0,0
O*NET,31.0,SunGard Higher Education Banner Financial Aid,sungard higher education banner financial aid,1,1,0,0
O*NET,31.0,SunGard Higher Education Banner Unified Digital Campus,sungard higher education banner unified digital campus,1,1,0,0
O*NET,31.0,Sungard Higher Education PowerFAIDS,sungard higher education powerfaids,1,1,0,0
O*NET,31.0,SunGard Kiodex Risk Workbench,sungard kiodex risk workbench,2,2,0,0
O*NET,31.0,SunGard LockBox,sungard lockbox,1,1,0,0
O*NET,31.0,SunGard MicroHedge,sungard microhedge,1,1,0,0
O*NET,31.0,SunGard NotiFind,sungard notifind,1,1,0,0
O*NET,31.0,SunGard Pentamation IEPplus,sungard pentamation iepplus,1,1,0,0
O*NET,31.0,SunGard PlanningStation,sungard planningstation,1,1,0,0
O*NET,31.0,SunGard Public Sector IFAS,sungard public sector ifas,1,1,0,0
O*NET,31.0,Sungard Relius,sungard relius,1,1,0,0
O*NET,31.0,SunGard WebPlaid,sungard webplaid,1,1,0,0
O*NET,31.0,Sunquest Information Systems Sunquest Clinical Financials,sunquest information systems sunquest clinical financials,1,1,0,0
O*NET,31.0,Sunquest Information Systems Sunquest Collection Manager,sunquest information systems sunquest collection manager,1,1,0,0
O*NET,31.0,Sunquest Information Systems Sunquest CoPathPlus,sunquest information systems sunquest copathplus,1,1,0,0
O*NET,31.0,Sunquest Information Systems Sunquest Laboratory,sunquest information systems sunquest laboratory,3,3,0,0
O*NET,31.0,Sunquest Information Systems Sunquest Transfusion Manager,sunquest information systems sunquest transfusion manager,1,1,0,0
O*NET,31.0,Sunrise Software CropSave,sunrise software cropsave,1,1,0,0
O*NET,31.0,SuperANOVA,superanova,2,2,0,0
O*NET,31.0,Supervisory control and data acquisition SCADA software,supervisory control and data acquisition scada software,62,62,0,0
O*NET,31.0,Supply chain capacity planning software,supply chain capacity planning software,1,1,0,0
O*NET,31.0,Supply chain event management software,supply chain event management software,1,1,0,0
O*NET,31.0,Supply documentation software,supply documentation software,2,2,0,0
O*NET,31.0,Supply inventory software,supply inventory software,1,1,0,0
O*NET,31.0,Supply ordering software,supply ordering software,1,1,0,0
O*NET,31.0,Supply system software,supply system software,2,2,0,0
O*NET,31.0,SUPREM,suprem,1,1,0,0
O*NET,31.0,Sure Will Writer,sure will writer,1,1,0,0
O*NET,31.0,SureQuest Systems Square 1,surequest systems square 1,1,1,0,0
O*NET,31.0,Surface III,surface iii,1,1,0,0
O*NET,31.0,Surface modeling software,surface modeling software,2,2,0,0
O*NET,31.0,Surface water modeling system SMS software,surface water modeling system sms software,1,1,0,0
O*NET,31.0,SURFDriver Software WinSURF,surfdriver software winsurf,1,1,0,0
O*NET,31.0,Surgery workflow communication software,surgery workflow communication software,2,2,0,0
O*NET,31.0,Surpass management system software,surpass management system software,1,1,0,0
O*NET,31.0,Survey Sense,survey sense,1,1,0,0
O*NET,31.0,Survey software,survey software,4,4,0,0
O*NET,31.0,SurveyWiz,surveywiz,1,1,0,0
O*NET,31.0,SUSTAIN Justice Edition,sustain justice edition,1,1,0,0
O*NET,31.0,Sustainable Management Approaches and Revitalization Tools SMARTe,sustainable management approaches and revitalization tools smarte,1,1,0,0
O*NET,31.0,SVArTracker,svartracker,1,1,0,0
O*NET,31.0,SVRPLOT,svrplot,1,1,0,0
O*NET,31.0,Swan River Estimiser Pro,swan river estimiser pro,1,1,0,0
O*NET,31.0,Swan River Software Estimiser Pro,swan river software estimiser pro,1,1,0,0
O*NET,31.0,SwarMala,swarmala,1,1,0,0
O*NET,31.0,Sweep analysis software,sweep analysis software,1,1,0,0
O*NET,31.0,SweetWARE nutraCoster,sweetware nutracoster,1,1,0,0
O*NET,31.0,SweetWARE nutraCoster Professional,sweetware nutracoster professional,1,1,0,0
O*NET,31.0,SweetWARE SmallPICS,sweetware smallpics,1,1,0,0
O*NET,31.0,SweetWARE stockCoster,sweetware stockcoster,1,1,0,0
O*NET,31.0,Swift,swift,25,25,25,0
O*NET,31.0,Swisslog WarehouseManager,swisslog warehousemanager,1,1,0,0
O*NET,31.0,Switch software,switch software,1,1,0,0
O*NET,31.0,SWIVEL Software,swivel software,1,1,0,0
O*NET,31.0,Sword Achiever Compliance Portal Dashboard,sword achiever compliance portal dashboard,1,1,0,0
O*NET,31.0,SyberWorks Training Center,syberworks training center,1,1,0,0
O*NET,31.0,Syborg Systems MicroTec,syborg systems microtec,1,1,0,0
O*NET,31.0,Sycle practice management software,sycle practice management software,1,1,0,0
O*NET,31.0,Sylvan Software Complete Medical Pharmaceutical Spell Checker,sylvan software complete medical pharmaceutical spell checker,1,1,0,0
O*NET,31.0,Sylvan Software DropChute Pro,sylvan software dropchute pro,1,1,0,0
O*NET,31.0,Sylvan Software ShortCut,sylvan software shortcut,1,1,0,0
O*NET,31.0,Symantec Altiris Deployment Solution,symantec altiris deployment solution,1,1,0,0
O*NET,31.0,Symantec Blue Coat Data Loss Prevention,symantec blue coat data loss prevention,1,1,0,0
O*NET,31.0,Symantec Endpoint Protection,symantec endpoint protection,1,1,0,0
O*NET,31.0,Symantec Ghost Solution Suite,symantec ghost solution suite,1,1,0,0
O*NET,31.0,Symantec Intruder Alert,symantec intruder alert,1,1,0,0
O*NET,31.0,Symantec LiveState,symantec livestate,1,1,0,0
O*NET,31.0,Symantec Norton Utilities,symantec norton utilities,2,2,0,0
O*NET,31.0,Symantec pcAnywhere,symantec pcanywhere,3,3,0,0
O*NET,31.0,Symantec PGP,symantec pgp,1,1,0,0
O*NET,31.0,Symantec Veritas File System,symantec veritas file system,1,1,0,0
O*NET,31.0,Symantec Veritas NetBackup,symantec veritas netbackup,1,1,0,0
O*NET,31.0,Symantec Veritas Volume Manager,symantec veritas volume manager,1,1,0,0
O*NET,31.0,Symantec Visual Cafe,symantec visual cafe,4,4,0,0
O*NET,31.0,Symark PowerBroker,symark powerbroker,1,1,0,0
O*NET,31.0,Symbolic debugger software,symbolic debugger software,1,1,0,0
O*NET,31.0,SyMetric Sciences SyMetric,symetric sciences symetric,2,2,0,0
O*NET,31.0,Symmetrica,symmetrica,1,1,0,0
O*NET,31.0,Symphony GOLD,symphony gold,1,1,0,0
O*NET,31.0,SynaMed EMR,synamed emr,9,9,0,0
O*NET,31.0,Synapse Adaptive Connect Outloud,synapse adaptive connect outloud,1,1,0,0
O*NET,31.0,Synapse outSPOKEN,synapse outspoken,2,2,0,0
O*NET,31.0,Synaptec LawBase Case Management,synaptec lawbase case management,1,1,0,0
O*NET,31.0,Sync Essentials Trade Accountant,sync essentials trade accountant,2,2,0,0
O*NET,31.0,SynDiag,syndiag,1,1,0,0
O*NET,31.0,Synergistic Office Solutions SOS Case Manager,synergistic office solutions sos case manager,1,1,0,0
O*NET,31.0,Synergy International Systems Synergy CaseTrack,synergy international systems synergy casetrack,1,1,0,0
O*NET,31.0,Synergy Software KaleidaGraph,synergy software kaleidagraph,3,3,0,0
O*NET,31.0,Synopsys Design Compiler,synopsys design compiler,2,2,0,0
O*NET,31.0,Synopsys electronic design software,synopsys electronic design software,1,1,0,0
O*NET,31.0,Synopsys Hercules,synopsys hercules,1,1,0,0
O*NET,31.0,Synopsys HSIM,synopsys hsim,1,1,0,0
O*NET,31.0,Synopsys HSPICE,synopsys hspice,2,2,0,0
O*NET,31.0,Synopsys PrimeTime,synopsys primetime,1,1,0,0
O*NET,31.0,Synopsys Saber,synopsys saber,1,1,0,0
O*NET,31.0,Synopsys Taurus Medici,synopsys taurus medici,1,1,0,0
O*NET,31.0,Synopsys TetraMax ATPG,synopsys tetramax atpg,1,1,0,0
O*NET,31.0,Synplicity Synplify,synplicity synplify,1,1,0,0
O*NET,31.0,Syntactically awesome style sheets SASS,syntactically awesome style sheets sass,1,1,0,0
O*NET,31.0,Syntec Systems Insight,syntec systems insight,1,1,0,0
O*NET,31.0,Synthematix StructureSearch,synthematix structuresearch,1,1,0,0
O*NET,31.0,Syscon Court Clerk,syscon court clerk,2,2,0,0
O*NET,31.0,SYSPRO business software,syspro business software,3,3,0,0
O*NET,31.0,SYSTAT,systat,1,1,0,0
O*NET,31.0,Systat Software LISA.lims,systat software lisa.lims,1,1,0,0
O*NET,31.0,Systat Software SigmaPlot,systat software sigmaplot,6,6,0,0
O*NET,31.0,Systat Software SigmaStat,systat software sigmastat,4,4,0,0
O*NET,31.0,Systat Software TableCurve,systat software tablecurve,1,1,0,0
O*NET,31.0,System and data disaster recovery software,system and data disaster recovery software,4,4,0,0
O*NET,31.0,System for Electronic Rate and Form Filing SERFF,system for electronic rate and form filing serff,1,1,0,0
O*NET,31.0,System Innovators,system innovators,1,1,0,0
O*NET,31.0,System testing software,system testing software,9,9,0,0
O*NET,31.0,System3 POS software,system3 pos software,2,2,0,0
O*NET,31.0,Systems analysis programs for hands on integrated reliability evaluation software SAPHIRE,systems analysis programs for hands on integrated reliability evaluation software saphire,2,2,0,0
O*NET,31.0,Systems and application deployment and migration software,systems and application deployment and migration software,1,1,0,0
O*NET,31.0,Systems and applications migration software,systems and applications migration software,2,2,0,0
O*NET,31.0,Systems and data disaster recovery software,systems and data disaster recovery software,2,2,0,0
O*NET,31.0,Systems integration software,systems integration software,1,1,0,0
O*NET,31.0,Systems Union Group MIS DecisionWare,systems union group mis decisionware,1,1,0,0
O*NET,31.0,SystemVerilog,systemverilog,4,4,0,1
O*NET,31.0,Systemware,systemware,1,1,0,0
O*NET,31.0,TabIt,tabit,1,1,0,0
O*NET,31.0,Tableau,tableau,73,73,73,17
O*NET,31.0,TablEdit,tabledit,1,1,0,0
O*NET,31.0,Tablet application software,tablet application software,1,1,0,0
O*NET,31.0,Tabs3 PracticeMaster,tabs3 practicemaster,1,1,0,0
O*NET,31.0,Tactile graphic production kits software,tactile graphic production kits software,1,1,0,0
O*NET,31.0,Tadpoles,tadpoles,8,8,0,0
O*NET,31.0,Tailor Master,tailor master,1,1,0,0
O*NET,31.0,Tailwind Management Systems Tailwind,tailwind management systems tailwind,1,1,0,0
O*NET,31.0,Take Solutions PharmaReady Document Management System,take solutions pharmaready document management system,1,1,0,0
O*NET,31.0,Talend Big Data Integration,talend big data integration,4,4,0,0
O*NET,31.0,Talend Data Fabric,talend data fabric,4,4,0,0
O*NET,31.0,Talend Open Studio,talend open studio,2,2,0,0
O*NET,31.0,TalendForge,talendforge,1,1,0,0
O*NET,31.0,Talent Technology HireDesk,talent technology hiredesk,1,1,0,0
O*NET,31.0,Talent Technology Resume Mirror,talent technology resume mirror,1,1,0,0
O*NET,31.0,Talent Technology Talemetry,talent technology talemetry,1,1,0,0
O*NET,31.0,TalentHook,talenthook,1,1,0,0
O*NET,31.0,Talisma Knowledgebase,talisma knowledgebase,1,1,0,0
O*NET,31.0,Tangible Media Group Luminous Table,tangible media group luminous table,1,1,0,0
O*NET,31.0,Tangier Sky Scheduler View,tangier sky scheduler view,1,1,0,0
O*NET,31.0,Tangle S Creations Your Insurance Office,tangle s creations your insurance office,1,1,0,0
O*NET,31.0,Tanium software,tanium software,2,2,0,0
O*NET,31.0,TANKS,tanks,1,1,0,0
O*NET,31.0,Tanner EDA L-Edit,tanner eda l-edit,2,2,0,0
O*NET,31.0,Tanner EDA T-SPICE,tanner eda t-spice,1,1,0,0
O*NET,31.0,Tanner Research L-Edit,tanner research l-edit,1,1,0,0
O*NET,31.0,Tape backup system software,tape backup system software,1,1,0,0
O*NET,31.0,TapLogic FarmLogic,taplogic farmlogic,1,1,0,0
O*NET,31.0,TapRooT,taproot,1,1,0,0
O*NET,31.0,Tariff databases,tariff databases,1,1,0,0
O*NET,31.0,Task analysis software,task analysis software,1,1,0,0
O*NET,31.0,TaskJuggler,taskjuggler,1,1,0,0
O*NET,31.0,TatukGIS Editor,tatukgis editor,1,1,0,0
O*NET,31.0,Tave Studio Manager,tave studio manager,1,1,0,0
O*NET,31.0,Tax accounting software,tax accounting software,1,1,0,0
O*NET,31.0,Tax compliance property tax management software,tax compliance property tax management software,4,4,0,2
O*NET,31.0,Tax planning software,tax planning software,2,2,0,0
O*NET,31.0,Tax software,tax software,34,34,0,2
O*NET,31.0,TCG Technologies i-CAM,tcg technologies i-cam,1,1,0,0
O*NET,31.0,TCI XML Credit Interface,tci xml credit interface,1,1,0,0
O*NET,31.0,Tcpdump,tcpdump,5,5,0,0
O*NET,31.0,TCS Hotel Software Guest Tracker,tcs hotel software guest tracker,1,1,0,0
O*NET,31.0,TEAM Engineering FEMAP,team engineering femap,1,1,0,0
O*NET,31.0,TeamDynamixHE,teamdynamixhe,1,1,0,0
O*NET,31.0,Tebis computer aided design software,tebis computer aided design software,2,2,0,0
O*NET,31.0,TECHBASE,techbase,1,1,0,0
O*NET,31.0,TechExcel ServiceWise,techexcel servicewise,1,1,0,0
O*NET,31.0,TechHackers Convertible Bond @nalyst,techhackers convertible bond @nalyst,2,2,0,0
O*NET,31.0,TechHackers Credit @nalyst,techhackers credit @nalyst,2,2,0,0
O*NET,31.0,TechHackers Exotic @nalyst,techhackers exotic @nalyst,2,2,0,0
O*NET,31.0,TechHackers Financial @nalyst,techhackers financial @nalyst,2,2,0,0
O*NET,31.0,TechHackers IRO @nalyst,techhackers iro @nalyst,2,2,0,0
O*NET,31.0,TechHackers MBS @nalyst,techhackers mbs @nalyst,2,2,0,0
O*NET,31.0,TechHackers Swap @nalyst,techhackers swap @nalyst,2,2,0,0
O*NET,31.0,Technical Data Management System TDMS,technical data management system tdms,3,3,0,0
O*NET,31.0,Technical manual database software,technical manual database software,3,3,0,0
O*NET,31.0,Technical Perspectives CLASS IEP Program,technical perspectives class iep program,1,1,0,0
O*NET,31.0,Technicost LOS,technicost los,1,1,0,0
O*NET,31.0,techniques.org knowledgeWorks LMS,techniques.org knowledgeworks lms,2,2,0,0
O*NET,31.0,Technis BETAPLUS,technis betaplus,1,1,0,0
O*NET,31.0,Technology Group International Enterprise 21 ERP,technology group international enterprise 21 erp,1,1,0,0
O*NET,31.0,Technomedia Hodes iQ,technomedia hodes iq,1,1,0,0
O*NET,31.0,Technos Astra R-Nesting,technos astra r-nesting,1,1,0,0
O*NET,31.0,Technos Astra S-Nesting,technos astra s-nesting,1,1,0,0
O*NET,31.0,Technovation Software ImmigrationPro,technovation software immigrationpro,1,1,0,0
O*NET,31.0,TechOnSoftware HazMatCE Pro,techonsoftware hazmatce pro,2,2,0,0
O*NET,31.0,Techsia Techlog,techsia techlog,1,1,0,0
O*NET,31.0,TechSmith Camtasia,techsmith camtasia,4,4,0,1
O*NET,31.0,TechSmith Morae,techsmith morae,1,1,0,0
O*NET,31.0,TechSmith Snagit,techsmith snagit,2,2,0,0
O*NET,31.0,Tecplot Focus,tecplot focus,1,1,0,0
O*NET,31.0,Tecplot software,tecplot software,1,1,0,0
O*NET,31.0,TECSYS EliteSeries,tecsys eliteseries,1,1,0,0
O*NET,31.0,TECSYS PointForce Enterprise,tecsys pointforce enterprise,1,1,0,0
O*NET,31.0,Tekla software,tekla software,2,2,0,0
O*NET,31.0,Teknik Segala OSI Plant Information PI System,teknik segala osi plant information pi system,1,1,0,0
O*NET,31.0,TekSoft CAMWorks,teksoft camworks,2,2,0,0
O*NET,31.0,Tektronix EZ-TEST,tektronix ez-test,1,1,0,0
O*NET,31.0,Telania eLeaP Learning Management System LMS/LCMS,telania eleap learning management system lms/lcms,2,2,0,0
O*NET,31.0,TELCOR Billing Information System,telcor billing information system,1,1,0,0
O*NET,31.0,Teleconferencing software,teleconferencing software,3,3,0,0
O*NET,31.0,TELEDYNE CARIS,teledyne caris,1,1,0,0
O*NET,31.0,Teledyne Odom Hydrographic ODOM eChart,teledyne odom hydrographic odom echart,1,1,0,0
O*NET,31.0,Telelogic System Architect,telelogic system architect,1,1,0,0
O*NET,31.0,Telemation e-CRM,telemation e-crm,1,1,0,0
O*NET,31.0,Telemetry software,telemetry software,1,1,0,0
O*NET,31.0,Teleo Practice Services The Complete Practitioner,teleo practice services the complete practitioner,1,1,0,0
O*NET,31.0,Telephone analysis software,telephone analysis software,1,1,0,0
O*NET,31.0,Telephone records software,telephone records software,1,1,0,0
O*NET,31.0,Telephone triage software,telephone triage software,1,1,0,0
O*NET,31.0,Telephony software,telephony software,1,1,0,0
O*NET,31.0,Teleradiology systems,teleradiology systems,2,2,0,0
O*NET,31.0,TeleTracking PreAdmit-Tracking,teletracking preadmit-tracking,1,1,0,0
O*NET,31.0,Telluride Software Classic Trak-It,telluride software classic trak-it,1,1,0,0
O*NET,31.0,Telnet programs software,telnet programs software,1,1,0,0
O*NET,31.0,Telogis GeoBase,telogis geobase,1,1,0,0
O*NET,31.0,Telvent DTN ProphetX,telvent dtn prophetx,1,1,0,0
O*NET,31.0,Telvent Responder Outage Management System OMS,telvent responder outage management system oms,1,1,0,0
O*NET,31.0,Template design software,template design software,1,1,0,0
O*NET,31.0,TempWorks recruiting and staffing software,tempworks recruiting and staffing software,1,1,0,0
O*NET,31.0,Tenable Nessus,tenable nessus,5,5,0,2
O*NET,31.0,Tenrox Project Workforce Management,tenrox project workforce management,1,1,0,0
O*NET,31.0,Tension Technology International OPTIMOOR,tension technology international optimoor,1,1,0,0
O*NET,31.0,TensorFlow,tensorflow,5,5,5,2
O*NET,31.0,Teradata Active Enterprise Data Warehouse,teradata active enterprise data warehouse,2,2,0,0
O*NET,31.0,Teradata BTEQ,teradata bteq,1,1,0,0
O*NET,31.0,Teradata Database,teradata database,53,53,53,0
O*NET,31.0,Teradata FastExport,teradata fastexport,1,1,0,0
O*NET,31.0,Teradata FastLoad,teradata fastload,1,1,0,0
O*NET,31.0,Teradata Parallel Transporter,teradata parallel transporter,1,1,0,0
O*NET,31.0,Teradata software,teradata software,1,1,0,0
O*NET,31.0,Teradata Tpump,teradata tpump,1,1,0,0
O*NET,31.0,Terminal emulation software,terminal emulation software,3,3,0,0
O*NET,31.0,Terrace Consulting AgencyInsight,terrace consulting agencyinsight,1,1,0,0
O*NET,31.0,Terrain surface mapping software,terrain surface mapping software,1,1,0,0
O*NET,31.0,TERRASCIENCES TerraStation,terrasciences terrastation,1,1,0,0
O*NET,31.0,TerraSeer ClusterSeer,terraseer clusterseer,1,1,0,0
O*NET,31.0,Terrasolid TerraScan,terrasolid terrascan,2,2,0,0
O*NET,31.0,Tesseract Benefits Manager,tesseract benefits manager,1,1,0,0
O*NET,31.0,Tesseract Human Resources Manager,tesseract human resources manager,1,1,0,0
O*NET,31.0,Tessitura Network Tessitura Software,tessitura network tessitura software,1,1,0,0
O*NET,31.0,Test automation software,test automation software,3,3,0,0
O*NET,31.0,Test data generator software,test data generator software,2,2,0,0
O*NET,31.0,Test design software,test design software,3,3,0,0
O*NET,31.0,Test implementation software,test implementation software,3,3,0,0
O*NET,31.0,Test interpretation software,test interpretation software,2,2,0,0
O*NET,31.0,Test result delivery software,test result delivery software,2,2,0,0
O*NET,31.0,Test routing software,test routing software,2,2,0,0
O*NET,31.0,Test scoring software,test scoring software,1,1,0,0
O*NET,31.0,Testing software,testing software,3,3,0,0
O*NET,31.0,TestNG,testng,3,3,0,1
O*NET,31.0,Tetrahex Fractal Finance,tetrahex fractal finance,2,2,0,0
O*NET,31.0,Texas Instruments Code Composer Studio CCStudio,texas instruments code composer studio ccstudio,1,1,0,0
O*NET,31.0,Texas Medical Software SpringCharts EMR,texas medical software springcharts emr,8,8,0,0
O*NET,31.0,Texas Transportation Institute TTI Progression Analysis and Signal System Evaluation Routine PASSER,texas transportation institute tti progression analysis and signal system evaluation routine passer,1,1,0,0
O*NET,31.0,Text mining software,text mining software,2,2,0,0
O*NET,31.0,Text reader software,text reader software,1,1,0,0
O*NET,31.0,Text scanning software,text scanning software,2,2,0,0
O*NET,31.0,Text to speech software,text to speech software,8,8,0,0
O*NET,31.0,Textco BioSoftware Gene Inspector,textco biosoftware gene inspector,2,2,0,0
O*NET,31.0,Textile Management Systems RollMaster,textile management systems rollmaster,2,2,0,0
O*NET,31.0,Textron Systems Geospatial Solutions RemoteView,textron systems geospatial solutions remoteview,1,1,0,0
O*NET,31.0,The Associated Press ENPS,the associated press enps,1,1,0,0
O*NET,31.0,The CAD Zone The Crime Zone,the cad zone the crime zone,5,5,0,0
O*NET,31.0,The Foundry Nuke,the foundry nuke,1,1,0,0
O*NET,31.0,The Gallagher Group DataCare,the gallagher group datacare,1,1,0,0
O*NET,31.0,The Garland Group RiskKey,the garland group riskkey,1,1,0,0
O*NET,31.0,The Gene Explorer,the gene explorer,1,1,0,0
O*NET,31.0,The General Store,the general store,6,6,0,0
O*NET,31.0,The Gordian Group PROGEN Online,the gordian group progen online,2,2,0,0
O*NET,31.0,The Groomer's Write Hand,the groomer's write hand,1,1,0,0
O*NET,31.0,The Human Equation InSite LMS,the human equation insite lms,2,2,0,0
O*NET,31.0,The IPIX Real Estate Wizard hometour360 Wizard,the ipix real estate wizard hometour360 wizard,1,1,0,0
O*NET,31.0,The MathWizards MathViews,the mathwizards mathviews,1,1,0,0
O*NET,31.0,The Mathworks Control System Toolbox,the mathworks control system toolbox,1,1,0,0
O*NET,31.0,The Mathworks Data Acquisition Toolbox,the mathworks data acquisition toolbox,1,1,0,0
O*NET,31.0,The Mathworks Embedded Coder,the mathworks embedded coder,1,1,0,0
O*NET,31.0,The MathWorks MATLAB,the mathworks matlab,111,111,111,19
O*NET,31.0,The MathWorks Real-Time Workshop,the mathworks real-time workshop,2,2,0,0
O*NET,31.0,The MathWorks Signal Processing Toolbox,the mathworks signal processing toolbox,1,1,0,0
O*NET,31.0,The Mathworks SimBiology,the mathworks simbiology,2,2,0,0
O*NET,31.0,The MathWorks Stateflow,the mathworks stateflow,1,1,0,0
O*NET,31.0,The MathWorks Symbolic Math Toolbox,the mathworks symbolic math toolbox,1,1,0,0
O*NET,31.0,The MathWorks Wavelet Toolbox,the mathworks wavelet toolbox,1,1,0,0
O*NET,31.0,The Mortgage Office Loan Origination,the mortgage office loan origination,1,1,0,0
O*NET,31.0,The Mortgage Office Loan Servicing,the mortgage office loan servicing,1,1,0,0
O*NET,31.0,The Napa Group NAPA,the napa group napa,1,1,0,0
O*NET,31.0,The Nature Conservancy Weed Information Management System WIMS,the nature conservancy weed information management system wims,1,1,0,0
O*NET,31.0,The Nutrition Company FoodWorks,the nutrition company foodworks,2,2,0,0
O*NET,31.0,The Omni Group OmniPlan,the omni group omniplan,2,2,0,0
O*NET,31.0,The Pixel Farm PFTrack,the pixel farm pftrack,1,1,0,0
O*NET,31.0,The Protein Investigator,the protein investigator,1,1,0,0
O*NET,31.0,The Retail Solution,the retail solution,2,2,0,0
O*NET,31.0,The Sackett Group MacPac for Legal,the sackett group macpac for legal,1,1,0,0
O*NET,31.0,The Systems Workplace TDOCS,the systems workplace tdocs,1,1,0,0
O*NET,31.0,The Tova Company Test of Variables of Attention,the tova company test of variables of attention,2,2,0,0
O*NET,31.0,The University of Tennessee FORDISC,the university of tennessee fordisc,1,1,0,0
O*NET,31.0,The Virtual Genetics Lab,the virtual genetics lab,1,1,0,0
O*NET,31.0,The vOICe Learning Edition,the voice learning edition,2,2,0,0
O*NET,31.0,The Weatherization Assistant,the weatherization assistant,1,1,0,0
O*NET,31.0,TheraClin Systems iMAPR,theraclin systems imapr,1,1,0,0
O*NET,31.0,TheraManager,theramanager,2,2,0,0
O*NET,31.0,Therapeutic orthoptic software,therapeutic orthoptic software,1,1,0,0
O*NET,31.0,TherAssist,therassist,1,1,0,0
O*NET,31.0,Thermal analysis software,thermal analysis software,1,1,0,0
O*NET,31.0,Thermal Analysis Systems The Energy Analyst,thermal analysis systems the energy analyst,1,1,0,0
O*NET,31.0,Thermal design software,thermal design software,1,1,0,0
O*NET,31.0,Thermal Dynamics Ground Loop Design GLD,thermal dynamics ground loop design gld,1,1,0,0
O*NET,31.0,Thermal indoor climate simulation software,thermal indoor climate simulation software,1,1,0,0
O*NET,31.0,Thermal Radiation Analysis System TRASYS,thermal radiation analysis system trasys,1,1,0,0
O*NET,31.0,Thermal Synthesizer System TSS,thermal synthesizer system tss,1,1,0,0
O*NET,31.0,Thermo Fisher Scientific Ion Reporter,thermo fisher scientific ion reporter,1,1,0,0
O*NET,31.0,Thermo Fisher Scientific Laboratory Information Management Systems LIMS,thermo fisher scientific laboratory information management systems lims,1,1,0,0
O*NET,31.0,Thermo ToxLab,thermo toxlab,1,1,0,0
O*NET,31.0,Thinc Technologies Virtual School,thinc technologies virtual school,1,1,0,0
O*NET,31.0,Think3 ThinkDesign Engineering,think3 thinkdesign engineering,1,1,0,0
O*NET,31.0,THOMAS Global Register,thomas global register,1,1,0,0
O*NET,31.0,Thomson CompuMark SAEGIS,thomson compumark saegis,1,1,0,0
O*NET,31.0,Thomson Creative Solutions Engagement CS,thomson creative solutions engagement cs,1,1,0,0
O*NET,31.0,Thomson Creative Solutions Financial Analysis CS,thomson creative solutions financial analysis cs,1,1,0,0
O*NET,31.0,Thomson Dialog,thomson dialog,1,1,0,0
O*NET,31.0,Thomson EndNote,thomson endnote,2,2,0,0
O*NET,31.0,Thomson Financial Investext,thomson financial investext,1,1,0,0
O*NET,31.0,Thomson GoSystem MyTaxInfo,thomson gosystem mytaxinfo,1,1,0,0
O*NET,31.0,Thomson GoSystem Tax,thomson gosystem tax,1,1,0,0
O*NET,31.0,Thomson ONE Advisor,thomson one advisor,1,1,0,0
O*NET,31.0,Thomson PPC e-Tools Suite,thomson ppc e-tools suite,1,1,0,0
O*NET,31.0,Thomson Reuters CLEAR,thomson reuters clear,1,1,0,0
O*NET,31.0,Thomson Reuters Elite Billing Manager,thomson reuters elite billing manager,1,1,0,0
O*NET,31.0,Thomson Reuters Elite Enterprise,thomson reuters elite enterprise,1,1,0,0
O*NET,31.0,Thomson Reuters Elite ProLaw,thomson reuters elite prolaw,2,2,0,0
O*NET,31.0,Thomson Reuters EndNote,thomson reuters endnote,2,2,0,0
O*NET,31.0,Thomson Reuters FileCabinet CS,thomson reuters filecabinet cs,1,1,0,0
O*NET,31.0,Thomson Reuters GoFileRoom,thomson reuters gofileroom,1,1,0,0
O*NET,31.0,Thomson Reuters Liquent CoreDossier Submission Accelerator for eCTD,thomson reuters liquent coredossier submission accelerator for ectd,1,1,0,0
O*NET,31.0,Thomson Reuters Liquent InSight Suite,thomson reuters liquent insight suite,1,1,0,0
O*NET,31.0,Thomson Reuters LiveNote Stream,thomson reuters livenote stream,1,1,0,0
O*NET,31.0,Thomson Reuters Paisley Enterprise GRC,thomson reuters paisley enterprise grc,1,1,0,0
O*NET,31.0,Thomson Reuters Risk Management,thomson reuters risk management,1,1,0,0
O*NET,31.0,Thomson Reuters Tradeweb,thomson reuters tradeweb,1,1,0,0
O*NET,31.0,Thomson Reuters UltraTax CS,thomson reuters ultratax cs,1,1,0,0
O*NET,31.0,Thomson Reuters Web of Science,thomson reuters web of science,1,1,0,0
O*NET,31.0,Thomson Reuters Westlaw,thomson reuters westlaw,8,8,0,2
O*NET,31.0,Thomson Reuters Westlaw Edge,thomson reuters westlaw edge,3,3,0,0
O*NET,31.0,Thomson Reuters WestlawNext,thomson reuters westlawnext,1,1,0,0
O*NET,31.0,Thomson Reuters WestlawNext Litigator,thomson reuters westlawnext litigator,1,1,0,0
O*NET,31.0,Thomson Scientific Dialog,thomson scientific dialog,1,1,0,0
O*NET,31.0,Thomson West Cowles Estate Practice System,thomson west cowles estate practice system,1,1,0,0
O*NET,31.0,Thomson West FindLaw,thomson west findlaw,1,1,0,0
O*NET,31.0,Thomson West LiveNote,thomson west livenote,1,1,0,0
O*NET,31.0,Thomson West ProLaw,thomson west prolaw,1,1,0,0
O*NET,31.0,Thought Technology BioGraph Infiniti,thought technology biograph infiniti,1,1,0,0
O*NET,31.0,Thoughtful Systems Scheduling Manager for Auto Detailing,thoughtful systems scheduling manager for auto detailing,1,1,0,0
O*NET,31.0,ThoughtWorks Studio Mingle,thoughtworks studio mingle,1,1,0,0
O*NET,31.0,Threaded code compiler,threaded code compiler,1,1,0,0
O*NET,31.0,Three-dimensional 3D computer aided design CAD software,three-dimensional 3d computer aided design cad software,1,1,0,0
O*NET,31.0,Three-dimensional 3D solid modeling software,three-dimensional 3d solid modeling software,1,1,0,0
O*NET,31.0,Three-dimensional 3D virtual surgery software,three-dimensional 3d virtual surgery software,2,2,0,0
O*NET,31.0,Three-dimensional graphics software,three-dimensional graphics software,1,1,0,0
O*NET,31.0,Three-dimensional modeling software,three-dimensional modeling software,4,4,0,0
O*NET,31.0,Three-dimensional motion capture software,three-dimensional motion capture software,1,1,0,0
O*NET,31.0,Three-dimensional parametric design software,three-dimensional parametric design software,1,1,0,0
O*NET,31.0,Three-dimensional scanning software,three-dimensional scanning software,1,1,0,0
O*NET,31.0,Three-dimensional simulation translation software,three-dimensional simulation translation software,1,1,0,0
O*NET,31.0,Thriveworks TherapyBuddy,thriveworks therapybuddy,1,1,0,0
O*NET,31.0,Tibco S-PLUS,tibco s-plus,3,3,0,0
O*NET,31.0,Tibco Scribe Software,tibco scribe software,1,1,0,0
O*NET,31.0,TIBCO Spotfire,tibco spotfire,4,4,0,0
O*NET,31.0,TIBCO Spotfire S+,tibco spotfire s+,2,2,0,0
O*NET,31.0,Ticket Alternative Express Entry,ticket alternative express entry,1,1,0,0
O*NET,31.0,Ticket information tracking software,ticket information tracking software,1,1,0,0
O*NET,31.0,Ticket issuing software,ticket issuing software,1,1,0,0
O*NET,31.0,Ticket scanning software,ticket scanning software,1,1,0,0
O*NET,31.0,TickQuest NeoTicker,tickquest neoticker,2,2,0,0
O*NET,31.0,Tidepool Scientific Software Comprehensive Environmental Toxicity Information System CETIS,tidepool scientific software comprehensive environmental toxicity information system cetis,1,1,0,0
O*NET,31.0,Tidepool Scientific Software ToxCalc,tidepool scientific software toxcalc,1,1,0,0
O*NET,31.0,Tier generator software,tier generator software,1,1,0,0
O*NET,31.0,TietoEnator ProMatch,tietoenator promatch,1,1,0,0
O*NET,31.0,Tigerpaw,tigerpaw,1,1,0,0
O*NET,31.0,Tigris Cabie,tigris cabie,1,1,0,0
O*NET,31.0,TikTok,tiktok,9,9,9,5
O*NET,31.0,TileGem,tilegem,2,2,0,0
O*NET,31.0,Timberlake Consultants OxMetrics,timberlake consultants oxmetrics,1,1,0,0
O*NET,31.0,Time and Attendance Collection System TACS,time and attendance collection system tacs,3,3,0,0
O*NET,31.0,Time and attendance software,time and attendance software,4,4,0,0
O*NET,31.0,Time and motion analysis software,time and motion analysis software,2,2,0,0
O*NET,31.0,Time and payroll management software,time and payroll management software,1,1,0,0
O*NET,31.0,Time card software,time card software,1,1,0,0
O*NET,31.0,Time recording software,time recording software,1,1,0,0
O*NET,31.0,Time report software,time report software,1,1,0,0
O*NET,31.0,Time reporting software,time reporting software,4,4,0,0
O*NET,31.0,Time series modeling TSM software,time series modeling tsm software,1,1,0,0
O*NET,31.0,Time sharing option TSO software,time sharing option tso software,1,1,0,0
O*NET,31.0,Time tracking software,time tracking software,4,4,0,0
O*NET,31.0,Timekeeping software,timekeeping software,13,13,0,0
O*NET,31.0,Timeline software,timeline software,1,1,0,0
O*NET,31.0,TimePlus Payroll,timeplus payroll,1,1,0,0
O*NET,31.0,TimePro Legal Software TimePro,timepro legal software timepro,1,1,0,0
O*NET,31.0,TimeSolv Legal,timesolv legal,1,1,0,0
O*NET,31.0,TimeTrak Systems ClocTrack,timetrak systems cloctrack,1,1,0,0
O*NET,31.0,TimeTrak Systems SchedTrak,timetrak systems schedtrak,1,1,0,0
O*NET,31.0,TimeValue software,timevalue software,2,2,0,0
O*NET,31.0,Timing analysis software,timing analysis software,1,1,0,0
O*NET,31.0,Timpani Chat,timpani chat,1,1,0,0
O*NET,31.0,Timpani Contact Center,timpani contact center,1,1,0,0
O*NET,31.0,Timpani Email,timpani email,1,1,0,0
O*NET,31.0,Tips Standard Securities Calculation Bond Analytics Module,tips standard securities calculation bond analytics module,2,2,0,0
O*NET,31.0,Tips Standard Securities Calculation Mortgage-Backed Analytics Module,tips standard securities calculation mortgage-backed analytics module,2,2,0,0
O*NET,31.0,TKSoftware RCM software,tksoftware rcm software,2,2,0,0
O*NET,31.0,TMW Enterprise Transportation Management Systems,tmw enterprise transportation management systems,1,1,0,0
O*NET,31.0,TMW PowerSuite,tmw powersuite,2,2,0,0
O*NET,31.0,TNS MarketWhys,tns marketwhys,1,1,0,0
O*NET,31.0,TNS Miriad,tns miriad,1,1,0,0
O*NET,31.0,ToadSoft Toad,toadsoft toad,1,1,0,0
O*NET,31.0,Token Ring,token ring,1,1,0,0
O*NET,31.0,TokenWorks Magnetic Card Reader,tokenworks magnetic card reader,1,1,0,0
O*NET,31.0,TokenX,tokenx,1,1,0,0
O*NET,31.0,Tolerance analysis software,tolerance analysis software,1,1,0,0
O*NET,31.0,TonalEnergy Tuner & Metronome,tonalenergy tuner & metronome,1,1,0,0
O*NET,31.0,Tonality Systems Symoblic Composer,tonality systems symoblic composer,1,1,0,0
O*NET,31.0,Tool center point TCP setting software,tool center point tcp setting software,1,1,0,0
O*NET,31.0,Tool command language Tcl,tool command language tcl,3,3,0,1
O*NET,31.0,ToothPics software,toothpics software,1,1,0,0
O*NET,31.0,Top Systems T-FLEX CAM,top systems t-flex cam,1,1,0,0
O*NET,31.0,TOPAZ Enterprise Software Suite,topaz enterprise software suite,2,2,0,0
O*NET,31.0,Topaz Software Symplifi (business analysis feature),topaz software symplifi (business analysis feature),1,1,0,0
O*NET,31.0,Topaz Software Symplifi (CRM feature),topaz software symplifi (crm feature),1,1,0,0
O*NET,31.0,TopCAATs,topcaats,1,1,0,0
O*NET,31.0,TopDogLegal,topdoglegal,1,1,0,0
O*NET,31.0,TopHat,tophat,2,2,0,0
O*NET,31.0,Topline Software Solutions Topline Service Manager,topline software solutions topline service manager,1,1,0,0
O*NET,31.0,Topographic database software,topographic database software,1,1,0,0
O*NET,31.0,Topographic map software,topographic map software,1,1,0,0
O*NET,31.0,TopProducer,topproducer,1,1,0,0
O*NET,31.0,TOPS Engineering MaxLoad Pro,tops engineering maxload pro,1,1,0,0
O*NET,31.0,Torrid Retirement Planner,torrid retirement planner,1,1,0,0
O*NET,31.0,Total Officer Personnel Management Information System TOPMIS,total officer personnel management information system topmis,1,1,0,0
O*NET,31.0,Total quality management TQM software,total quality management tqm software,2,2,0,0
O*NET,31.0,Total Turnkey Solutions E-Vision,total turnkey solutions e-vision,1,1,0,0
O*NET,31.0,TOTE code,tote code,1,1,0,0
O*NET,31.0,TouchSuite Salon,touchsuite salon,1,1,0,0
O*NET,31.0,TourCMS,tourcms,1,1,0,0
O*NET,31.0,TourTech Systems TourTools,tourtech systems tourtools,1,1,0,0
O*NET,31.0,TourWriter,tourwriter,1,1,0,0
O*NET,31.0,Towers Perrin MoSes,towers perrin moses,2,2,0,0
O*NET,31.0,Toxicology databases,toxicology databases,1,1,0,0
O*NET,31.0,TPNassist,tpnassist,1,1,0,0
O*NET,31.0,Traceability software,traceability software,1,1,0,0
O*NET,31.0,Traceroute,traceroute,2,2,0,0
O*NET,31.0,TrackPro Services TrackPro Manager,trackpro services trackpro manager,1,1,0,0
O*NET,31.0,Tracks Software,tracks software,1,1,0,0
O*NET,31.0,TRACKUM Repair Manager,trackum repair manager,1,1,0,0
O*NET,31.0,Tracware AeroTrac,tracware aerotrac,1,1,0,0
O*NET,31.0,Trade Bindery Software Bindery Estimating System,trade bindery software bindery estimating system,1,1,0,0
O*NET,31.0,Trade Bindery Software Bindery Management System,trade bindery software bindery management system,1,1,0,0
O*NET,31.0,Tradesman&apos;s Software Master Estimator,tradesman&apos;s software master estimator,1,1,0,0
O*NET,31.0,Tradesman's Software Master Estimator,tradesman's software master estimator,3,3,0,0
O*NET,31.0,TradeTec Computer Systems TallyWorks Logs,tradetec computer systems tallyworks logs,1,1,0,0
O*NET,31.0,TradeTec TallyWorks Logs,tradetec tallyworks logs,1,1,0,0
O*NET,31.0,TradeTec TallyWorks TimeTracker,tradetec tallyworks timetracker,1,1,0,0
O*NET,31.0,TradeTools Financial Market Databases,tradetools financial market databases,2,2,0,0
O*NET,31.0,TradeTools Monthly U.S. Economic Database,tradetools monthly u.s. economic database,2,2,0,0
O*NET,31.0,Tradeweb Markets Tradeweb,tradeweb markets tradeweb,1,1,0,0
O*NET,31.0,Trading Blox,trading blox,1,1,0,0
O*NET,31.0,Traffic control software,traffic control software,1,1,0,0
O*NET,31.0,Traffic management advisor TMA software,traffic management advisor tma software,1,1,0,0
O*NET,31.0,Traffic record databases,traffic record databases,1,1,0,0
O*NET,31.0,Traffic shapers,traffic shapers,1,1,0,0
O*NET,31.0,Traffic signal software,traffic signal software,2,2,0,0
O*NET,31.0,Trafficware SimTraffic,trafficware simtraffic,2,2,0,0
O*NET,31.0,Trafficware SynchroGreen,trafficware synchrogreen,1,1,0,0
O*NET,31.0,TrainCaster LMS,traincaster lms,2,2,0,0
O*NET,31.0,Training software,training software,1,1,0,0
O*NET,31.0,TrainOnTrack Learning Management System LMS,trainontrack learning management system lms,2,2,0,0
O*NET,31.0,Trancite Logic Systems ScenePD,trancite logic systems scenepd,3,3,0,0
O*NET,31.0,Trane System Analyzer,trane system analyzer,1,1,0,0
O*NET,31.0,Trane TRACE,trane trace,2,2,0,0
O*NET,31.0,Transact-SQL,transact-sql,19,19,19,1
O*NET,31.0,Transaction accounting software,transaction accounting software,1,1,0,0
O*NET,31.0,Transaction processing software,transaction processing software,1,1,0,0
O*NET,31.0,Transas Group PISCES2,transas group pisces2,1,1,0,0
O*NET,31.0,Transcend Technologies Group benefitsCONNECT,transcend technologies group benefitsconnect,1,1,0,0
O*NET,31.0,Transcription software,transcription software,2,2,0,0
O*NET,31.0,Transcription system software,transcription system software,1,1,0,0
O*NET,31.0,Transient reactor analysis code TRAC,transient reactor analysis code trac,1,1,0,0
O*NET,31.0,Transmission line simulators,transmission line simulators,1,1,0,0
O*NET,31.0,Transoft Solutions AutoTURN,transoft solutions autoturn,1,1,0,0
O*NET,31.0,Transparent Interconnection of Lots of Links TRILL,transparent interconnection of lots of links trill,1,1,0,0
O*NET,31.0,TranspoLink BidLeads,transpolink bidleads,1,1,0,0
O*NET,31.0,Transportation management software,transportation management software,2,2,0,0
O*NET,31.0,Transportation management system TMS software,transportation management system tms software,3,3,0,1
O*NET,31.0,Transportation planning software,transportation planning software,1,1,0,0
O*NET,31.0,Transtek Compass ERP,transtek compass erp,1,1,0,0
O*NET,31.0,TranWare Enterprise Suite,tranware enterprise suite,2,2,0,0
O*NET,31.0,Trapcode Particular,trapcode particular,1,1,0,0
O*NET,31.0,Travel Agent CMS,travel agent cms,2,2,0,0
O*NET,31.0,TravelCarma,travelcarma,1,1,0,0
O*NET,31.0,Traverse PC,traverse pc,3,3,0,0
O*NET,31.0,Travii reservation system software,travii reservation system software,1,1,0,0
O*NET,31.0,Travis,travis,2,2,0,0
O*NET,31.0,Travis Software TravisFlex,travis software travisflex,1,1,0,0
O*NET,31.0,TRAX Animal Control and Dog Warden Officer Software,trax animal control and dog warden officer software,1,1,0,0
O*NET,31.0,TRC Consultants PHDWin,trc consultants phdwin,1,1,0,0
O*NET,31.0,Treasury Enforcement Communications System TECS,treasury enforcement communications system tecs,2,2,0,0
O*NET,31.0,Treatment planning software,treatment planning software,1,1,0,0
O*NET,31.0,TreeAge Software TreeAge Pro,treeage software treeage pro,1,1,0,0
O*NET,31.0,Treeno Software Treeno Content Server,treeno software treeno content server,1,1,0,0
O*NET,31.0,TreeView,treeview,1,1,0,0
O*NET,31.0,Trend Micro TippingPoint,trend micro tippingpoint,1,1,0,0
O*NET,31.0,Trendsetter Software ProAnalyst,trendsetter software proanalyst,2,2,0,0
O*NET,31.0,TrendTracker Compliance Solution,trendtracker compliance solution,1,1,0,0
O*NET,31.0,TrialWorks,trialworks,1,1,0,0
O*NET,31.0,Triangle Research Collaborative Observational Coding System OCS Tools,triangle research collaborative observational coding system ocs tools,1,1,0,0
O*NET,31.0,Trigon Road Forte Leave Management,trigon road forte leave management,1,1,0,0
O*NET,31.0,Trigram Software AcuBase Pro,trigram software acubase pro,2,2,0,0
O*NET,31.0,Trimble AgGPS EZ-Map,trimble aggps ez-map,2,2,0,0
O*NET,31.0,Trimble AgGPS MultiPlane,trimble aggps multiplane,1,1,0,0
O*NET,31.0,Trimble CENGEA,trimble cengea,1,1,0,0
O*NET,31.0,Trimble Digital Fieldbook,trimble digital fieldbook,2,2,0,0
O*NET,31.0,Trimble Farm Works,trimble farm works,1,1,0,0
O*NET,31.0,Trimble Geomatics Office,trimble geomatics office,3,3,0,0
O*NET,31.0,Trimble GPS Pathfinder Office,trimble gps pathfinder office,2,2,0,0
O*NET,31.0,Trimble HYDROpro,trimble hydropro,2,2,0,0
O*NET,31.0,Trimble MyTopo Terrain Navigator Pro,trimble mytopo terrain navigator pro,1,1,0,0
O*NET,31.0,Trimble Pathfinder Office,trimble pathfinder office,4,4,0,0
O*NET,31.0,Trimble SketchUp Pro,trimble sketchup pro,37,37,37,4
O*NET,31.0,Trimble Terramodel,trimble terramodel,5,5,0,0
O*NET,31.0,Trimble TerraSync,trimble terrasync,2,2,0,0
O*NET,31.0,Trimble Total Control,trimble total control,1,1,0,0
O*NET,31.0,Trinity Software Solutions BEACON,trinity software solutions beacon,1,1,0,0
O*NET,31.0,Triple G ULTRA Laboratory Information System,triple g ultra laboratory information system,1,1,0,0
O*NET,31.0,Triple Point Commodity XL,triple point commodity xl,1,1,0,0
O*NET,31.0,Tripod Data Systems COGO,tripod data systems cogo,1,1,0,0
O*NET,31.0,Tripod Data Systems Foresight,tripod data systems foresight,1,1,0,0
O*NET,31.0,Tripod Data Systems software,tripod data systems software,1,1,0,0
O*NET,31.0,Tripos SYBYL,tripos sybyl,1,1,0,0
O*NET,31.0,Tritech Financial Systems General Insurance Management System GIMS,tritech financial systems general insurance management system gims,1,1,0,0
O*NET,31.0,Triton Elics International Isis,triton elics international isis,1,1,0,0
O*NET,31.0,Triton Elics International SeaClass,triton elics international seaclass,1,1,0,0
O*NET,31.0,Trivantis CourseMill,trivantis coursemill,1,1,0,0
O*NET,31.0,Trivantis Lectora,trivantis lectora,2,2,0,0
O*NET,31.0,Trix TracTrix,trix tractrix,1,1,0,0
O*NET,31.0,TriZetto QNXT,trizetto qnxt,1,1,0,0
O*NET,31.0,TRL Software TRANSYT,trl software transyt,1,1,0,0
O*NET,31.0,TRMI Airport AVI,trmi airport avi,1,1,0,0
O*NET,31.0,Tropics Claims Reserve Management,tropics claims reserve management,1,1,0,0
O*NET,31.0,Tropics workers' compensation software,tropics workers' compensation software,1,1,0,0
O*NET,31.0,Troubleshooting software,troubleshooting software,1,1,0,0
O*NET,31.0,TRS Software TomCADD,trs software tomcadd,1,1,0,0
O*NET,31.0,TruckersHelper,truckershelper,1,1,0,0
O*NET,31.0,True Audio WinSpeakerz,true audio winspeakerz,1,1,0,0
O*NET,31.0,True North Computer Retail Plus,true north computer retail plus,2,2,0,0
O*NET,31.0,TrueCrypt,truecrypt,1,1,0,0
O*NET,31.0,Truepianos,truepianos,1,1,0,0
O*NET,31.0,TSS Wireless Fleet Management Suite,tss wireless fleet management suite,2,2,0,0
O*NET,31.0,TTP LabTech comPOUND,ttp labtech compound,1,1,0,0
O*NET,31.0,TUBA software,tuba software,1,1,0,0
O*NET,31.0,Tucows ChemBase,tucows chembase,1,1,0,0
O*NET,31.0,Tumbleweed SecureTransport,tumbleweed securetransport,3,3,0,0
O*NET,31.0,Tumblr,tumblr,2,2,0,0
O*NET,31.0,Tunable Instrument Tuner,tunable instrument tuner,1,1,0,0
O*NET,31.0,TuneLab,tunelab,1,1,0,0
O*NET,31.0,Tunic OnlyPure,tunic onlypure,1,1,0,0
O*NET,31.0,TURBO Spring-Stat,turbo spring-stat,1,1,0,0
O*NET,31.0,Turning Technologies TurningPoint,turning technologies turningpoint,1,1,0,0
O*NET,31.0,Turtle Creek Software Goldenseal,turtle creek software goldenseal,14,14,0,0
O*NET,31.0,Turtle Creek Software Goldenseal (accounting feature),turtle creek software goldenseal (accounting feature),1,1,0,0
O*NET,31.0,Turtle Creek Software Goldenseal (calendar and scheduling feature),turtle creek software goldenseal (calendar and scheduling feature),1,1,0,0
O*NET,31.0,Turtle Creek Software Goldenseal (time accounting feature),turtle creek software goldenseal (time accounting feature),1,1,0,0
O*NET,31.0,Turtle Creek Software Goldenseal Architect,turtle creek software goldenseal architect,1,1,0,0
O*NET,31.0,TuxGuitar,tuxguitar,1,1,0,0
O*NET,31.0,Twelve Tone Matrix Calculator,twelve tone matrix calculator,1,1,0,0
O*NET,31.0,Twelve Tone Row Analyzer,twelve tone row analyzer,1,1,0,0
O*NET,31.0,Twiki,twiki,1,1,0,0
O*NET,31.0,Twin Tier Technologies MIMS,twin tier technologies mims,2,2,0,0
O*NET,31.0,Twin Tiers Technologies CIMS,twin tiers technologies cims,1,1,0,0
O*NET,31.0,Twin Tiers Technologies MIMS,twin tiers technologies mims,1,1,0,0
O*NET,31.0,TwinPeaks Software Visual Z-Bake,twinpeaks software visual z-bake,1,1,0,0
O*NET,31.0,Twitter,twitter,24,24,0,0
O*NET,31.0,Two-dimensional 2D computer aided design CAD software,two-dimensional 2d computer aided design cad software,1,1,0,0
O*NET,31.0,Two-dimensional graphics software,two-dimensional graphics software,1,1,0,0
O*NET,31.0,Tyler Technologies MUNIS,tyler technologies munis,1,1,0,0
O*NET,31.0,Tyler Technologies Odyssey Case Manager,tyler technologies odyssey case manager,1,1,0,0
O*NET,31.0,TypeScript,typescript,8,8,8,4
O*NET,31.0,U.S. Department of Agriculture USDA National Nutrient Database,u.s. department of agriculture usda national nutrient database,1,1,0,0
O*NET,31.0,U.S. Department of Agriculture USDA WinSRM,u.s. department of agriculture usda winsrm,1,1,0,0
O*NET,31.0,UA Business Software Professional Edition,ua business software professional edition,2,2,0,0
O*NET,31.0,UBI Biotracker,ubi biotracker,1,1,0,0
O*NET,31.0,Ubuntu,ubuntu,22,22,0,0
O*NET,31.0,UCN inContact Workforce Management Software WFM,ucn incontact workforce management software wfm,2,2,0,0
O*NET,31.0,UDA Technologies ConstructionSuite,uda technologies constructionsuite,1,1,0,0
O*NET,31.0,UgCS,ugcs,4,4,0,0
O*NET,31.0,UGS I-DEAS,ugs i-deas,1,1,0,0
O*NET,31.0,UGS Solid Edge,ugs solid edge,5,5,0,0
O*NET,31.0,Ulead PhotoImpact,ulead photoimpact,1,1,0,0
O*NET,31.0,Ulrichsweb,ulrichsweb,1,1,0,0
O*NET,31.0,Ultimate Software UltiPro,ultimate software ultipro,1,1,0,0
O*NET,31.0,Ultimate Software UltiPro Workplace,ultimate software ultipro workplace,5,5,0,0
O*NET,31.0,Unawave,unawave,1,1,0,0
O*NET,31.0,Uncamco Ucam,uncamco ucam,1,1,0,0
O*NET,31.0,Underhill Geomatics Copan,underhill geomatics copan,1,1,0,0
O*NET,31.0,Underware Design DTAB,underware design dtab,1,1,0,0
O*NET,31.0,Underwriting software,underwriting software,1,1,0,0
O*NET,31.0,Unger Software Methusaleh,unger software methusaleh,1,1,0,0
O*NET,31.0,UNI-GROUP Lockpave Pro,uni-group lockpave pro,1,1,0,0
O*NET,31.0,UNI/CARE Pro-Filer,uni/care pro-filer,1,1,0,0
O*NET,31.0,Unicorn HRO Open4,unicorn hro open4,1,1,0,0
O*NET,31.0,Unidata GEMPAK,unidata gempak,1,1,0,0
O*NET,31.0,Unidata Gempak Analysis and Rendering Program GARP,unidata gempak analysis and rendering program garp,1,1,0,0
O*NET,31.0,Unidata Integrated Data Viewer IDV,unidata integrated data viewer idv,2,2,0,0
O*NET,31.0,Unidata McIDAS-X,unidata mcidas-x,1,1,0,0
O*NET,31.0,Unidata Network common data form NetCDF,unidata network common data form netcdf,1,1,0,0
O*NET,31.0,Unified messaging software,unified messaging software,1,1,0,0
O*NET,31.0,Unified modeling language UML,unified modeling language uml,25,25,0,0
O*NET,31.0,UniFocus Watson Human Resources Manager,unifocus watson human resources manager,1,1,0,0
O*NET,31.0,Unique Identification UID system databases,unique identification uid system databases,1,1,0,0
O*NET,31.0,UniResMan,uniresman,1,1,0,0
O*NET,31.0,Uniscribe,uniscribe,1,1,0,0
O*NET,31.0,UnisonCare UniCharts,unisoncare unicharts,1,1,0,0
O*NET,31.0,UNISTAT Statistical Package,unistat statistical package,3,3,0,0
O*NET,31.0,Unit conversion software,unit conversion software,1,1,0,0
O*NET,31.0,Unit testing software,unit testing software,3,3,0,0
O*NET,31.0,United Nations Food and Agriculture Organization Livestock and Environment Toolbox LEAD,united nations food and agriculture organization livestock and environment toolbox lead,1,1,0,0
O*NET,31.0,United Systems and Software Individual Life and Health Administration System,united systems and software individual life and health administration system,1,1,0,0
O*NET,31.0,UNITIME,unitime,1,1,0,0
O*NET,31.0,Unity Technologies Unity,unity technologies unity,5,5,0,2
O*NET,31.0,Universal parcel shipping software,universal parcel shipping software,1,1,0,0
O*NET,31.0,Universal Software Solutions VersaVision,universal software solutions versavision,1,1,0,0
O*NET,31.0,Universal Tax Systems TaxWise,universal tax systems taxwise,2,2,0,0
O*NET,31.0,Universal Technical Systems TK Solver,universal technical systems tk solver,1,1,0,0
O*NET,31.0,University of Arizona RangeView,university of arizona rangeview,1,1,0,0
O*NET,31.0,University of California Thesaurus Linguae Graecae TLG,university of california thesaurus linguae graecae tlg,1,1,0,0
O*NET,31.0,UNIX,unix,89,89,89,5
O*NET,31.0,UNIX Shell,unix shell,25,25,25,0
O*NET,31.0,Unlimited Learning Resources Valusource Pro,unlimited learning resources valusource pro,2,2,0,0
O*NET,31.0,Unreal Technology Unreal Engine,unreal technology unreal engine,3,3,0,2
O*NET,31.0,UNSATFLOW,unsatflow,1,1,0,0
O*NET,31.0,Upland Consulting Group Repair Traq,upland consulting group repair traq,2,2,0,0
O*NET,31.0,Upperspace DesignCAD,upperspace designcad,1,1,0,0
O*NET,31.0,Upperspace ModelCAD,upperspace modelcad,1,1,0,0
O*NET,31.0,UPS Intelliverse,ups intelliverse,1,1,0,0
O*NET,31.0,UPS Logistics Technologies Roadnet Transportation Suite,ups logistics technologies roadnet transportation suite,1,1,0,0
O*NET,31.0,UPS WorldShip,ups worldship,2,2,0,0
O*NET,31.0,Upside Learning UpsideLMS,upside learning upsidelms,2,2,0,0
O*NET,31.0,Upside Software UpsideContract,upside software upsidecontract,1,1,0,0
O*NET,31.0,UrbanSim,urbansim,1,1,0,0
O*NET,31.0,Usability testing software,usability testing software,4,4,0,0
O*NET,31.0,USDA Child Nutrition Database,usda child nutrition database,1,1,0,0
O*NET,31.0,USDA Comet,usda comet,1,1,0,0
O*NET,31.0,"USDA Database for Inventory, Monitoring and Assessment (DIMA)","usda database for inventory, monitoring and assessment (dima)",1,1,0,0
O*NET,31.0,USDA Forest Vegetation Simulator FVS,usda forest vegetation simulator fvs,2,2,0,0
O*NET,31.0,USDA NRCS Soil Data Viewer,usda nrcs soil data viewer,1,1,0,0
O*NET,31.0,USDA NRCS VegSpec,usda nrcs vegspec,1,1,0,0
O*NET,31.0,USDA SamplePoint,usda samplepoint,1,1,0,0
O*NET,31.0,User interface design software,user interface design software,7,7,0,0
O*NET,31.0,UserZoom,userzoom,1,1,0,0
O*NET,31.0,USPS.com,usps.com,1,1,0,0
O*NET,31.0,USyCaMs,usycams,1,1,0,0
O*NET,31.0,UTQUANT,utquant,1,1,0,0
O*NET,31.0,Valen Technologies Risk Manager,valen technologies risk manager,1,1,0,0
O*NET,31.0,Valiant Vantage,valiant vantage,1,1,0,0
O*NET,31.0,Valley Agricultural Software DairyCOMP 305,valley agricultural software dairycomp 305,2,2,0,0
O*NET,31.0,Valley Agricultural Software Feed Watch,valley agricultural software feed watch,1,1,0,0
O*NET,31.0,ValtamTech Flight Crew Log,valtamtech flight crew log,1,1,0,0
O*NET,31.0,Value Analysis,value analysis,1,1,0,0
O*NET,31.0,ValueTech Report Builder,valuetech report builder,1,1,0,0
O*NET,31.0,ValuSoft MasterCook,valusoft mastercook,4,4,0,0
O*NET,31.0,ValuSource BIZCOMPS,valusource bizcomps,2,2,0,0
O*NET,31.0,VAMP/VASP,vamp/vasp,1,1,0,0
O*NET,31.0,Vanguard Software Vanguard Sales Manager,vanguard software vanguard sales manager,2,2,0,0
O*NET,31.0,Vantage MCIF,vantage mcif,1,1,0,0
O*NET,31.0,Vantage Point Software HRA,vantage point software hra,1,1,0,0
O*NET,31.0,VantageMed ChartKeeper,vantagemed chartkeeper,2,2,0,0
O*NET,31.0,Variable frequency drive VFD software,variable frequency drive vfd software,2,2,0,0
O*NET,31.0,Varian Medical Systems,varian medical systems,1,1,0,0
O*NET,31.0,Variogram Estimation and Spatial Prediction plus Error Vesper,variogram estimation and spatial prediction plus error vesper,1,1,0,0
O*NET,31.0,Varsity ShipSoft Supply Chain Execution Suite,varsity shipsoft supply chain execution suite,1,1,0,0
O*NET,31.0,Vasont Content Management System,vasont content management system,1,1,0,0
O*NET,31.0,VASP Data Viewer,vasp data viewer,1,1,0,0
O*NET,31.0,VayTek VoxBlast,vaytek voxblast,1,1,0,0
O*NET,31.0,VBRhapsody,vbrhapsody,1,1,0,0
O*NET,31.0,VCG Pointwing,vcg pointwing,1,1,0,0
O*NET,31.0,Vebnet FIX&FLEX,vebnet fix&flex,1,1,0,0
O*NET,31.0,Vector 35 Binary Ninja,vector 35 binary ninja,1,1,0,0
O*NET,31.0,Vector CANalyzer,vector canalyzer,1,1,0,0
O*NET,31.0,Vector Canape,vector canape,1,1,0,0
O*NET,31.0,Vector CANoe,vector canoe,1,1,0,0
O*NET,31.0,Vector database software,vector database software,1,1,0,1
O*NET,31.0,Vector drawing software,vector drawing software,1,1,0,0
O*NET,31.0,Vector Fields OPERA-3d,vector fields opera-3d,1,1,0,0
O*NET,31.0,Vector Software VectorCast,vector software vectorcast,1,1,0,0
O*NET,31.0,VectorDesigner,vectordesigner,1,1,0,0
O*NET,31.0,VECTORsgi Check Management Solution,vectorsgi check management solution,1,1,0,0
O*NET,31.0,VECTORsgi Image Exchange Solution,vectorsgi image exchange solution,1,1,0,0
O*NET,31.0,VectorWorks ARCHITECT,vectorworks architect,2,2,0,0
O*NET,31.0,Vectorworks Designer,vectorworks designer,1,1,0,0
O*NET,31.0,Vectorworks Machine Design,vectorworks machine design,1,1,0,0
O*NET,31.0,Vehicle identification number VIN database,vehicle identification number vin database,1,1,0,0
O*NET,31.0,Vehicle information databases,vehicle information databases,1,1,0,0
O*NET,31.0,Vehicle inspection databases,vehicle inspection databases,1,1,0,0
O*NET,31.0,Vehicle location and tracking software,vehicle location and tracking software,1,1,0,0
O*NET,31.0,Vehicle management software,vehicle management software,3,3,0,0
O*NET,31.0,Velvet,velvet,1,1,0,0
O*NET,31.0,Vendor management system software,vendor management system software,1,1,0,0
O*NET,31.0,Ventsim,ventsim,1,1,0,0
O*NET,31.0,VERBI MAXQDA,verbi maxqda,1,1,0,0
O*NET,31.0,Verdict Systems Sanction,verdict systems sanction,1,1,0,0
O*NET,31.0,Verification software,verification software,1,1,0,0
O*NET,31.0,VeriFone PC Charge Pro,verifone pc charge pro,2,2,0,0
O*NET,31.0,Verilog,verilog,24,24,0,1
O*NET,31.0,Verispan Patient Parameters,verispan patient parameters,1,1,0,0
O*NET,31.0,Verisurf Metrology,verisurf metrology,1,1,0,0
O*NET,31.0,Veritas NetBackup,veritas netbackup,23,23,0,0
O*NET,31.0,Veritune Verituner,veritune verituner,1,1,0,0
O*NET,31.0,Verity Software House ModFit LT,verity software house modfit lt,1,1,0,0
O*NET,31.0,Verity TELEform,verity teleform,1,1,0,0
O*NET,31.0,Vernon Systems Limited Vernon CMS,vernon systems limited vernon cms,1,1,0,0
O*NET,31.0,Vero International VISI-Mould,vero international visi-mould,1,1,0,0
O*NET,31.0,Vero International VISI-Series,vero international visi-series,1,1,0,0
O*NET,31.0,Vero Software ALPHACAM,vero software alphacam,2,2,0,0
O*NET,31.0,Vero Software ALPHACAM Milling,vero software alphacam milling,1,1,0,0
O*NET,31.0,Vero Software ALPHACAM Turning,vero software alphacam turning,1,1,0,0
O*NET,31.0,Vero Software Edgecam,vero software edgecam,4,4,0,0
O*NET,31.0,Vero Software machining STRATEGIST,vero software machining strategist,1,1,0,0
O*NET,31.0,Vero Software PEPS,vero software peps,1,1,0,0
O*NET,31.0,Vero Software RADAN,vero software radan,1,1,0,0
O*NET,31.0,Vero Software SMIRTsoftware,vero software smirtsoftware,1,1,0,0
O*NET,31.0,Vero Software SURFCAM,vero software surfcam,4,4,0,0
O*NET,31.0,Vero Software VISI,vero software visi,1,1,0,0
O*NET,31.0,Vero Software WorkNC,vero software worknc,1,1,0,0
O*NET,31.0,VersaDyne small engine test system,versadyne small engine test system,1,1,0,0
O*NET,31.0,Versatile Software Systems VersaSoft Chiro,versatile software systems versasoft chiro,1,1,0,0
O*NET,31.0,Version control software,version control software,7,7,0,1
O*NET,31.0,Vertafore ImageRight,vertafore imageright,3,3,0,0
O*NET,31.0,Vertical Solutions Easy-Farm Accounting,vertical solutions easy-farm accounting,1,1,0,0
O*NET,31.0,Vertican Technologies Collection Master,vertican technologies collection master,1,1,0,0
O*NET,31.0,Very high speed integrated circuit VHSIC hardware description language VHDL simulation software,very high speed integrated circuit vhsic hardware description language vhdl simulation software,4,4,0,1
O*NET,31.0,Very high-speed integrated circuit VHSIC hardware description language VHDL,very high-speed integrated circuit vhsic hardware description language vhdl,6,6,0,0
O*NET,31.0,Vestas Wind Systems A/S Vestas Remote Panel,vestas wind systems a/s vestas remote panel,1,1,0,0
O*NET,31.0,Vestibular diagnostic software,vestibular diagnostic software,1,1,0,0
O*NET,31.0,Vestibular Technologies ScreenTRAK,vestibular technologies screentrak,1,1,0,0
O*NET,31.0,Veterinary practice management software PMS,veterinary practice management software pms,1,1,0,0
O*NET,31.0,Vetport,vetport,1,1,0,0
O*NET,31.0,VIA Information Tools MAN-IT,via information tools man-it,1,1,0,0
O*NET,31.0,Vibration analysis software,vibration analysis software,2,2,0,0
O*NET,31.0,Video analysis software,video analysis software,4,4,0,0
O*NET,31.0,Video conference software,video conference software,1,1,0,0
O*NET,31.0,Video content editing software,video content editing software,1,1,0,0
O*NET,31.0,Video decoder software,video decoder software,1,1,0,0
O*NET,31.0,Video development software,video development software,1,1,0,0
O*NET,31.0,Video digitizers,video digitizers,1,1,0,0
O*NET,31.0,Video editing software,video editing software,13,13,0,2
O*NET,31.0,Video encoder software,video encoder software,1,1,0,0
O*NET,31.0,Video file conversion software,video file conversion software,1,1,0,0
O*NET,31.0,Video game software,video game software,1,1,0,0
O*NET,31.0,Video production software,video production software,1,1,0,0
O*NET,31.0,Video retrieval systems,video retrieval systems,1,1,0,0
O*NET,31.0,Videoconferencing software,videoconferencing software,5,5,0,0
O*NET,31.0,Vienna Ab-Initio Simulation Package VASP,vienna ab-initio simulation package vasp,1,1,0,0
O*NET,31.0,Vieux & Associates Vflow,vieux & associates vflow,1,1,0,0
O*NET,31.0,Vigilant,vigilant,2,2,0,0
O*NET,31.0,Vignette Content Management,vignette content management,1,1,0,0
O*NET,31.0,Vignette Portal,vignette portal,1,1,0,0
O*NET,31.0,Viking data editor,viking data editor,1,1,0,0
O*NET,31.0,Vimeo,vimeo,2,2,0,0
O*NET,31.0,Viper Tools,viper tools,1,1,0,0
O*NET,31.0,Virage VS Archive,virage vs archive,1,1,0,0
O*NET,31.0,Virtify eCTD,virtify ectd,1,1,0,0
O*NET,31.0,Virtual Battlespace 2 VBS2,virtual battlespace 2 vbs2,1,1,0,0
O*NET,31.0,Virtual Benefits Administrator,virtual benefits administrator,1,1,0,0
O*NET,31.0,Virtual Case Management,virtual case management,1,1,0,0
O*NET,31.0,Virtual Corporation Sustainable Planner,virtual corporation sustainable planner,1,1,0,0
O*NET,31.0,Virtual Gibbs CADD/CAM,virtual gibbs cadd/cam,2,2,0,0
O*NET,31.0,Virtual instrument software,virtual instrument software,2,2,0,0
O*NET,31.0,Virtual interaction simulator software,virtual interaction simulator software,1,1,0,0
O*NET,31.0,Virtual local area network management software,virtual local area network management software,2,2,0,0
O*NET,31.0,Virtual network computing VNC software,virtual network computing vnc software,1,1,0,0
O*NET,31.0,Virtual private networking VPN software,virtual private networking vpn software,30,30,0,0
O*NET,31.0,Virtual reality computed tomography CT imaging software,virtual reality computed tomography ct imaging software,1,1,0,0
O*NET,31.0,Virtual reality game software,virtual reality game software,1,1,0,0
O*NET,31.0,Virtual reality modeling language VRML software,virtual reality modeling language vrml software,2,2,0,0
O*NET,31.0,Virtual reality software,virtual reality software,1,1,0,0
O*NET,31.0,Virtual Router Redundancy Protocol VRRP,virtual router redundancy protocol vrrp,1,1,0,0
O*NET,31.0,Virtual simulation software,virtual simulation software,1,1,0,0
O*NET,31.0,Virtual Software Virtual Timecard,virtual software virtual timecard,1,1,0,0
O*NET,31.0,Virtual Systems Mail-Shop,virtual systems mail-shop,1,1,0,0
O*NET,31.0,VirtualBoss,virtualboss,2,2,0,0
O*NET,31.0,Virus detection software,virus detection software,1,1,0,0
O*NET,31.0,Virus protection software,virus protection software,1,1,0,0
O*NET,31.0,Virus scanning software,virus scanning software,4,4,0,0
O*NET,31.0,Vis5d+,vis5d+,1,1,0,0
O*NET,31.0,Visi-Trak True-Trak 20/20,visi-trak true-trak 20/20,1,1,0,0
O*NET,31.0,Visible Razor,visible razor,2,2,0,0
O*NET,31.0,VISICU eICU Program,visicu eicu program,1,1,0,0
O*NET,31.0,Vision InfoSoft Plumbing Bid Manager,vision infosoft plumbing bid manager,1,1,0,0
O*NET,31.0,Vision Management Consulting IEP PlaNET,vision management consulting iep planet,1,1,0,0
O*NET,31.0,Vision Software,vision software,1,1,0,0
O*NET,31.0,Visionary Legal Technologies Visionary Professional,visionary legal technologies visionary professional,1,1,0,0
O*NET,31.0,Visionary Medical Systems Visionary OFFICE PM,visionary medical systems visionary office pm,2,2,0,0
O*NET,31.0,VisionScience Software Acuity Pro,visionscience software acuity pro,1,1,0,0
O*NET,31.0,Visiv SharpEye,visiv sharpeye,1,1,0,0
O*NET,31.0,Visual Computer Solutions Crossing Guard Scheduling,visual computer solutions crossing guard scheduling,1,1,0,0
O*NET,31.0,Visual electro diagnostic software,visual electro diagnostic software,1,1,0,0
O*NET,31.0,Visual Health Information The Trainer's Exercise Toolbox,visual health information the trainer's exercise toolbox,1,1,0,0
O*NET,31.0,Visual Health Information VHI PC-Kits,visual health information vhi pc-kits,1,1,0,0
O*NET,31.0,Visual Lease,visual lease,1,1,0,0
O*NET,31.0,Visual MODFLOW Pro,visual modflow pro,2,2,0,0
O*NET,31.0,Visual Molecular Dynamics VMD,visual molecular dynamics vmd,2,2,0,0
O*NET,31.0,Visual Numerics PV-WAVE,visual numerics pv-wave,2,2,0,0
O*NET,31.0,Visual Numerics TS-WAVE,visual numerics ts-wave,1,1,0,0
O*NET,31.0,Visual OTTHYMO,visual otthymo,1,1,0,0
O*NET,31.0,Visual PAMSPro,visual pamspro,1,1,0,0
O*NET,31.0,Visual Paradigm DB Visual ARCHITECT,visual paradigm db visual architect,2,2,0,0
O*NET,31.0,Visual Retail Plus,visual retail plus,2,2,0,0
O*NET,31.0,Visual Solutions VisSIM,visual solutions vissim,2,2,0,0
O*NET,31.0,Visual Statement Investigator Suite,visual statement investigator suite,1,1,0,0
O*NET,31.0,Visual Statement Vista FX3 CSI,visual statement vista fx3 csi,3,3,0,0
O*NET,31.0,Visualization Sciences Group VSG Avizo Fire,visualization sciences group vsg avizo fire,1,1,0,0
O*NET,31.0,Visualization Sciences Group VSG Open Inventor,visualization sciences group vsg open inventor,1,1,0,0
O*NET,31.0,Vitech Systems Group V3 Benefits Administration System,vitech systems group v3 benefits administration system,1,1,0,0
O*NET,31.0,Vitera Healthcare Solutions Vitera Intergy,vitera healthcare solutions vitera intergy,9,9,0,0
O*NET,31.0,Vitria M3O Operational Intelligence,vitria m3o operational intelligence,1,1,0,0
O*NET,31.0,Vivaldi Software Vivaldi Quality Management,vivaldi software vivaldi quality management,1,1,0,0
O*NET,31.0,ViziFlow,viziflow,1,1,0,0
O*NET,31.0,VLC Media Player,vlc media player,1,1,0,0
O*NET,31.0,VME PowerPC VxWorks,vme powerpc vxworks,1,1,0,0
O*NET,31.0,VMware,vmware,23,23,0,0
O*NET,31.0,VMWare ESX Server,vmware esx server,4,4,0,0
O*NET,31.0,VMWare Workstation,vmware workstation,1,1,0,0
O*NET,31.0,VocEdit,vocedit,1,1,0,0
O*NET,31.0,Vogel Scientific Software Group CALACO,vogel scientific software group calaco,1,1,0,0
O*NET,31.0,Voice activated software,voice activated software,5,5,0,0
O*NET,31.0,Voice dictation software,voice dictation software,2,2,0,0
O*NET,31.0,Voice over internet protocol VoIP system software,voice over internet protocol voip system software,21,21,0,0
O*NET,31.0,Voice picking software,voice picking software,1,1,0,0
O*NET,31.0,Voice-activated perio charting software,voice-activated perio charting software,2,2,0,0
O*NET,31.0,VoiceThread,voicethread,1,1,0,0
O*NET,31.0,Voltage SecureMail,voltage securemail,1,1,0,0
O*NET,31.0,Voltage-gated ion channels software,voltage-gated ion channels software,1,1,0,0
O*NET,31.0,Vormetric Application Encryption,vormetric application encryption,1,1,0,0
O*NET,31.0,VorTek Site Assessment of Tornado Threat SATT,vortek site assessment of tornado threat satt,1,1,0,0
O*NET,31.0,Vorum Research Corporation CANFIT-PLUS,vorum research corporation canfit-plus,2,2,0,0
O*NET,31.0,Voxco PRONTO,voxco pronto,1,1,0,0
O*NET,31.0,Voxco StatXP,voxco statxp,1,1,0,0
O*NET,31.0,VSCOnline VPMi,vsconline vpmi,1,1,0,0
O*NET,31.0,VSN International GenStat,vsn international genstat,1,1,0,0
O*NET,31.0,VSNi ASReml,vsni asreml,1,1,0,0
O*NET,31.0,VSNi GenStat,vsni genstat,1,1,0,0
O*NET,31.0,vtiger CRM,vtiger crm,2,2,0,0
O*NET,31.0,VUE Benefits Manager,vue benefits manager,1,1,0,0
O*NET,31.0,VUE Compensation Management,vue compensation management,1,1,0,0
O*NET,31.0,Vue.js,vue.js,3,3,3,1
O*NET,31.0,VueCentric MortgageDashboard,vuecentric mortgagedashboard,1,1,0,0
O*NET,31.0,Vulcan Solutions Vulcan Insurance,vulcan solutions vulcan insurance,1,1,0,0
O*NET,31.0,Vulkan Graphics API,vulkan graphics api,1,1,0,0
O*NET,31.0,VX Corporation VX Mold & Die,vx corporation vx mold & die,1,1,0,0
O*NET,31.0,W G Software Tenant File,w g software tenant file,1,1,0,0
O*NET,31.0,W-NOMINATE,w-nominate,1,1,0,0
O*NET,31.0,W3 Data BatchAppend411,w3 data batchappend411,1,1,0,0
O*NET,31.0,Wageningen MapChart,wageningen mapchart,1,1,0,0
O*NET,31.0,Waikato Environment for Knowledge Analysis Weka,waikato environment for knowledge analysis weka,1,1,0,0
O*NET,31.0,Wallingford Software InfoSewer,wallingford software infosewer,2,2,0,0
O*NET,31.0,Wallingford Software InfoWater,wallingford software infowater,1,1,0,0
O*NET,31.0,Wallingford Software InfoWorks CS,wallingford software infoworks cs,1,1,0,0
O*NET,31.0,Wallingford Software InfoWorks WS,wallingford software infoworks ws,2,2,0,0
O*NET,31.0,Walmart Retail Link,walmart retail link,1,1,0,0
O*NET,31.0,WAM software,wam software,3,3,0,0
O*NET,31.0,Ward Systems Group GeneHunter,ward systems group genehunter,3,3,0,0
O*NET,31.0,Ward Systems Group NeuralShell Predictor,ward systems group neuralshell predictor,2,2,0,0
O*NET,31.0,Ward Systems Group NeuroShell Trader,ward systems group neuroshell trader,2,2,0,0
O*NET,31.0,Warehouse management system WMS,warehouse management system wms,18,18,0,8
O*NET,31.0,Wash-Dry-Fold POS,wash-dry-fold pos,1,1,0,0
O*NET,31.0,Waste management software,waste management software,2,2,0,0
O*NET,31.0,Wastewater expert control systems,wastewater expert control systems,1,1,0,0
O*NET,31.0,Watchman Monitoring,watchman monitoring,1,1,0,0
O*NET,31.0,WatchWare Repair Shop,watchware repair shop,1,1,0,0
O*NET,31.0,Water Erosion Prediction Project WEPP,water erosion prediction project wepp,1,1,0,0
O*NET,31.0,Water flow modeling software,water flow modeling software,3,3,0,0
O*NET,31.0,Water resources databases,water resources databases,1,1,0,0
O*NET,31.0,Water Soil and Hydro-Environmental Decision Support System WATERSHEDSS,water soil and hydro-environmental decision support system watershedss,1,1,0,0
O*NET,31.0,Water surface pressure gradient WSPG software,water surface pressure gradient wspg software,1,1,0,0
O*NET,31.0,WaterFurnace International Ground Loop Design PREMIER,waterfurnace international ground loop design premier,1,1,0,0
O*NET,31.0,Waterloo Hydrogeologic AquaChem,waterloo hydrogeologic aquachem,2,2,0,0
O*NET,31.0,Waterloo Hydrogeologic AquiferTest Pro,waterloo hydrogeologic aquifertest pro,1,1,0,0
O*NET,31.0,Waterloo Hydrogeologic FlowPath II,waterloo hydrogeologic flowpath ii,1,1,0,0
O*NET,31.0,Waterloo Hydrogeologic RBC Tier 2 Analyzer,waterloo hydrogeologic rbc tier 2 analyzer,1,1,0,0
O*NET,31.0,Waterloo Hydrogeologic TACTIC,waterloo hydrogeologic tactic,1,1,0,0
O*NET,31.0,Waters Empower 2,waters empower 2,1,1,0,0
O*NET,31.0,Waters Empower Chromatography Data Software,waters empower chromatography data software,1,1,0,0
O*NET,31.0,Waters MassLynx,waters masslynx,1,1,0,0
O*NET,31.0,Waters Millennium32,waters millennium32,2,2,0,0
O*NET,31.0,Waters Q-DIS/QM LIMS,waters q-dis/qm lims,1,1,0,0
O*NET,31.0,Watershed modeling system WMS software,watershed modeling system wms software,1,1,0,0
O*NET,31.0,Watir,watir,3,3,0,0
O*NET,31.0,Watson Wyatt CompQuest On-Line,watson wyatt compquest on-line,1,1,0,0
O*NET,31.0,Watson Wyatt Global Grading System,watson wyatt global grading system,1,1,0,0
O*NET,31.0,Watson Wyatt Reward,watson wyatt reward,1,1,0,0
O*NET,31.0,Watter Hammer Software Hytran,watter hammer software hytran,1,1,0,0
O*NET,31.0,Wavefunction Spartan,wavefunction spartan,3,3,0,0
O*NET,31.0,Wavefunction Titan,wavefunction titan,1,1,0,0
O*NET,31.0,WaveMetrics IGOR Pro,wavemetrics igor pro,1,1,0,0
O*NET,31.0,WBS Goplan,wbs goplan,1,1,0,0
O*NET,31.0,WBT Systems TopClass,wbt systems topclass,1,1,0,0
O*NET,31.0,WealthCounsel WealthDocs,wealthcounsel wealthdocs,1,1,0,0
O*NET,31.0,WealthEngine Findwealth,wealthengine findwealth,1,1,0,0
O*NET,31.0,WealthTec AllocationPro,wealthtec allocationpro,1,1,0,0
O*NET,31.0,WealthTec Foundations,wealthtec foundations,1,1,0,0
O*NET,31.0,WealthTec WealthMaster,wealthtec wealthmaster,1,1,0,0
O*NET,31.0,Web application framework software,web application framework software,1,1,0,1
O*NET,31.0,Web application software,web application software,7,7,0,2
O*NET,31.0,Web Box Activity Tracing System WebBATS,web box activity tracing system webbats,1,1,0,0
O*NET,31.0,Web broswer software,web broswer software,1,1,0,0
O*NET,31.0,Web browser software,web browser software,431,431,0,4
O*NET,31.0,Web conferencing software,web conferencing software,7,7,0,0
O*NET,31.0,Web content management system CMS software,web content management system cms software,6,6,0,0
O*NET,31.0,Web design software,web design software,1,1,0,0
O*NET,31.0,Web editing software,web editing software,1,1,0,0
O*NET,31.0,Web framework software,web framework software,1,1,0,0
O*NET,31.0,Web Information Solutions Pocket Informant,web information solutions pocket informant,1,1,0,0
O*NET,31.0,Web page design and editing software,web page design and editing software,3,3,0,0
O*NET,31.0,Web page design software,web page design software,1,1,0,0
O*NET,31.0,Web Scrapbook,web scrapbook,1,1,0,0
O*NET,31.0,Web server software,web server software,8,8,0,1
O*NET,31.0,Web service definition language WDSL,web service definition language wdsl,3,3,0,0
O*NET,31.0,Web-administered databases,web-administered databases,1,1,0,0
O*NET,31.0,Web-based dispatch software,web-based dispatch software,1,1,0,0
O*NET,31.0,Web-based information systems,web-based information systems,1,1,0,0
O*NET,31.0,Web-based trading systems,web-based trading systems,1,1,0,0
O*NET,31.0,Web-Est estimating software,web-est estimating software,1,1,0,0
O*NET,31.0,web2project,web2project,1,1,0,0
O*NET,31.0,WebClarity Software BookWhere,webclarity software bookwhere,2,2,0,0
O*NET,31.0,WebEx Sales Center,webex sales center,1,1,0,0
O*NET,31.0,WebEx WebOffice,webex weboffice,2,2,0,0
O*NET,31.0,WebFOCUS,webfocus,1,1,0,0
O*NET,31.0,Webinar software,webinar software,1,1,0,0
O*NET,31.0,webpack,webpack,1,1,0,0
O*NET,31.0,WebPathLab,webpathlab,1,1,0,0
O*NET,31.0,Websense Data Loss Prevention,websense data loss prevention,2,2,0,0
O*NET,31.0,Website creation software,website creation software,1,1,0,0
O*NET,31.0,Website development software,website development software,4,4,0,0
O*NET,31.0,Website management software,website management software,1,1,0,0
O*NET,31.0,WebTrends Analytics,webtrends analytics,2,2,0,0
O*NET,31.0,Webtrends software,webtrends software,2,2,0,0
O*NET,31.0,Welford Chart Notes,welford chart notes,2,2,0,0
O*NET,31.0,Well Flow Dynamics Wellflow,well flow dynamics wellflow,1,1,0,0
O*NET,31.0,Well logging software,well logging software,1,1,0,0
O*NET,31.0,Westbrook Fortis,westbrook fortis,1,1,0,0
O*NET,31.0,Western Engravers Supply Vision EXPERT,western engravers supply vision expert,1,1,0,0
O*NET,31.0,WeVideo,wevideo,11,11,0,0
O*NET,31.0,WH Software InstaCode,wh software instacode,1,1,0,0
O*NET,31.0,WH Software MasterKey,wh software masterkey,1,1,0,0
O*NET,31.0,WhatsApp,whatsapp,1,1,0,0
O*NET,31.0,WHE Term-PAK,whe term-pak,1,1,0,0
O*NET,31.0,Wheatworks Real Estate Calculator Suite,wheatworks real estate calculator suite,1,1,0,0
O*NET,31.0,WheelShop Automation.com Wheel Shop Management Suite,wheelshop automation.com wheel shop management suite,1,1,0,0
O*NET,31.0,White Clarke North America Credit Adjudication and Lending Management,white clarke north america credit adjudication and lending management,1,1,0,0
O*NET,31.0,Whitebirch Software Projected Financials,whitebirch software projected financials,2,2,0,0
O*NET,31.0,WhiteSmoke,whitesmoke,3,3,0,0
O*NET,31.0,WhizLabs,whizlabs,1,1,0,0
O*NET,31.0,WHONET,whonet,1,1,0,0
O*NET,31.0,WiCAM PN4000,wicam pn4000,1,1,0,0
O*NET,31.0,Wide area monitoring system WAMS software,wide area monitoring system wams software,1,1,0,0
O*NET,31.0,Wide area network WAN optimization software,wide area network wan optimization software,1,1,0,0
O*NET,31.0,Wide area network WAN software,wide area network wan software,4,4,0,0
O*NET,31.0,Wide area remote control system software,wide area remote control system software,1,1,0,0
O*NET,31.0,Wide Area Workflow WAWF system,wide area workflow wawf system,1,1,0,0
O*NET,31.0,WideOrbit,wideorbit,2,2,0,0
O*NET,31.0,Widisoft WIDI Recognition System,widisoft widi recognition system,1,1,0,0
O*NET,31.0,Wiki software,wiki software,2,2,0,0
O*NET,31.0,Wilcomp Software RenWeb,wilcomp software renweb,1,1,0,0
O*NET,31.0,Wilcox Associates PC-DMIS,wilcox associates pc-dmis,1,1,0,0
O*NET,31.0,Wilcox Associates PC-DMIS Inspection Planner,wilcox associates pc-dmis inspection planner,1,1,0,0
O*NET,31.0,Wildland Fire Assessment System WFAS,wildland fire assessment system wfas,1,1,0,0
O*NET,31.0,WildPackets OmniPeek Network Analyzer,wildpackets omnipeek network analyzer,1,1,0,0
O*NET,31.0,Wilhelm Publishing Threshold,wilhelm publishing threshold,3,3,0,0
O*NET,31.0,Willoughby Associates MIMSY XG,willoughby associates mimsy xg,1,1,0,0
O*NET,31.0,Wilson's Computer Applications RealEasy Appraisals,wilson's computer applications realeasy appraisals,3,3,0,0
O*NET,31.0,Wilson's Computer Applications RealEasy Photos Plus,wilson's computer applications realeasy photos plus,1,1,0,0
O*NET,31.0,Win CE,win ce,2,2,0,0
O*NET,31.0,WinBUGS,winbugs,2,2,0,0
O*NET,31.0,Winchester Ammunition Ballistics Calculator,winchester ammunition ballistics calculator,1,1,0,0
O*NET,31.0,WinCity Custom Software WinCity Massage SOAP Notes,wincity custom software wincity massage soap notes,1,1,0,0
O*NET,31.0,WinCross,wincross,1,1,0,0
O*NET,31.0,Wind flow modeling software,wind flow modeling software,3,3,0,0
O*NET,31.0,Wind River Systems C/C++ Compiler Suite,wind river systems c/c++ compiler suite,1,1,0,0
O*NET,31.0,Wind River Systems VxWorks,wind river systems vxworks,2,2,0,0
O*NET,31.0,Wind River VxWorks,wind river vxworks,2,2,0,0
O*NET,31.0,Windent OMS,windent oms,1,1,0,0
O*NET,31.0,Windent SQL,windent sql,1,1,0,0
O*NET,31.0,WindowBook Postal Package Partner,windowbook postal package partner,1,1,0,0
O*NET,31.0,Windows Embedded Compact,windows embedded compact,2,2,0,0
O*NET,31.0,Windows kernel debuggers,windows kernel debuggers,2,2,0,0
O*NET,31.0,Windows Media Player,windows media player,1,1,0,0
O*NET,31.0,Windows Media Services,windows media services,1,1,0,0
O*NET,31.0,WindSim,windsim,1,1,0,0
O*NET,31.0,Windward Software Windward System Five,windward software windward system five,1,1,0,0
O*NET,31.0,Windward Technologies GRG2,windward technologies grg2,1,1,0,0
O*NET,31.0,WinEPIC,winepic,1,1,0,0
O*NET,31.0,WinEstimator WinEst,winestimator winest,4,4,0,0
O*NET,31.0,WinGap,wingap,2,2,0,0
O*NET,31.0,WINGRIDDS,wingridds,1,1,0,0
O*NET,31.0,WinMan SureSell,winman suresell,2,2,0,0
O*NET,31.0,WinMerge,winmerge,1,1,0,0
O*NET,31.0,Winners Programs BirdStud,winners programs birdstud,1,1,0,0
O*NET,31.0,Winners Programs Uni-Stud,winners programs uni-stud,1,1,0,0
O*NET,31.0,WinOcular,winocular,1,1,0,0
O*NET,31.0,WinSpice,winspice,1,1,0,0
O*NET,31.0,Winsteps,winsteps,1,1,0,0
O*NET,31.0,Wintac Pro,wintac pro,3,3,0,0
O*NET,31.0,WinTR-55,wintr-55,1,1,0,0
O*NET,31.0,WiredRed Software e/pop Basic,wiredred software e/pop basic,1,1,0,0
O*NET,31.0,Wireshark,wireshark,28,28,0,0
O*NET,31.0,Wisconsin Physicians Service Insurance CMS Secure Net Access Portal C-SNAP,wisconsin physicians service insurance cms secure net access portal c-snap,1,1,0,0
O*NET,31.0,WisdomForce DatabaseSync System,wisdomforce databasesync system,2,2,0,0
O*NET,31.0,Wise Solutions Wise for Windows Installer,wise solutions wise for windows installer,1,1,0,0
O*NET,31.0,WizSoft WizRule,wizsoft wizrule,1,1,0,0
O*NET,31.0,WizSoft WizWhy,wizsoft wizwhy,1,1,0,0
O*NET,31.0,Wolfel IMMI,wolfel immi,1,1,0,0
O*NET,31.0,Wolfram Research Derivatives,wolfram research derivatives,2,2,0,0
O*NET,31.0,Wolfram Research Mathematica,wolfram research mathematica,30,30,0,0
O*NET,31.0,Wolfram Research Mathematica Finance Essentials,wolfram research mathematica finance essentials,2,2,0,0
O*NET,31.0,Wolfram Research Mathematica UnRisk Pricing Engine,wolfram research mathematica unrisk pricing engine,2,2,0,0
O*NET,31.0,Woll2Woll InfoPower Studio,woll2woll infopower studio,1,1,0,0
O*NET,31.0,Wolters Kluwer Financial Services ComplianceOne,wolters kluwer financial services complianceone,1,1,0,0
O*NET,31.0,Wolters Kluwer Loislaw,wolters kluwer loislaw,1,1,0,0
O*NET,31.0,Wonderware software,wonderware software,4,4,0,0
O*NET,31.0,Woodward MotoTron Control Solutions MotoHawk,woodward mototron control solutions motohawk,1,1,0,0
O*NET,31.0,WoodWing,woodwing,1,1,0,0
O*NET,31.0,Word recognition software,word recognition software,1,1,0,0
O*NET,31.0,WordPerfect,wordperfect,2,2,0,0
O*NET,31.0,WordPress,wordpress,21,21,21,4
O*NET,31.0,Words+ E Z Keys for Windows,words+ e z keys for windows,1,1,0,0
O*NET,31.0,WordWeb,wordweb,1,1,0,0
O*NET,31.0,Work inspection software,work inspection software,1,1,0,0
O*NET,31.0,Work order management software,work order management software,1,1,0,0
O*NET,31.0,Work order software,work order software,3,3,0,0
O*NET,31.0,Work record software,work record software,1,1,0,0
O*NET,31.0,Work scheduling software,work scheduling software,25,25,0,0
O*NET,31.0,Work Technology WorkTech Time,work technology worktech time,3,3,0,0
O*NET,31.0,Work time accounting software,work time accounting software,1,1,0,0
O*NET,31.0,Work time tracking software,work time tracking software,1,1,0,0
O*NET,31.0,Workbrain Employee Scheduling,workbrain employee scheduling,2,2,0,0
O*NET,31.0,Workbrain Time and Attendance,workbrain time and attendance,2,2,0,0
O*NET,31.0,Workcell simulation software,workcell simulation software,1,1,0,0
O*NET,31.0,Workday software,workday software,13,13,13,6
O*NET,31.0,Workflow International Deskflow Enterprise,workflow international deskflow enterprise,1,1,0,0
O*NET,31.0,Workflow software,workflow software,3,3,0,0
O*NET,31.0,Workforce management software,workforce management software,1,1,0,0
O*NET,31.0,Workforce management system software,workforce management system software,1,1,0,0
O*NET,31.0,WorkForce Software EmpCenter Time and Attendance,workforce software empcenter time and attendance,3,3,0,0
O*NET,31.0,WorkingArtist Systems WorkingArtist,workingartist systems workingartist,1,1,0,0
O*NET,31.0,Workscape HR Service Center,workscape hr service center,1,1,0,0
O*NET,31.0,Workscape Outsourced Employee Benefits Administration,workscape outsourced employee benefits administration,1,1,0,0
O*NET,31.0,WorkSchedule.net,workschedule.net,1,1,0,0
O*NET,31.0,WorkTech MAXIMO,worktech maximo,3,3,0,0
O*NET,31.0,WORLD Electronics Freedomware,world electronics freedomware,1,1,0,0
O*NET,31.0,World Health Organization HealthMapper,world health organization healthmapper,1,1,0,0
O*NET,31.0,World Software Corporation Worldox,world software corporation worldox,2,2,0,0
O*NET,31.0,World Vector Shoreline,world vector shoreline,1,1,0,0
O*NET,31.0,WorldAPP KeySurvey Suite,worldapp keysurvey suite,1,1,0,0
O*NET,31.0,WorldCat,worldcat,3,3,0,0
O*NET,31.0,Worldspan Go!,worldspan go!,1,1,0,0
O*NET,31.0,Worldwide Instructional Design System WIDS,worldwide instructional design system wids,1,1,0,0
O*NET,31.0,WorthMORE Software CaseWORTH,worthmore software caseworth,1,1,0,0
O*NET,31.0,Wrike,wrike,1,1,0,0
O*NET,31.0,Write Brothers Dramatica,write brothers dramatica,1,1,0,0
O*NET,31.0,WriteWay Pro,writeway pro,1,1,0,0
O*NET,31.0,WRSHealth EMR,wrshealth emr,9,9,0,0
O*NET,31.0,WSI Titan,wsi titan,1,1,0,0
O*NET,31.0,WSI TrueView Professional,wsi trueview professional,1,1,0,0
O*NET,31.0,Wusik Wusikstation VSTi,wusik wusikstation vsti,1,1,0,0
O*NET,31.0,Wyndgate Technologies ElDorado Donor,wyndgate technologies eldorado donor,1,1,0,0
O*NET,31.0,Wyndgate Technologies SafeTrace,wyndgate technologies safetrace,1,1,0,0
O*NET,31.0,X.25 Protocol,x.25 protocol,1,1,0,0
O*NET,31.0,Xactly Compel,xactly compel,1,1,0,0
O*NET,31.0,Xactware Xactimate,xactware xactimate,6,6,0,1
O*NET,31.0,Xara Designer Pro,xara designer pro,3,3,0,0
O*NET,31.0,Xara Designer Pro X,xara designer pro x,1,1,0,0
O*NET,31.0,XATA XATANET,xata xatanet,1,1,0,0
O*NET,31.0,Xcircuit,xcircuit,2,2,0,0
O*NET,31.0,Xcode,xcode,3,3,0,0
O*NET,31.0,Xerceo Learn,xerceo learn,2,2,0,0
O*NET,31.0,Xerces2 Java Parser,xerces2 java parser,1,1,0,0
O*NET,31.0,Xerox DocuShare,xerox docushare,1,1,0,0
O*NET,31.0,Xerox FreeFlow Print Server,xerox freeflow print server,1,1,0,0
O*NET,31.0,Xerox Government systems FIREHOUSE Software,xerox government systems firehouse software,1,1,0,0
O*NET,31.0,Xerox ProfitQuick,xerox profitquick,1,1,0,0
O*NET,31.0,Xfig,xfig,1,1,0,0
O*NET,31.0,XGBoost,xgboost,1,1,0,0
O*NET,31.0,XGobi,xgobi,1,1,0,0
O*NET,31.0,XIFIN,xifin,1,1,0,0
O*NET,31.0,Xilinx Integrated Software Environment ISE,xilinx integrated software environment ise,1,1,0,0
O*NET,31.0,Xilinx ISE Foundation,xilinx ise foundation,1,1,0,0
O*NET,31.0,Xilinx ModelSim,xilinx modelsim,1,1,0,0
O*NET,31.0,Xilinx Synthesis Technology XST,xilinx synthesis technology xst,1,1,0,0
O*NET,31.0,Xilinx TMRTool,xilinx tmrtool,1,1,0,0
O*NET,31.0,Xitona Software Voice Composer,xitona software voice composer,1,1,0,0
O*NET,31.0,XLISP-STAT,xlisp-stat,1,1,0,0
O*NET,31.0,XMetaL Author,xmetal author,1,1,0,0
O*NET,31.0,XML authoring software,xml authoring software,1,1,0,0
O*NET,31.0,XML Path Language XPATH,xml path language xpath,2,2,0,0
O*NET,31.0,XML User Interface XUI,xml user interface xui,1,1,0,0
O*NET,31.0,XNAT,xnat,1,1,0,0
O*NET,31.0,XP Software XPSWMM,xp software xpswmm,3,3,0,0
O*NET,31.0,Xperts iep.online,xperts iep.online,1,1,0,0
O*NET,31.0,Xplanner,xplanner,1,1,0,0
O*NET,31.0,xQuery,xquery,1,1,0,0
O*NET,31.0,XT Software energyXT,xt software energyxt,1,1,0,0
O*NET,31.0,xv,xv,1,1,0,0
O*NET,31.0,XY Soft Sheet Cutting Suite,xy soft sheet cutting suite,1,1,0,0
O*NET,31.0,Xyleme Learning Content Management System LCMS,xyleme learning content management system lcms,2,2,0,0
O*NET,31.0,Xythos Enterprise Document Management Suite,xythos enterprise document management suite,1,1,0,0
O*NET,31.0,Yahoo! Email,yahoo! email,2,2,0,0
O*NET,31.0,Yardi software,yardi software,32,32,32,2
O*NET,31.0,Yardi Systems Yardi Enterprise,yardi systems yardi enterprise,3,3,0,0
O*NET,31.0,Yardi Systems Yardi Voyager Commercial,yardi systems yardi voyager commercial,2,2,0,0
O*NET,31.0,"Yardi Systems Yardi Voyager Condo, Co-op, and HOA","yardi systems yardi voyager condo, co-op, and hoa",1,1,0,0
O*NET,31.0,Yardi Systems Yardi Voyager Residential,yardi systems yardi voyager residential,1,1,0,0
O*NET,31.0,Yet another scientific artificial reality application YASARA software,yet another scientific artificial reality application yasara software,1,1,0,0
O*NET,31.0,Yield management systems,yield management systems,1,1,0,0
O*NET,31.0,yieldWerx,yieldwerx,1,1,0,0
O*NET,31.0,Yocum & McKee The Complete AAP,yocum & mckee the complete aap,1,1,0,0
O*NET,31.0,Yokogawa FAST/TOOLS,yokogawa fast/tools,1,1,0,0
O*NET,31.0,Yost Engineering ABN Assistant,yost engineering abn assistant,1,1,0,0
O*NET,31.0,Yost Engineering ClaimScrub,yost engineering claimscrub,1,1,0,0
O*NET,31.0,Yost Engineering CodeSearch Pro,yost engineering codesearch pro,1,1,0,0
O*NET,31.0,Yost Engineering EpiCoder,yost engineering epicoder,1,1,0,0
O*NET,31.0,Yost Engineering EPStaffCheck,yost engineering epstaffcheck,1,1,0,0
O*NET,31.0,Young Mania Rating Scale,young mania rating scale,1,1,0,0
O*NET,31.0,YourKit Java Profiler,yourkit java profiler,1,1,0,0
O*NET,31.0,YouTube,youtube,74,74,0,0
O*NET,31.0,z-Tree,z-tree,2,2,0,0
O*NET,31.0,Zabbix,zabbix,4,4,0,0
O*NET,31.0,ZedX AgFleet,zedx agfleet,1,1,0,0
O*NET,31.0,Zemax,zemax,2,2,0,1
O*NET,31.0,ZEMAX Optical Design Program,zemax optical design program,1,1,0,0
O*NET,31.0,Zend Framework,zend framework,2,2,0,0
O*NET,31.0,Zephyr EXTRA! Terminal Emulation,zephyr extra! terminal emulation,1,1,0,0
O*NET,31.0,Ziatek RoofDraw,ziatek roofdraw,2,2,0,0
O*NET,31.0,Ziiva Prosperity LMS,ziiva prosperity lms,2,2,0,0
O*NET,31.0,zkipster,zkipster,2,2,0,0
O*NET,31.0,Zmanda Amanda,zmanda amanda,1,1,0,0
O*NET,31.0,Zocalo,zocalo,1,1,0,0
O*NET,31.0,Zoho Projects,zoho projects,1,1,0,0
O*NET,31.0,Zoho WebNMS Cell Tower Manager,zoho webnms cell tower manager,1,1,0,0
O*NET,31.0,Zoller,zoller,1,1,0,0
O*NET,31.0,Zone modeling software,zone modeling software,1,1,0,0
O*NET,31.0,Zoom,zoom,52,52,52,7
O*NET,31.0,Zoomerang,zoomerang,1,1,0,0
O*NET,31.0,ZoomWare Screen Magnifier,zoomware screen magnifier,1,1,0,0
O*NET,31.0,Zuken CADSTAR,zuken cadstar,1,1,0,0
O*NET,31.0,Zuken E3.schematic,zuken e3.schematic,1,1,0,0
O*NET,31.0,Zuken electrical design software,zuken electrical design software,1,1,0,0
O*NET,31.0,Zung Depression Rating Scale,zung depression rating scale,1,1,0,0
O*NET,31.0,Zylab ZyImage,zylab zyimage,1,1,0,0
O*NET,31.0,ZynAddSubFX,zynaddsubfx,1,1,0,0
O*NET,31.0,ZYTO LSA Pro,zyto lsa pro,1,1,0,0
